x,y,z,time
-0.107947083644,0.0294755782149,-0.0806599320186,0.0
-0.107947083644,0.0294755782149,-0.0806599320186,0.0
-0.0969922314483,0.0210003086901,-0.0699817143453,0.02
-0.07306183294,0.0130842224583,-0.0567312698188,0.04
-0.0487947729995,0.0253849956352,-0.0398899061595,0.06
-0.0436682437117,0.0120151894433,-0.0321611389673,0.08
-0.0349981024556,0.0152598144063,-0.0182010771674,0.1
-0.0286235562294,0.0145963873692,-0.0103886353431,0.12
-0.0235442989423,0.0126745608127,-0.00292502755858,0.14
-0.0211127810125,0.0115556176399,-0.00122488001162,0.16
-0.0176937722875,0.0109254152477,0.0015880483091,0.18
-0.0148993226423,0.0104043108257,0.00399078463453,0.2
-0.0130223821627,0.00950159979238,0.0050800880237,0.22
-0.0115654515618,0.00889507507104,0.00587301203379,0.24
-0.0104595477363,0.00828203966801,0.0061601043595,0.26
-0.00950476646536,0.00774723115996,0.00629064561608,0.28
-0.00872177791737,0.00729346718297,0.00618346893952,0.3
-0.00793414177548,0.00689660553003,0.00610610078285,0.32
-0.00729088224685,0.00647546089937,0.00586602728022,0.34
-0.00674070749504,0.00606200256879,0.00565166151333,0.36
-0.00614978932653,0.00583374951321,0.00560997936124,0.38
-0.00563177942769,0.0055088935265,0.00529693217601,0.4
-0.00524497116217,0.00523811138986,0.00523072185542,0.42
-0.00480374822913,0.00496900256024,0.00500711755257,0.44
-0.00452429925744,0.00475578330644,0.00492045177013,0.46
-0.00417108881277,0.00449673994679,0.00473997953045,0.48
-0.00389371009557,0.00432950801559,0.00465232656659,0.5
-0.00362483165312,0.00412960582595,0.00453206704208,0.52
-0.00335251557671,0.00396098321196,0.00442748427943,0.54
-0.00307586968676,0.00379169600663,0.00433868537421,0.56
-0.00289480861988,0.00361949458711,0.00426311461317,0.58
-0.00271431272234,0.00346295319393,0.00418733762358,0.6
-0.00253860219644,0.00330600843031,0.00409511844124,0.62
-0.00235912283031,0.00318095024152,0.00401891632805,0.64
-0.00227511554149,0.00305368019157,0.00395636381147,0.66
-0.00208666023041,0.00292805811704,0.0039124247899,0.68
-0.00200836430345,0.00284894091336,0.00383336738057,0.7
-0.00182909140364,0.00270661018815,0.00375655400202,0.72
-0.00172806196954,0.00264341694146,0.00375888819714,0.74
-0.00164972432751,0.00254769133358,0.00367955273286,0.76
-0.00157099474143,0.00241937247687,0.00360013686539,0.78
-0.00147054945271,0.00238836998069,0.00360235706774,0.8
-0.00148797999098,0.00230713846294,0.00353697447862,0.82
-0.00139175831178,0.00224353278869,0.00352280278715,0.84
-0.00130000356921,0.00216358021273,0.00349224528673,0.86
-0.00121337635834,0.00211608039589,0.00344526059015,0.88
-0.00121274899839,0.00206725042782,0.00344527382941,0.9
-0.00113063127343,0.00200337348405,0.00338184920322,0.92
-0.00113470835082,0.0019545130909,0.00336547472887,0.94
-0.0010479887951,0.00189052560115,0.00331836257336,0.96
-0.0010476140266,0.00185793175659,0.0033183701822,0.98
-0.000961126115839,0.00181015082802,0.00327119731508,1.0
-0.000960767418826,0.00177753680132,0.00327120448997,1.02
-0.000874316638945,0.00172967560852,0.00322397494926,1.04
-0.00087849160034,0.00168072428163,0.00320757264116,1.06
-0.000882846845536,0.00164808997939,0.00319116721549,1.08
-0.000796457118458,0.00160011838715,0.00314386332157,1.1
-0.00080083485268,0.0015674639235,0.0031274492517,1.12
-0.000795984517319,0.00155113666807,0.00314387239662,1.14
-0.000809765837514,0.00151848211086,0.00309461910608,1.16
-0.000709636923825,0.00150307479642,0.00309651176791,1.18
-0.000723295869233,0.00145406280377,0.00304723502392,1.2
-0.00072315130483,0.00143772544359,0.00304723771313,1.22
-0.00073227691327,0.00140505068026,0.00301438851468,1.24
-0.000632157788107,0.0013895632672,0.00301623091451,1.26
-0.000641299231533,0.00135686842076,0.00298336328579,1.28
-0.0006411643844,0.00134052097711,0.00298336574028,1.3
-0.000650453785224,0.00132417352005,0.0029504973134,1.32
-0.000655035978337,0.00130782604975,0.00293406494997,1.34
-0.000559512021848,0.00127591106217,0.00291941513861,1.36
-0.000568820673971,0.00125955355343,0.00288653021554,1.38
-0.000573415724779,0.00124319603209,0.00287008952339,1.4
-0.00057801405492,0.00122683849831,0.00285364924986,1.42
-0.000577892207395,0.00121048095227,0.00285365137022,1.44
-0.000587220553067,0.00119412339413,0.00282076996127,1.46
-0.000482513080351,0.00119485338764,0.00283894134309,1.48
-0.000491845932758,0.00117848581782,0.00280604081986,1.5
-0.000496457137917,0.00116211823621,0.00278959223027,1.52
-0.000496341761146,0.00114575064298,0.00278959419186,1.54
-0.000505689391687,0.0011293830383,0.00275669631726,1.56
-0.000505689391687,0.0011293830383,0.00275669631726,1.58
-0.000515045237771,0.00111301542231,0.00272380026293,1.6
-0.000419797604029,0.00111369541707,0.00270900189125,1.62
-0.000424424990939,0.00109731779019,0.00269254592084,1.64
-0.000424316092688,0.00108094015233,0.00269254770693,1.66
-0.000433796874597,0.00108094015233,0.00265963351812,1.68
-0.000433689613541,0.00106456250367,0.0026596352559,1.7
-0.000447923128235,0.00106456250367,0.00261026749744,1.72
-0.000452565300055,0.00104818484436,0.00259381419613,1.74
-0.000452565300055,0.00104818484436,0.00259381419613,1.76
-0.000352475779421,0.0010324371704,0.00259539574217,1.78
-0.000357225063077,0.0010324371704,0.00257893122719,1.8
-0.00036197599316,0.0010324371704,0.00256246718723,1.82
-0.000366626157594,0.00101604949048,0.00254600520996,1.84
-0.000371380380232,0.00101604949048,0.00252954211027,1.86
-0.000376035475387,0.000999661800404,0.00251308102805,1.88
-0.000376035475387,0.000999661800404,0.00251308102805,1.9
-0.000380792990397,0.000999661800404,0.00249661886946,1.92
-0.000385552151598,0.000999661800404,0.0024801571867,1.94
-0.000385453016106,0.000983274100331,0.00248015868376,1.96
-0.000294989176686,0.000983874096731,0.00244872664463,1.98
-0.000294989176686,0.000983874096731,0.00244872664463,2.0
-0.0002996555707,0.000967476387002,0.00243225782568,2.02
-0.000304421168411,0.000967476387002,0.0024157880295,2.04
-0.000304421168411,0.000967476387002,0.0024157880295,2.06
-0.000313957304653,0.000967476387002,0.00238284986724,2.08
-0.000313861386984,0.000951078667598,0.00238285125815,2.1
-0.000318631925281,0.000951078667598,0.0023663828828,2.12
-0.000323404110392,0.000951078667598,0.00234991498459,2.14
-0.000328177942268,0.000951078667598,0.00233344756367,2.16
-0.000328177942268,0.000951078667598,0.00233344756367,2.18
-0.000232870706925,0.000935250935597,0.00231839188002,2.2
-0.000232870706925,0.000935250935597,0.00231839188002,2.22
-0.000242426323828,0.000935250935597,0.00228543940961,2.24
-0.000237647691564,0.000935250935597,0.00230191540593,2.26
-0.000247206603667,0.000935250935597,0.00226896389125,2.28
-0.00025677210588,0.000935250935597,0.00223601428901,2.3
-0.000247206603667,0.000935250935597,0.00226896389125,2.32
-0.00026155732816,0.000935250935597,0.00221954020547,2.34
-0.000266344197823,0.000935250935597,0.00220306660053,2.36
-0.00025677210588,0.000935250935597,0.00223601428901,2.38
-0.00026155732816,0.000935250935597,0.00221954020547,2.4
-0.000271040018316,0.000918843197495,0.0021865947073,2.42
-0.000275922879113,0.000935250935597,0.00217012082713,2.44
-0.00028062199389,0.000918843197495,0.00215364987339,2.46
-0.000185425470236,0.000919403194568,0.00213847811825,2.48
-0.000185425470236,0.000919403194568,0.00213847811825,2.5
-0.000185425470236,0.000919403194568,0.00213847811825,2.52
-0.000190220446489,0.000919403194568,0.00212199690053,2.54
-0.00019501707084,0.000919403194568,0.00210551616239,2.56
-0.00019501707084,0.000919403194568,0.00210551616239,2.58
-0.00019981534324,0.000919403194568,0.002089035904,2.6
-0.000204615263643,0.000919403194568,0.00207255612551,2.62
-0.000214128935835,0.000902985447432,0.00203959913879,2.64
-0.000214220048262,0.000919403194568,0.00203959800894,2.66
-0.000209416831999,0.000919403194568,0.00205607682711,2.68
-0.000219024912382,0.000919403194568,0.00202311967117,2.7
-0.000219024912382,0.000919403194568,0.00202311967117,2.72
-0.00022374031166,0.000902985447432,0.0020066429256,2.74
-0.00022374031166,0.000902985447432,0.0020066429256,2.76
-0.000128557304037,0.000903535444659,0.0019913754922,2.78
-0.000133366990837,0.000903535444659,0.0019748885884,2.8
-0.000133366990837,0.000903535444659,0.0019748885884,2.82
-0.000142991310388,0.000903535444659,0.00194191622412,2.84
-0.000133366990837,0.000903535444659,0.0019748885884,2.86
-0.000138178326303,0.000903535444659,0.00195840216565,2.88
-0.000147805943042,0.000903535444659,0.00192543076397,2.9
-0.000147805943042,0.000903535444659,0.00192543076397,2.92
-0.000152622224219,0.000903535444659,0.00190894578537,2.94
-0.000152622224219,0.000903535444659,0.00190894578537,2.96
-0.000157440153869,0.000903535444659,0.00189246128847,2.98
-0.000162259731945,0.000903535444659,0.00187597727345,3.0
-0.000162259731945,0.000903535444659,0.00187597727345,3.02
-0.000167080958399,0.000903535444659,0.00185949374047,3.04
-0.000167080958399,0.000903535444659,0.00185949374047,3.06
-0.000171903833181,0.000903535444659,0.0018430106897,3.08
-0.000181554527541,0.000903535444659,0.00181004603542,3.1
-0.000181554527541,0.000903535444659,0.00181004603542,3.12
-8.15620898844e-05,0.000904085441886,0.0018111459966,3.14
-8.63897998689e-05,0.000904085441886,0.00179465439419,3.16
-8.63897998689e-05,0.000904085441886,0.00179465439419,3.18
-9.12191589895e-05,0.000904085441886,0.00177816327462,3.2
-9.12191589895e-05,0.000904085441886,0.00177816327462,3.22
-9.60501671979e-05,0.000904085441886,0.00176167263807,3.24
-0.000105717130685,0.000904085441886,0.00172869281469,3.26
-9.12191589895e-05,0.000904085441886,0.00177816327462,3.28
-0.000110553085867,0.000904085441886,0.00171220362819,3.3
-0.000105717130685,0.000904085441886,0.00172869281469,3.32
-0.000110553085867,0.000904085441886,0.00171220362819,3.34
-0.000110553085867,0.000904085441886,0.00171220362819,3.36
-0.000115390689943,0.000904085441886,0.00169571492536,3.38
-0.000110553085867,0.000904085441886,0.00171220362819,3.4
-0.000125070844586,0.000904085441886,0.00166273897141,3.42
-0.000125070844586,0.000904085441886,0.00166273897141,3.44
-0.000129913395055,0.000904085441886,0.00164625172061,3.46
-0.000125070844586,0.000904085441886,0.00166273897141,3.48
-0.000129913395055,0.000904085441886,0.00164625172061,3.5
-0.000134757594225,0.000904085441886,0.00162976495414,3.52
-0.000134757594225,0.000904085441886,0.00162976495414,3.54
-3.96097564332e-05,0.000904635439114,0.00161425864167,3.56
-4.44571553629e-05,0.000904635439114,0.001597762845,3.58
-3.47640071074e-05,0.000904635439114,0.001630754923,3.6
-4.9306203848e-05,0.000904635439114,0.00158126753316,3.62
-5.41569018401e-05,0.000904635439114,0.0015647727063,3.64
-4.9306203848e-05,0.000904635439114,0.00158126753316,3.66
-4.9306203848e-05,0.000904635439114,0.00158126753316,3.68
-5.41569018401e-05,0.000904635439114,0.0015647727063,3.7
-5.90092492906e-05,0.000904635439114,0.00154827836459,3.72
-6.3863246151e-05,0.000904635439114,0.0015317845082,3.74
-5.41569018401e-05,0.000904635439114,0.0015647727063,3.76
-6.87188923728e-05,0.000904635439114,0.0015152911373,3.78
-6.3863246151e-05,0.000904635439114,0.0015317845082,3.8
-7.35761879074e-05,0.000904635439114,0.00149879825204,3.82
-6.3863246151e-05,0.000904635439114,0.0015317845082,3.84
-7.84351327062e-05,0.000904635439114,0.00148230585259,3.86
-7.84351327062e-05,0.000904635439114,0.00148230585259,3.88
-8.32957267206e-05,0.000904635439114,0.00146581393912,3.9
-8.32957267206e-05,0.000904635439114,0.00146581393912,3.92
-8.32957267206e-05,0.000904635439114,0.00146581393912,3.94
-8.81579699022e-05,0.000904635439114,0.00144932251179,3.96
-7.85264149404e-05,0.000921083185788,0.00148230503103,3.98
-9.30218622021e-05,0.000904635439114,0.00143283157077,4.0
-9.31131446787e-05,0.000921083185788,0.00143283077659,4.02
-9.30218622021e-05,0.000904635439114,0.00143283157077,4.04
6.88150290859e-06,0.000921643182861,0.00143370075197,4.06
2.10738601072e-06,0.000905185436341,0.00141720109261,4.08
-2.75971888242e-06,0.000905185436341,0.00140070112521,4.1
-7.62847374799e-06,0.000905185436341,0.00138420164461,4.12
6.88150290859e-06,0.000921643182861,0.00143370075197,4.14
-1.24988785372e-05,0.000905185436341,0.00136770265096,4.16
-7.62847374799e-06,0.000905185436341,0.00138420164461,4.18
-1.73709332016e-05,0.000905185436341,0.00135120414444,4.2
-1.73709332016e-05,0.000905185436341,0.00135120414444,4.22
-1.25902168221e-05,0.000921643182861,0.00136770189284,4.24
-2.22446376921e-05,0.000905185436341,0.0013347061252,4.26
-2.71199919603e-05,0.000905185436341,0.00131820859342,4.28
-1.25902168221e-05,0.000921643182861,0.00136770189284,4.3
-2.22446376921e-05,0.000905185436341,0.0013347061252,4.32
-2.23359761267e-05,0.000921643182861,0.00133470538535,4.34
-2.71199919603e-05,0.000905185436341,0.00131820859342,4.36
-3.68756496342e-05,0.000905185436341,0.00128521499287,4.38
-2.23359761267e-05,0.000921643182861,0.00133470538535,4.4
-4.18472916656e-05,0.000921643182861,0.00126871822112,4.42
-5.16128471193e-05,0.000921643182861,0.00123572756702,4.44
-4.17559529424e-05,0.000905185436341,0.00126871892444,4.46
-4.6637905833e-05,0.000905185436341,0.00125222334412,4.48
-4.18472916656e-05,0.000921643182861,0.00126871822112,4.5
-5.16128471193e-05,0.000921643182861,0.00123572756702,4.52
-5.16128471193e-05,0.000921643182861,0.00123572756702,4.54
-4.18472916656e-05,0.000921643182861,0.00126871822112,4.56
-5.64980990964e-05,0.000921643182861,0.00121923297256,4.58
-6.13850005085e-05,0.000921643182861,0.0012027388667,4.6
-6.13850005085e-05,0.000921643182861,0.0012027388667,4.62
-6.13850005085e-05,0.000921643182861,0.0012027388667,4.64
-6.13850005085e-05,0.000921643182861,0.0012027388667,4.66
3.86107670492e-05,0.000922203179934,0.00120346884877,4.68
3.37222887491e-05,0.000922203179934,0.0011869652321,4.7
3.86107670492e-05,0.000922203179934,0.00120346884877,4.72
2.88321601119e-05,0.000922203179934,0.00117046210437,4.74
2.39403811863e-05,0.000922203179934,0.00115395946572,4.76
3.37222887491e-05,0.000922203179934,0.0011869652321,4.78
2.39403811863e-05,0.000922203179934,0.00115395946572,4.8
2.39403811863e-05,0.000922203179934,0.00115395946572,4.82
1.90469520213e-05,0.000922203179934,0.00113745731634,4.84
2.88321601119e-05,0.000922203179934,0.00117046210437,4.86
1.41518726659e-05,0.000922203179934,0.00112095565639,4.88
1.41518726659e-05,0.000922203179934,0.00112095565639,4.9
1.90469520213e-05,0.000922203179934,0.00113745731634,4.92
1.41518726659e-05,0.000922203179934,0.00112095565639,4.94
1.90469520213e-05,0.000922203179934,0.00113745731634,4.96
9.25514316893e-06,0.000922203179934,0.00110445448602,4.98
9.25514316893e-06,0.000922203179934,0.00110445448602,5.0
9.25514316893e-06,0.000922203179934,0.00110445448602,5.02
9.25514316893e-06,0.000922203179934,0.00110445448602,5.04
4.35676357941e-06,0.000922203179934,0.00108795380542,5.06
4.35676357941e-06,0.000922203179934,0.00108795380542,5.08
4.35676357941e-06,0.000922203179934,0.00108795380542,5.1
-5.43266053643e-07,0.000922203179934,0.00107145361473,5.12
-5.43266053643e-07,0.000922203179934,0.00107145361473,5.14
4.35676357941e-06,0.000922203179934,0.00108795380542,5.16
-5.44494568128e-06,0.000922203179934,0.00105495391412,5.18
-5.44494568128e-06,0.000922203179934,0.00105495391412,5.2
-5.44494568128e-06,0.000922203179934,0.00105495391412,5.22
-1.03482752545e-05,0.000922203179934,0.00103845470377,5.24
-1.03482752545e-05,0.000922203179934,0.00103845470377,5.26
-1.03482752545e-05,0.000922203179934,0.00103845470377,5.28
-1.52532547242e-05,0.000922203179934,0.00102195598383,5.3
-1.52532547242e-05,0.000922203179934,0.00102195598383,5.32
-2.01598840414e-05,0.000922203179934,0.00100545775448,5.34
-1.52532547242e-05,0.000922203179934,0.00102195598383,5.36
-2.01598840414e-05,0.000922203179934,0.00100545775448,5.38
-2.50681631569e-05,0.000922203179934,0.000988960015865,5.4
-1.03482752545e-05,0.000922203179934,0.00103845470377,5.42
-2.99780920218e-05,0.000922203179934,0.000972462768164,5.44
-3.4889670587e-05,0.000922203179934,0.000955966011539,5.46
-3.4889670587e-05,0.000922203179934,0.000955966011539,5.48
-3.4889670587e-05,0.000922203179934,0.000955966011539,5.5
6.51070794483e-05,0.000922763177007,0.000956545999193,5.52
6.01939087308e-05,0.000922763177007,0.000940039734129,5.54
6.01939087308e-05,0.000922763177007,0.000940039734129,5.56
6.51070794483e-05,0.000922763177007,0.000956545999193,5.58
6.01939087308e-05,0.000922763177007,0.000940039734129,5.6
6.01939087308e-05,0.000922763177007,0.000940039734129,5.62
6.01939087308e-05,0.000922763177007,0.000940039734129,5.64
5.52790874115e-05,0.000922763177007,0.000923533960466,5.66
6.51070794483e-05,0.000922763177007,0.000956545999193,5.68
5.03626155393e-05,0.000922763177007,0.000907028678367,5.7
4.05247203333e-05,0.000922763177007,0.000874019589523,5.72
4.54444931635e-05,0.000922763177007,0.000890523887998,5.74
4.54444931635e-05,0.000922763177007,0.000890523887998,5.76
5.52790874115e-05,0.000922763177007,0.000923533960466,5.78
4.05247203333e-05,0.000922763177007,0.000874019589523,5.8
4.54444931635e-05,0.000922763177007,0.000890523887998,5.82
3.56032970978e-05,0.000922763177007,0.000857515783109,5.84
4.05247203333e-05,0.000922763177007,0.000874019589523,5.86
4.05247203333e-05,0.000922763177007,0.000874019589523,5.88
3.56032970978e-05,0.000922763177007,0.000857515783109,5.9
4.05247203333e-05,0.000922763177007,0.000874019589523,5.92
3.56032970978e-05,0.000922763177007,0.000857515783109,5.94
4.05247203333e-05,0.000922763177007,0.000874019589523,5.96
3.56032970978e-05,0.000922763177007,0.000857515783109,5.98
3.56032970978e-05,0.000922763177007,0.000857515783109,6.0
3.56032970978e-05,0.000922763177007,0.000857515783109,6.02
2.57554996081e-05,0.000922763177007,0.000824509647119,6.04
2.57554996081e-05,0.000922763177007,0.000824509647119,6.06
3.06802235064e-05,0.000922763177007,0.000841012468919,6.08
2.57554996081e-05,0.000922763177007,0.000824509647119,6.1
3.06802235064e-05,0.000922763177007,0.000841012468919,6.12
2.08291254522e-05,0.000922763177007,0.000808007317874,6.14
2.08291254522e-05,0.000922763177007,0.000808007317874,6.16
2.57554996081e-05,0.000922763177007,0.000824509647119,6.18
1.5901101088e-05,0.000922763177007,0.000791505481349,6.2
1.5901101088e-05,0.000922763177007,0.000791505481349,6.22
1.09714265649e-05,0.000922763177007,0.000775004137709,6.24
2.08291254522e-05,0.000922763177007,0.000808007317874,6.26
1.5901101088e-05,0.000922763177007,0.000791505481349,6.28
1.09714265649e-05,0.000922763177007,0.000775004137709,6.3
1.09714265649e-05,0.000922763177007,0.000775004137709,6.32
1.09714265649e-05,0.000922763177007,0.000775004137709,6.34
1.09714265649e-05,0.000922763177007,0.000775004137709,6.36
6.04010193203e-06,0.000922763177007,0.000758503287119,6.38
1.5901101088e-05,0.000922763177007,0.000791505481349,6.4
1.10712723875e-06,0.000922763177007,0.000742002929743,6.42
1.09714265649e-05,0.000922763177007,0.000775004137709,6.44
1.10712723875e-06,0.000922763177007,0.000742002929743,6.46
-8.76377213166e-06,0.000922763177007,0.000709003695298,6.48
-8.76377213166e-06,0.000922763177007,0.000709003695298,6.5
-3.82749746561e-06,0.000922763177007,0.000725503065748,6.52
-3.82749746561e-06,0.000922763177007,0.000725503065748,6.54
-8.76377213166e-06,0.000922763177007,0.000709003695298,6.56
-8.76377213166e-06,0.000922763177007,0.000709003695298,6.58
-3.82749746561e-06,0.000922763177007,0.000725503065748,6.6
-8.76377213166e-06,0.000922763177007,0.000709003695298,6.62
1.10712723875e-06,0.000922763177007,0.000742002929743,6.64
-8.76377213166e-06,0.000922763177007,0.000709003695298,6.66
-8.76377213166e-06,0.000922763177007,0.000709003695298,6.68
-8.76377213166e-06,0.000922763177007,0.000709003695298,6.7
8.62958533091e-05,0.00092332317408,0.000692924810737,6.72
8.62958533091e-05,0.00092332317408,0.000692924810737,6.74
8.62958533091e-05,0.00092332317408,0.000692924810737,6.76
8.1356320367e-05,0.00092332317408,0.000676416428115,6.78
8.62958533091e-05,0.00092332317408,0.000692924810737,6.8
8.62958533091e-05,0.00092332317408,0.000692924810737,6.82
8.1356320367e-05,0.00092332317408,0.000676416428115,6.84
9.12337353884e-05,0.00092332317408,0.00070943368723,6.86
7.64151366112e-05,0.00092332317408,0.000659908539528,6.88
8.1356320367e-05,0.00092332317408,0.000676416428115,6.9
7.14723020913e-05,0.00092332317408,0.000643401145143,6.92
8.1356320367e-05,0.00092332317408,0.000676416428115,6.94
7.14723020913e-05,0.00092332317408,0.000643401145143,6.96
8.1356320367e-05,0.00092332317408,0.000676416428115,6.98
7.14723020913e-05,0.00092332317408,0.000643401145143,7.0
7.14723020913e-05,0.00092332317408,0.000643401145143,7.02
7.64151366112e-05,0.00092332317408,0.000659908539528,7.04
6.65278168567e-05,0.00092332317408,0.000626894245123,7.06
7.64151366112e-05,0.00092332317408,0.000659908539528,7.08
6.65278168567e-05,0.00092332317408,0.000626894245123,7.1
5.66338944412e-05,0.00092332317408,0.000593881928842,7.12
6.65278168567e-05,0.00092332317408,0.000626894245123,7.14
6.15816809569e-05,0.00092332317408,0.000610387839634,7.16
6.65278168567e-05,0.00092332317408,0.000626894245123,7.18
6.15816809569e-05,0.00092332317408,0.000610387839634,7.2
6.15816809569e-05,0.00092332317408,0.000610387839634,7.22
5.66338944412e-05,0.00092332317408,0.000593881928842,7.24
5.66338944412e-05,0.00092332317408,0.000593881928842,7.26
5.66338944412e-05,0.00092332317408,0.000593881928842,7.28
5.66338944412e-05,0.00092332317408,0.000593881928842,7.3
5.66338944412e-05,0.00092332317408,0.000593881928842,7.32
6.65278168567e-05,0.00092332317408,0.000626894245123,7.34
5.16844573591e-05,0.00092332317408,0.00057737651291,7.36
5.16844573591e-05,0.00092332317408,0.00057737651291,7.38
4.67333697602e-05,0.00092332317408,0.000560871592005,7.4
4.67333697602e-05,0.00092332317408,0.000560871592005,7.42
5.16844573591e-05,0.00092332317408,0.00057737651291,7.44
4.67333697602e-05,0.00092332317408,0.000560871592005,7.46
4.67333697602e-05,0.00092332317408,0.000560871592005,7.48
4.67333697602e-05,0.00092332317408,0.000560871592005,7.5
4.67333697602e-05,0.00092332317408,0.000560871592005,7.52
4.67333697602e-05,0.00092332317408,0.000560871592005,7.54
5.16844573591e-05,0.00092332317408,0.00057737651291,7.56
4.1780631694e-05,0.00092332317408,0.000544367166291,7.58
3.18702043577e-05,0.00092332317408,0.000511359801098,7.6
3.19617118482e-05,0.000906835428022,0.000511360084772,7.62
3.682624321e-05,0.00092332317408,0.000527863235934,7.64
4.1872139126e-05,0.000906835428022,0.000544367468267,7.66
3.18702043577e-05,0.00092332317408,0.000511359801098,7.68
3.19617118482e-05,0.000906835428022,0.000511360084772,7.7
4.67333697602e-05,0.00092332317408,0.000560871592005,7.72
3.19617118482e-05,0.000906835428022,0.000511360084772,7.74
4.1780631694e-05,0.00092332317408,0.000544367166291,7.76
3.18702043577e-05,0.00092332317408,0.000511359801098,7.78
3.19617118482e-05,0.000906835428022,0.000511360084772,7.8
2.70040227051e-05,0.000906835428022,0.000494857136471,7.82
3.19617118482e-05,0.000906835428022,0.000511360084772,7.84
3.19617118482e-05,0.000906835428022,0.000511360084772,7.86
3.19617118482e-05,0.000906835428022,0.000511360084772,7.88
2.69125151867e-05,0.00092332317408,0.000494856861948,7.9
3.19617118482e-05,0.000906835428022,0.000511360084772,7.92
2.70040227051e-05,0.000906835428022,0.000494857136471,7.94
2.70040227051e-05,0.000906835428022,0.000494857136471,7.96
2.70040227051e-05,0.000906835428022,0.000494857136471,7.98
2.70040227051e-05,0.000906835428022,0.000494857136471,8.0
2.70040227051e-05,0.000906835428022,0.000494857136471,8.02
2.2044683292e-05,0.000906835428022,0.000478354684022,8.04
3.19617118482e-05,0.000906835428022,0.000511360084772,8.06
2.70040227051e-05,0.000906835428022,0.000494857136471,8.08
1.70836936585e-05,0.000906835428022,0.00046185272759,8.1
1.70836936585e-05,0.000906835428022,0.00046185272759,8.12
2.2044683292e-05,0.000906835428022,0.000478354684022,8.14
2.2044683292e-05,0.000906835428022,0.000478354684022,8.16
1.21210538541e-05,0.000906835428022,0.000445351267339,8.18
1.21210538541e-05,0.000906835428022,0.000445351267339,8.2
1.21210538541e-05,0.000906835428022,0.000445351267339,8.22
1.70836936585e-05,0.000906835428022,0.00046185272759,8.24
1.70836936585e-05,0.000906835428022,0.00046185272759,8.26
1.21210538541e-05,0.000906835428022,0.000445351267339,8.28
1.70836936585e-05,0.000906835428022,0.00046185272759,8.3
1.70836936585e-05,0.000906835428022,0.00046185272759,8.32
1.21210538541e-05,0.000906835428022,0.000445351267339,8.34
0.000112119176864,0.000907385425249,0.000445621262927,8.36
0.000112119176864,0.000907385425249,0.000445621262927,8.38
0.000107154913438,0.000907385425249,0.000429110299209,8.4
0.000117081789168,0.000907385425249,0.000462132722989,8.42
0.00010218899894,0.000907385425249,0.000412599831999,8.44
0.000107154913438,0.000907385425249,0.000429110299209,8.46
9.72214334206e-05,0.000907385425249,0.000396089861464,8.48
0.000112119176864,0.000907385425249,0.000445621262927,8.5
0.00010218899894,0.000907385425249,0.000412599831999,8.52
0.00010218899894,0.000907385425249,0.000412599831999,8.54
0.00010218899894,0.000907385425249,0.000412599831999,8.56
0.00010218899894,0.000907385425249,0.000412599831999,8.58
0.00010218899894,0.000907385425249,0.000412599831999,8.6
0.00010218899894,0.000907385425249,0.000412599831999,8.62
9.72214334206e-05,0.000907385425249,0.000396089861464,8.64
9.72214334206e-05,0.000907385425249,0.000396089861464,8.66
0.000107154913438,0.000907385425249,0.000429110299209,8.68
9.72214334206e-05,0.000907385425249,0.000396089861464,8.7
0.000107154913438,0.000907385425249,0.000429110299209,8.72
9.22522169289e-05,0.000907385425249,0.000379580387768,8.74
9.2342130346e-05,0.000890887670271,0.000379580594569,8.76
9.22522169289e-05,0.000907385425249,0.000379580387768,8.78
0.00010218899894,0.000907385425249,0.000412599831999,8.8
9.2342130346e-05,0.000890887670271,0.000379580594569,8.82
8.7371262952e-05,0.000890887670271,0.000363071608885,8.84
9.22522169289e-05,0.000907385425249,0.000379580387768,8.86
9.22522169289e-05,0.000907385425249,0.000379580387768,8.88
9.22522169289e-05,0.000907385425249,0.000379580387768,8.9
8.72813495147e-05,0.000907385425249,0.000363071411075,8.92
8.7371262952e-05,0.000890887670271,0.000363071608885,8.94
8.72813495147e-05,0.000907385425249,0.000363071411075,8.96
8.7371262952e-05,0.000890887670271,0.000363071608885,8.98
8.23987446843e-05,0.000890887670271,0.000346563120371,9.0
8.23987446843e-05,0.000890887670271,0.000346563120371,9.02
9.22522169289e-05,0.000907385425249,0.000379580387768,9.04
8.23987446843e-05,0.000890887670271,0.000346563120371,9.06
9.2342130346e-05,0.000890887670271,0.000379580594569,9.08
9.2342130346e-05,0.000890887670271,0.000379580594569,9.1
8.23987446843e-05,0.000890887670271,0.000346563120371,9.12
8.23987446843e-05,0.000890887670271,0.000346563120371,9.14
8.23987446843e-05,0.000890887670271,0.000346563120371,9.16
7.74245755926e-05,0.000890887670271,0.000330055129191,9.18
8.7371262952e-05,0.000890887670271,0.000363071608885,9.2
7.74245755926e-05,0.000890887670271,0.000330055129191,9.22
8.7371262952e-05,0.000890887670271,0.000363071608885,9.24
7.74245755926e-05,0.000890887670271,0.000330055129191,9.26
7.74245755926e-05,0.000890887670271,0.000330055129191,9.28
7.24487557267e-05,0.000890887670271,0.000313547635511,9.3
8.23987446843e-05,0.000890887670271,0.000346563120371,9.32
7.24487557267e-05,0.000890887670271,0.000313547635511,9.34
7.24487557267e-05,0.000890887670271,0.000313547635511,9.36
7.24487557267e-05,0.000890887670271,0.000313547635511,9.38
7.24487557267e-05,0.000890887670271,0.000313547635511,9.4
7.74245755926e-05,0.000890887670271,0.000330055129191,9.42
6.74712851363e-05,0.000890887670271,0.000297040639495,9.44
7.74245755926e-05,0.000890887670271,0.000330055129191,9.46
8.23987446843e-05,0.000890887670271,0.000346563120371,9.48
6.24921638712e-05,0.000890887670271,0.000280534141309,9.5
7.24487557267e-05,0.000890887670271,0.000313547635511,9.52
6.24921638712e-05,0.000890887670271,0.000280534141309,9.54
7.24487557267e-05,0.000890887670271,0.000313547635511,9.56
6.74712851363e-05,0.000890887670271,0.000297040639495,9.58
6.24921638712e-05,0.000890887670271,0.000280534141309,9.6
6.24921638712e-05,0.000890887670271,0.000280534141309,9.62
7.24487557267e-05,0.000890887670271,0.000313547635511,9.64
6.24921638712e-05,0.000890887670271,0.000280534141309,9.66
7.24487557267e-05,0.000890887670271,0.000313547635511,9.68
6.24921638712e-05,0.000890887670271,0.000280534141309,9.7
7.24487557267e-05,0.000890887670271,0.000313547635511,9.72
5.75113919812e-05,0.000890887670271,0.000264028141118,9.74
5.75113919812e-05,0.000890887670271,0.000264028141118,9.76
5.75113919812e-05,0.000890887670271,0.000264028141118,9.78
6.24921638712e-05,0.000890887670271,0.000280534141309,9.8
5.75113919812e-05,0.000890887670271,0.000264028141118,9.82
6.74712851363e-05,0.000890887670271,0.000297040639495,9.84
6.24921638712e-05,0.000890887670271,0.000280534141309,9.86
6.24921638712e-05,0.000890887670271,0.000280534141309,9.88
5.75113919812e-05,0.000890887670271,0.000264028141118,9.9
7.24487557267e-05,0.000890887670271,0.000313547635511,9.92
5.2528969516e-05,0.000890887670271,0.000247522639086,9.94
4.25591730597e-05,0.000890887670271,0.000214513130161,9.96
4.75448965256e-05,0.000890887670271,0.000231017635379,9.98
4.75448965256e-05,0.000890887670271,0.000231017635379,10.0
0.000162490561377,0.000891427667647,0.000280704138749,10.02
0.000152527399021,0.000891427667647,0.000247672636842,10.04
0.000152527399021,0.000891427667647,0.000247672636842,10.06
0.000147543340531,0.000891427667647,0.000231157633292,10.08
0.000157509805987,0.000891427667647,0.000264188138716,10.1
0.000152527399021,0.000891427667647,0.000247672636842,10.12
0.000152527399021,0.000891427667647,0.000247672636842,10.14
0.000152527399021,0.000891427667647,0.000247672636842,10.16
0.000147543340531,0.000891427667647,0.000231157633292,10.18
0.000157509805987,0.000891427667647,0.000264188138716,10.2
0.000147543340531,0.000891427667647,0.000231157633292,10.22
0.000147543340531,0.000891427667647,0.000231157633292,10.24
0.000147543340531,0.000891427667647,0.000231157633292,10.26
0.000152527399021,0.000891427667647,0.000247672636842,10.28
0.000147631657823,0.000874919903903,0.000231157756936,10.3
0.000147543340531,0.000891427667647,0.000231157633292,10.32
0.000147631657823,0.000874919903903,0.000231157756936,10.34
0.000142645947869,0.000874919903903,0.000214643243042,10.36
0.000142645947869,0.000874919903903,0.000214643243042,10.38
0.000152527399021,0.000891427667647,0.000247672636842,10.4
0.000137658586488,0.000874919903903,0.000198129227801,10.42
0.000132669573731,0.000874919903903,0.00018161571138,10.44
0.000132669573731,0.000874919903903,0.00018161571138,10.46
0.000137570269173,0.000891427667647,0.000198129121821,10.48
0.000142645947869,0.000874919903903,0.000214643243042,10.5
0.000137570269173,0.000891427667647,0.000198129121821,10.52
0.000147543340531,0.000891427667647,0.000231157633292,10.54
0.000132669573731,0.000874919903903,0.00018161571138,10.56
0.000137658586488,0.000874919903903,0.000198129227801,10.58
0.000132669573731,0.000874919903903,0.00018161571138,10.6
0.000142645947869,0.000874919903903,0.000214643243042,10.62
0.000142645947869,0.000874919903903,0.000214643243042,10.62
0.000137658586488,0.000874919903903,0.000198129227801,10.66
0.000147631657823,0.000874919903903,0.000231157756936,10.68
0.000137658586488,0.000874919903903,0.000198129227801,10.7
0.000132669573731,0.000874919903903,0.00018161571138,10.72
0.000132669573731,0.000874919903903,0.00018161571138,10.74
0.000132669573731,0.000874919903903,0.00018161571138,10.76
0.000132669573731,0.000874919903903,0.00018161571138,10.78
0.000132669573731,0.000874919903903,0.00018161571138,10.8
0.000137658586488,0.000874919903903,0.000198129227801,10.82
0.000132669573731,0.000874919903903,0.00018161571138,10.84
0.000142645947869,0.000874919903903,0.000214643243042,10.86
0.000127678909647,0.000874919903903,0.000165102693942,10.88
0.000127678909647,0.000874919903903,0.000165102693942,10.9
0.000122686594286,0.000874919903903,0.000148590175653,10.92
0.000132669573731,0.000874919903903,0.00018161571138,10.94
0.000127678909647,0.000874919903903,0.000165102693942,10.96
0.000132669573731,0.000874919903903,0.00018161571138,10.98
0.000122686594286,0.000874919903903,0.000148590175653,11.0
0.000122686594286,0.000874919903903,0.000148590175653,11.02
0.000127678909647,0.000874919903903,0.000165102693942,11.04
0.000122686594286,0.000874919903903,0.000148590175653,11.06
0.000127678909647,0.000874919903903,0.000165102693942,11.08
0.000127678909647,0.000874919903903,0.000165102693942,11.1
0.000122686594286,0.000874919903903,0.000148590175653,11.12
0.000127678909647,0.000874919903903,0.000165102693942,11.14
0.000122686594286,0.000874919903903,0.000148590175653,11.16
0.000122686594286,0.000874919903903,0.000148590175653,11.18
0.000122686594286,0.000874919903903,0.000148590175653,11.2
0.000132669573731,0.000874919903903,0.00018161571138,11.22
0.000122686594286,0.000874919903903,0.000148590175653,11.24
0.000117692627699,0.000874919903903,0.000132078156678,11.26
0.000132669573731,0.000874919903903,0.00018161571138,11.28
0.000127678909647,0.000874919903903,0.000165102693942,11.3
0.000122686594286,0.000874919903903,0.000148590175653,11.32
0.000117692627699,0.000874919903903,0.000132078156678,11.34
0.000122686594286,0.000874919903903,0.000148590175653,11.36
0.000117692627699,0.000874919903903,0.000132078156678,11.38
0.000117692627699,0.000874919903903,0.000132078156678,11.4
0.000127678909647,0.000874919903903,0.000165102693942,11.42
0.000112697009934,0.000874919903903,0.000115566637182,11.44
0.000107699741043,0.000874919903903,9.9055617331e-05,11.46
0.000107699741043,0.000874919903903,9.9055617331e-05,11.48
0.000112697009934,0.000874919903903,0.000115566637182,11.5
0.000122686594286,0.000874919903903,0.000148590175653,11.52
0.000112697009934,0.000874919903903,0.000115566637182,11.54
0.000117692627699,0.000874919903903,0.000132078156678,11.56
0.000112697009934,0.000874919903903,0.000115566637182,11.58
0.000122686594286,0.000874919903903,0.000148590175653,11.6
0.000112697009934,0.000874919903903,0.000115566637182,11.62
0.000112697009934,0.000874919903903,0.000115566637182,11.64
0.000207698318546,0.000875449901422,9.91156164847e-05,11.66
0.000217691191202,0.000875449901422,0.000132158155546,11.68
0.000207698318546,0.000875449901422,9.91156164847e-05,11.7
0.000212695580938,0.000875449901422,0.000115636636193,11.72
0.000207698318546,0.000875449901422,9.91156164847e-05,11.74
0.000207698318546,0.000875449901422,9.91156164847e-05,11.76
0.000207698318546,0.000875449901422,9.91156164847e-05,11.78
0.000212695580938,0.000875449901422,0.000115636636193,11.8
0.000207698318546,0.000875449901422,9.91156164847e-05,11.82
0.000207698318546,0.000875449901422,9.91156164847e-05,11.84
0.000212695580938,0.000875449901422,0.000115636636193,11.86
0.000207698318546,0.000875449901422,9.91156164847e-05,11.88
0.000207698318546,0.000875449901422,9.91156164847e-05,11.9
0.000212695580938,0.000875449901422,0.000115636636193,11.92
0.000202699404078,0.000875449901422,8.25950965848e-05,11.94
0.000212695580938,0.000875449901422,0.000115636636193,11.96
