x,y,z,fx,fy,fz,time
0.172692961101,0.00227597589208,-0.0577319142237,[ 0.],[ 0.],[ 0.],0.0
0.172692961101,0.00227597589208,-0.0577319142237,[ 0.],[ 0.],[ 0.],0.002
0.17309285024,0.00227597589208,-0.0565216589422,[ 0.],[ 0.],[ 0.],0.021
0.172034700083,0.00243704038819,-0.0566566465788,[ 0.],[ 0.],[ 0.],0.04
0.172034700083,0.00243704038819,-0.0566566465788,[ 0.],[ 0.],[ 0.],0.061
0.172032177834,0.0026111020811,-0.0566565506871,[ 0.],[ 0.],[ 0.],0.081
0.172032177834,0.0026111020811,-0.0566565506871,[ 0.],[ 0.],[ 0.],0.101
0.17202948165,0.00278516116291,-0.0566564481828,[ 0.],[ 0.],[ 0.],0.121
0.172086052074,0.00278516116291,-0.0564843904016,[ 0.],[ 0.],[ 0.],0.141
0.17208318185,0.00295921745955,-0.0564842841548,[ 0.],[ 0.],[ 0.],0.161
0.17208318185,0.00295921745955,-0.0564842841548,[ 0.],[ 0.],[ 0.],0.18
0.17208013769,0.00313327079698,-0.0564841714695,[ 0.],[ 0.],[ 0.],0.2
0.17208013769,0.00313327079698,-0.0564841714695,[ 0.],[ 0.],[ 0.],0.221
0.172076919598,0.00330732100114,-0.0564840523457,[ 0.],[ 0.],[ 0.],0.241
0.172133317603,0.00330732100114,-0.0563119472128,[ 0.],[ 0.],[ 0.],0.261
0.172133317603,0.00330732100114,-0.0563119472128,[ 0.],[ 0.],[ 0.],0.28
0.172129925457,0.00348136789798,-0.0563118250428,[ 0.],[ 0.],[ 0.],0.302
0.172129925457,0.00348136789798,-0.0563118250428,[ 0.],[ 0.],[ 0.],0.32
0.172126359379,0.00365541131344,-0.0563116966085,[ 0.],[ 0.],[ 0.],0.34
0.172126359379,0.00365541131344,-0.0563116966085,[ 0.],[ 0.],[ 0.],0.361
0.172122619373,0.0038294510735,-0.05631156191,[ 0.],[ 0.],[ 0.],0.38
0.172178844864,0.0038294510735,-0.0561394111636,[ 0.],[ 0.],[ 0.],0.401
0.172174930793,0.00400348700411,-0.0561392741151,[ 0.],[ 0.],[ 0.],0.421
0.172174930793,0.00400348700411,-0.0561392741151,[ 0.],[ 0.],[ 0.],0.44
0.172174930793,0.00400348700411,-0.0561392741151,[ 0.],[ 0.],[ 0.],0.46
0.172170842795,0.00417751893123,-0.0561391309767,[ 0.],[ 0.],[ 0.],0.48
0.172170842795,0.00417751893123,-0.0561391309767,[ 0.],[ 0.],[ 0.],0.5
0.172222633763,0.00435154668083,-0.0559667871269,[ 0.],[ 0.],[ 0.],0.521
0.172222633763,0.00435154668083,-0.0559667871269,[ 0.],[ 0.],[ 0.],0.541
0.172222633763,0.00435154668083,-0.0559667871269,[ 0.],[ 0.],[ 0.],0.56
0.172218197769,0.00452557007889,-0.055966636245,[ 0.],[ 0.],[ 0.],0.581
0.172218197769,0.00452557007889,-0.055966636245,[ 0.],[ 0.],[ 0.],0.601
0.172213587855,0.00469958895138,-0.0559664794475,[ 0.],[ 0.],[ 0.],0.62
0.172213587855,0.00469958895138,-0.0559664794475,[ 0.],[ 0.],[ 0.],0.64
0.172269468218,0.00469958895138,-0.0557942379051,[ 0.],[ 0.],[ 0.],0.661
0.172264684228,0.00487360312427,-0.0557940799761,[ 0.],[ 0.],[ 0.],0.681
0.172259726321,0.00504761242357,-0.0557939163057,[ 0.],[ 0.],[ 0.],0.7
0.172254594501,0.00522161667525,-0.0557937468942,[ 0.],[ 0.],[ 0.],0.721
0.172243809147,0.00556960933977,-0.0557933908482,[ 0.],[ 0.],[ 0.],0.741
0.172232328208,0.00591757972586,-0.0557930118396,[ 0.],[ 0.],[ 0.],0.76
0.172275858222,0.00626552644163,-0.0556203618506,[ 0.],[ 0.],[ 0.],0.781
0.172262985836,0.00661344809531,-0.0556199497936,[ 0.],[ 0.],[ 0.],0.801
0.17224941799,0.00696134329521,-0.0556195154743,[ 0.],[ 0.],[ 0.],0.82
0.172220196135,0.00765704876744,-0.0556185800556,[ 0.],[ 0.],[ 0.],0.84
0.172196454583,0.00817874808138,-0.0556178200665,[ 0.],[ 0.],[ 0.],0.861
0.172153409469,0.00904808104474,-0.0556164421525,[ 0.],[ 0.],[ 0.],0.881
0.172106020471,0.00991718780655,-0.0556149251868,[ 0.],[ 0.],[ 0.],0.9
0.172098948315,0.0109597867426,-0.055440850134,[ 0.],[ 0.],[ 0.],0.92
0.172018012857,0.0121756508645,-0.0554383403308,[ 0.],[ 0.],[ 0.],0.94
0.171928572493,0.013390918382,-0.055435566791,[ 0.],[ 0.],[ 0.],0.961
0.171815946402,0.0147789886222,-0.0554320742634,[ 0.],[ 0.],[ 0.],0.981
0.171675979842,0.0163394326338,-0.0554277339096,[ 0.],[ 0.],[ 0.],1.0
0.171539785306,0.0177253868311,-0.0554235105259,[ 0.],[ 0.],[ 0.],1.021
0.171428658097,0.0192832249033,-0.0552469476106,[ 0.],[ 0.],[ 0.],1.041
0.171248185855,0.0208395010449,-0.0552415318185,[ 0.],[ 0.],[ 0.],1.06
0.171053720927,0.0223940891982,-0.0552356961198,[ 0.],[ 0.],[ 0.],1.08
0.170845279067,0.0239468634425,-0.0552294409874,[ 0.],[ 0.],[ 0.],1.1
0.170622877157,0.0254976980041,-0.0552227669277,[ 0.00502672],[-0.02928173],[ 0.00536908],1.121
0.170386533212,0.027046467266,-0.0552156744815,[ 0.01059419],[-0.0621085],[ 0.01072125],1.14
0.170221234414,0.028077770761,-0.0552107140293,[ 0.01431309],[-0.08409699],[ 0.01397021],1.16
0.170248208184,0.0282495574071,-0.0550396485861,[ 0.01464423],[-0.08706042],[ 0.01389528],1.181
0.170219884659,0.0284213158036,-0.0550388269735,[ 0.01526154],[-0.09074112],[ 0.01439283],1.2
0.170219884659,0.0284213158036,-0.0550388269735,[ 0.01526154],[-0.09074112],[ 0.01439283],1.221
0.170219884659,0.0284213158036,-0.0550388269735,[ 0.01526154],[-0.09074112],[ 0.01439283],1.24
0.170191389462,0.0285930457788,-0.0550380003811,[ 0.01587958],[-0.09442344],[ 0.01488447],1.26
0.170191389462,0.0285930457788,-0.0550380003811,[ 0.01587958],[-0.09442344],[ 0.01488447],1.28
0.170191389462,0.0285930457788,-0.0550380003811,[ 0.01587958],[-0.09442344],[ 0.01488447],1.301
0.170162722622,0.028764747161,-0.0550371688096,[ 0.0164984],[-0.09810732],[ 0.01537028],1.32
0.171203541724,0.028929985828,-0.0548945900896,[ 0.01291437],[-0.09841084],[ 0.01488886],1.34
0.171203541724,0.028929985828,-0.0548945900896,[ 0.01291437],[-0.09841084],[ 0.01488886],1.36
0.17117453678,0.0291026446163,-0.0548937777389,[ 0.01342567],[-0.10213734],[ 0.01535838],1.38
0.17117453678,0.0291026446163,-0.0548937777389,[ 0.01342567],[-0.10213734],[ 0.01535838],1.401
0.17114535926,0.0292752743019,-0.0548929605547,[ 0.01393911],[-0.10586496],[ 0.01582235],1.42
0.17114535926,0.0292752743019,-0.0548929605547,[ 0.01393911],[-0.10586496],[ 0.01582235],1.441
0.17114535926,0.0292752743019,-0.0548929605547,[ 0.01393911],[-0.10586496],[ 0.01582235],1.461
0.171170815763,0.0294478747122,-0.0547209951112,[ 0.01417175],[-0.10898611],[ 0.01561477],1.48
0.172156209934,0.0296160713921,-0.0547476072209,[ 0.01062839],[-0.11068718],[ 0.01585884],1.501
0.172156209934,0.0296160713921,-0.0547476072209,[ 0.01062839],[-0.11068718],[ 0.01585884],1.521
0.172126517908,0.0297896280237,-0.0547468053414,[ 0.01103973],[-0.11444975],[ 0.01629959],1.541
0.172126517908,0.0297896280237,-0.0547468053414,[ 0.01103973],[-0.11444975],[ 0.01629959],1.56
0.172096652403,0.0299631548657,-0.0547459987767,[ 0.01145453],[-0.11821315],[ 0.01673517],1.581
0.172096652403,0.0299631548657,-0.0547459987767,[ 0.01145453],[-0.11821315],[ 0.01673517],1.6
0.172096652403,0.0299631548657,-0.0547459987767,[ 0.01145453],[-0.11821315],[ 0.01673517],1.62
0.172121272595,0.0301366517446,-0.0545730935705,[ 0.01159936],[-0.12143071],[ 0.01645835],1.64
0.172121272595,0.0301366517446,-0.0545730935705,[ 0.01159936],[-0.12143071],[ 0.01645835],1.661
0.172121272595,0.0301366517446,-0.0545730935705,[ 0.01159936],[-0.12143071],[ 0.01645835],1.681
0.172091059422,0.0303101184868,-0.0545723078509,[ 0.01201586],[-0.12520098],[ 0.01686929],1.7
0.172091059422,0.0303101184868,-0.0545723078509,[ 0.01201586],[-0.12520098],[ 0.01686929],1.721
0.172060672857,0.0304835549189,-0.0545715176221,[ 0.0124359],[-0.12897189],[ 0.01727547],1.74
0.172060672857,0.0304835549189,-0.0545715176221,[ 0.0124359],[-0.12897189],[ 0.01727547],1.76
0.172115158335,0.0304835549189,-0.0543994296922,[ 0.01215626],[-0.1284528],[ 0.01654671],1.781
0.172084597627,0.0306569608675,-0.0543986655153,[ 0.01257468],[-0.13222928],[ 0.01693384],1.801
0.172084597627,0.0306569608675,-0.0543986655153,[ 0.01257468],[-0.13222928],[ 0.01693384],1.82
0.172084597627,0.0306569608675,-0.0543986655153,[ 0.01257468],[-0.13222928],[ 0.01693384],1.841
0.172053863583,0.0308303361591,-0.0543978970041,[ 0.01299671],[-0.13600626],[ 0.01731651],1.86
0.172053863583,0.0308303361591,-0.0543978970041,[ 0.01299671],[-0.13600626],[ 0.01731651],1.881
0.172053863583,0.0308303361591,-0.0543978970041,[ 0.01299671],[-0.13600626],[ 0.01731651],1.9
0.172077267337,0.0310036806203,-0.0542250740332,[ 0.0131315],[-0.13929592],[ 0.0169303],1.92
0.172077267337,0.0310036806203,-0.0542250740332,[ 0.0131315],[-0.13929592],[ 0.0169303],1.941
0.172169471698,0.0304835549189,-0.0542272873629,[ 0.01188079],[-0.1279509],[ 0.0158252],1.961
0.172289983509,0.0297896280237,-0.0542301802018,[ 0.01026441],[-0.11283064],[ 0.01429013],1.981
0.172494198618,0.0285741157413,-0.0542350823056,[ 0.00757621],[-0.08639288],[ 0.01142068],2.001
0.172717165032,0.0271832478832,-0.0542404345272,[ 0.00472182],[-0.05622587],[ 0.00782314],2.021
0.172877086039,0.026138950427,-0.0542442733685,[ 0.00273254],[-0.03364509],[ 0.00487282],2.041
0.172983159738,0.0257906403065,-0.0540725634648,[ 0.00199287],[-0.02548414],[ 0.00358647],2.06
0.172957288856,0.0259648083492,-0.0540719683296,[ 0.0023011],[-0.02924915],[ 0.00408811],2.08
0.172957288856,0.0259648083492,-0.0540719683296,[ 0.0023011],[-0.02924915],[ 0.00408811],2.101
0.172931243865,0.026138950427,-0.0540713691891,[ 0.00261299],[-0.03301544],[ 0.00458309],2.121
0.172931243865,0.026138950427,-0.0540713691891,[ 0.00261299],[-0.03301544],[ 0.00458309],2.14
0.172931243865,0.026138950427,-0.0540713691891,[ 0.00261299],[-0.03301544],[ 0.00458309],2.16
0.172957288856,0.0259648083492,-0.0540719683296,[ 0.0023011],[-0.02924915],[ 0.00408811],2.181
0.173088366287,0.0254422270234,-0.0539006803301,[ 0.00130158],[-0.01732288],[ 0.0023649],2.2
0.173188716779,0.0247450965447,-0.0539028883972,[ 0.00016521],[-0.0022571],[ 0.000317],2.22
0.173357619027,0.0235241722355,-0.0539066048463,[ 0.],[ 0.],[ 0.],2.24
0.173517972804,0.0223020952466,-0.0539101331986,[ 0.],[ 0.],[ 0.],2.261
0.17369075669,0.0209041012045,-0.0539139350575,[ 0.],[ 0.],[ 0.],2.281
0.173871766489,0.0193297632114,-0.0539179179157,[ 0.],[ 0.],[ 0.],2.3
0.174110100465,0.0175786680032,-0.0537478943519,[ 0.],[ 0.],[ 0.],2.32
0.174277087444,0.0158258149428,-0.0537514015941,[ 0.],[ 0.],[ 0.],2.34
0.174440522236,0.0138958554632,-0.0537548342293,[ 0.],[ 0.],[ 0.],2.361
0.174594596452,0.0117885355894,-0.0537580702635,[ 0.],[ 0.],[ 0.],2.38
0.174713612649,0.00985532706383,-0.0537605699712,[ 0.],[ 0.],[ 0.],2.401
0.174872868085,0.00774502037552,-0.0535879414336,[ 0.],[ 0.],[ 0.],2.42
0.174953124707,0.00563359841766,-0.0535895467801,[ 0.],[ 0.],[ 0.],2.44
0.175004435497,0.00369740822651,-0.0535905731327,[ 0.],[ 0.],[ 0.],2.461
0.17503612218,0.00158469860637,-0.0535912069509,[ 0.],[ 0.],[ 0.],2.481
0.175041843589,-0.000704318121815,-0.0535913213943,[ 0.],[ 0.],[ 0.],2.5
0.175020718694,-0.00281715979759,-0.0535908988401,[ 0.],[ 0.],[ 0.],2.52
0.175027749372,-0.00492959580723,-0.0534149682675,[ 0.],[ 0.],[ 0.],2.541
0.174955935968,-0.00704132196358,-0.0534136036486,[ 0.],[ 0.],[ 0.],2.56
0.174858792202,-0.00915203418174,-0.0534117576949,[ 0.],[ 0.],[ 0.],2.581
0.174736332063,-0.0112614285228,-0.0534094306723,[ 0.],[ 0.],[ 0.],2.6
0.17457511863,-0.0135447662494,-0.0534063672484,[ 0.],[ 0.],[ 0.],2.621
0.17439997691,-0.0156504397019,-0.0534030391552,[ 0.],[ 0.],[ 0.],2.641
0.174252897008,-0.0177538595181,-0.0532250049931,[ 0.],[ 0.],[ 0.],2.661
0.174027279361,-0.0198547228092,-0.0532209434368,[ 0.],[ 0.],[ 0.],2.68
0.173776472288,-0.0219527270545,-0.0532164284218,[ 0.],[ 0.],[ 0.],2.7
0.173500511904,-0.024047570145,-0.0532114605984,[ 0.],[ 0.],[ 0.],2.721
0.173199437948,-0.026138950427,-0.0532060406818,[ 0.00208177],[ 0.03022133],[ 0.0032857],2.74
0.172873293773,-0.0282265667453,-0.0532001694526,[ 0.00571416],[ 0.07584075],[ 0.00762132],2.76
0.172665370583,-0.0297896280237,-0.0530228315324,[ 0.00859671],[ 0.10969308],[ 0.00985115],2.781
0.172605452942,-0.0301366517446,-0.0530218128344,[ 0.00932117],[ 0.11731184],[ 0.01041044],2.8
0.172605452942,-0.0301366517446,-0.0530218128344,[ 0.00932117],[ 0.11731184],[ 0.01041044],2.821
0.172635498506,-0.0299631548657,-0.0530223236582,[ 0.00895689],[ 0.11350245],[ 0.01013247],2.841
0.172635498506,-0.0299631548657,-0.0530223236582,[ 0.00895689],[ 0.11350245],[ 0.01013247],2.861
0.172665370583,-0.0297896280237,-0.0530228315324,[ 0.00859671],[ 0.10969308],[ 0.00985115],2.881
0.172748006123,-0.0296160713921,-0.0528506149046,[ 0.00802273],[ 0.10550733],[ 0.00897302],2.9
0.172748006123,-0.0296160713921,-0.0528506149046,[ 0.00802273],[ 0.10550733],[ 0.00897302],2.92
0.172777531624,-0.0294424851444,-0.0528510873529,[ 0.00767642],[ 0.10169448],[ 0.00870123],2.941
0.172777531624,-0.0294424851444,-0.0528510873529,[ 0.00767642],[ 0.10169448],[ 0.00870123],2.96
0.172806883546,-0.0292688694542,-0.0528515570237,[ 0.00733427],[ 0.09788165],[ 0.0084261],2.98
0.172859648691,-0.0292688694542,-0.0526787237432,[ 0.00713121],[ 0.09751791],[ 0.00787129],3.001
0.172888827458,-0.0290952244951,-0.0526791614575,[ 0.00679907],[ 0.09370164],[ 0.00760967],3.021
0.172888827458,-0.0290952244951,-0.0526791614575,[ 0.00679907],[ 0.09370164],[ 0.00760967],3.041
0.172917832584,-0.0289215504408,-0.0526795965671,[ 0.00647117],[ 0.08988536],[ 0.00734481],3.06
0.172917832584,-0.0289215504408,-0.0526795965671,[ 0.00647117],[ 0.08988536],[ 0.00734481],3.08
0.172946664042,-0.028747847465,-0.0526800290714,[ 0.00614755],[ 0.08606907],[ 0.00707664],3.101
0.172999257589,-0.028747847465,-0.0525070560961,[ 0.00596548],[ 0.08571549],[ 0.00657872],3.121
0.173027915764,-0.0285741157413,-0.0525074573368,[ 0.00565216],[ 0.08189582],[ 0.00632482],3.14
0.17305640021,-0.0284003554435,-0.0525078561451,[ 0.0053432],[ 0.0780761],[ 0.00606771],3.161
0.17305640021,-0.0284003554435,-0.0525078561451,[ 0.0053432],[ 0.0780761],[ 0.00606771],3.18
0.173084710899,-0.0282265667453,-0.0525082525207,[ 0.0050386],[ 0.07425638],[ 0.00580733],3.2
0.1731371326,-0.0282265667453,-0.0523351415845,[ 0.0048781],[ 0.07391404],[ 0.00536846],3.22
0.173165269883,-0.0280527498206,-0.0523355073898,[ 0.00458415],[ 0.07009098],[ 0.00512316],3.241
0.173165269883,-0.0280527498206,-0.0523355073898,[ 0.00458415],[ 0.07009098],[ 0.00512316],3.261
0.17319323335,-0.0278789048432,-0.0523358709353,[ 0.00429467],[ 0.06626787],[ 0.00487471],3.28
0.17319323335,-0.0278789048432,-0.0523358709353,[ 0.00429467],[ 0.06626787],[ 0.00487471],3.3
0.173221022972,-0.0277050319868,-0.0523362322208,[ 0.00400966],[ 0.06244473],[ 0.00462305],3.321
0.173273272585,-0.0277050319868,-0.0521629850585,[ 0.00387133],[ 0.06211481],[ 0.00424551],3.34
0.173300888681,-0.0275311314254,-0.0521633164676,[ 0.00359733],[ 0.05828842],[ 0.00400978],3.361
0.173300888681,-0.0275311314254,-0.0521633164676,[ 0.00359733],[ 0.05828842],[ 0.00400978],3.381
0.173328330874,-0.0273572033329,-0.0521636457897,[ 0.00332791],[ 0.05446196],[ 0.00377097],3.4
0.173382693447,-0.0270092652502,-0.0521642981719,[ 0.0028029],[ 0.04680892],[ 0.00328385],3.42
0.173541409398,-0.026313066366,-0.0519920624944,[ 0.00172784],[ 0.03117026],[ 0.0020591],3.441
0.173746328026,-0.0249194167178,-0.0519943166902,[  2.67393873e-05],[ 0.0005315],[  3.71183476e-05],3.461
0.173986788176,-0.0231751223842,-0.0519969618586,[ 0.],[ 0.],[ 0.],3.48
0.174231134537,-0.0212537286354,-0.051999649777,[ 0.],[ 0.],[ 0.],3.5
0.174434916396,-0.0195047693071,-0.0520018914678,[ 0.],[ 0.],[ 0.],3.521
0.174638865018,-0.0175786680032,-0.0520041349932,[ 0.],[ 0.],[ 0.],3.54
0.17488909659,-0.0154750488105,-0.0518314533689,[ 0.],[ 0.],[ 0.],3.56
0.175048699202,-0.0135447662494,-0.0518330494483,[ 0.],[ 0.],[ 0.],3.581
0.175198584957,-0.011437142374,-0.0518345483558,[ 0.],[ 0.],[ 0.],3.601
0.175323170307,-0.0093278715699,-0.0518357942508,[ 0.],[ 0.],[ 0.],3.621
0.175422437309,-0.00721725756838,-0.0518367869539,[ 0.],[ 0.],[ 0.],3.64
0.175542928044,-0.00528160767566,-0.0516619573192,[ 0.],[ 0.],[ 0.],3.661
0.175593631858,-0.00316926885301,-0.0516624136658,[ 0.],[ 0.],[ 0.],3.68
0.175613351323,-0.00176077065348,-0.0516625911458,[ 0.],[ 0.],[ 0.],3.7
0.175618985591,-0.00105647366113,-0.0516626418556,[ 0.],[ 0.],[ 0.],3.72
0.175618985591,-0.00105647366113,-0.0516626418556,[ 0.],[ 0.],[ 0.],3.74
0.175670560414,-0.00105647366113,-0.0514869970679,[ 0.],[ 0.],[ 0.],3.76
0.175671528819,-0.000880396331671,-0.0514870048153,[ 0.],[ 0.],[ 0.],3.78
0.175671528819,-0.000880396331671,-0.0514870048153,[ 0.],[ 0.],[ 0.],3.8
0.175723720317,-0.000704318121815,-0.0513113131187,[ 0.],[ 0.],[ 0.],3.82
0.175775560027,-0.00052823920764,-0.0511355674697,[ 0.],[ 0.],[ 0.],3.841
0.17592817551,-0.00052823920764,-0.0506080114707,[ 0.],[ 0.],[ 0.],3.861
0.176129639792,-0.000352159765227,-0.0499038953415,[ 0.],[ 0.],[ 0.],3.88
0.176523230578,-0.000352159765227,-0.0484932763367,[ 0.],[ 0.],[ 0.],3.901
0.176999593243,-0.000176079970653,-0.0467256437897,[ 0.],[ 0.],[ 0.],3.92
0.177636385211,-0.000176079970653,-0.0442431513931,[ 0.],[ 0.],[ 0.],3.941
0.178321596392,0.0,-0.0413954231798,[ 0.],[ 0.],[ 0.],3.96
0.179037698612,0.000176079970653,-0.0381791077873,[ 0.],[ 0.],[ 0.],3.981
0.179730742684,0.000176079970653,-0.0347707050582,[ 0.],[ 0.],[ 0.],4.0
0.180358643243,0.000352159765227,-0.0313497781639,[ 0.],[ 0.],[ 0.],4.021
0.180921699435,0.000352159765227,-0.0279175116538,[ 0.],[ 0.],[ 0.],4.041
0.181419009152,0.00052823920764,-0.0244752299595,[-0.00750102],[-0.00061728],[-0.02720074],4.061
0.181851265397,0.00052823920764,-0.0210240585279,[-0.02452157],[-0.00189064],[-0.09454089],4.08
0.182182380302,0.00052823920764,-0.0179296980166,[-0.03811361],[-0.00280312],[-0.15509725],4.101
0.18238441454,0.00052823920764,-0.0157422709983,[-0.04683502],[-0.00335031],[-0.19798557],4.121
0.181464279963,0.000700318132481,-0.0152064937466,[-0.0419913],[-0.00454919],[-0.20594065],4.14
0.180467749644,0.000696318143148,-0.0155807342414,[-0.0342133],[-0.00435706],[-0.19624721],4.16
0.180483240142,0.000696318143148,-0.0154002587315,[-0.03475426],[-0.00441345],[-0.19982688],4.181
0.179502200321,0.000692318153815,-0.0155940237163,[-0.0278633],[-0.00428463],[-0.19402496],4.201
0.178536859025,0.000688318164481,-0.0156092596765,[-0.02168413],[-0.00422001],[-0.19212424],4.221
0.177556013459,0.000684318175148,-0.0158040056041,[-0.01533962],[-0.00410686],[-0.18700314],4.241
0.175610428025,0.000676318196481,-0.0160178950695,[-0.00357637],[-0.00396241],[-0.18142085],4.26
0.174629777696,0.000672318207148,-0.0162136217451,[ 0.00213391],[-0.00387516],[-0.17745592],4.281
0.173649127367,0.000668318217815,-0.0164093484208,[ 0.00767517],[-0.00379714],[-0.17391318],4.3
0.172684995775,0.000664318228481,-0.0164323983456,[ 0.01318585],[-0.00378384],[-0.17422799],4.32
0.171704541663,0.000660318239148,-0.0166291055735,[ 0.01858756],[-0.00372443],[-0.17152272],4.341
0.17072408755,0.000656318249815,-0.0168258128015,[ 0.02394051],[-0.00367468],[-0.16926155],4.36
0.169760571083,0.000652318260481,-0.016852767913,[ 0.02961542],[-0.00368717],[-0.17074004],4.381
0.168780314168,0.000648318271148,-0.0170504554965,[ 0.03507212],[-0.0036558],[-0.16931814],4.4
0.168780314168,0.000648318271148,-0.0170504554965,[ 0.03507212],[-0.0036558],[-0.16931814],4.42
0.167800057253,0.000644318281815,-0.0172481430801,[ 0.04060643],[-0.00363384],[-0.16833272],4.441
0.167817221494,0.000644318281815,-0.0170803344267,[ 0.04106712],[-0.00368385],[-0.1715215],4.461
0.167817221494,0.000644318281815,-0.0170803344267,[ 0.04106712],[-0.00368385],[-0.1715215],4.48
0.167817221494,0.000644318281815,-0.0170803344267,[ 0.04106712],[-0.00368385],[-0.1715215],4.5
0.167834217917,0.000644318281815,-0.016912508693,[ 0.04152131],[-0.00373343],[-0.17471388],4.521
0.167834217917,0.000644318281815,-0.016912508693,[ 0.04152131],[-0.00373343],[-0.17471388],4.54
0.167834217917,0.000644318281815,-0.016912508693,[ 0.04152131],[-0.00373343],[-0.17471388],4.56
0.167851046505,0.000644318281815,-0.0167446660468,[ 0.04196915],[-0.00378258],[-0.17790979],4.58
0.167851046505,0.000644318281815,-0.0167446660468,[ 0.04196915],[-0.00378258],[-0.17790979],4.601
0.168830705947,0.000648318271148,-0.0165440385866,[ 0.03623389],[-0.00380774],[-0.17905961],4.621
0.168847165568,0.000648318271148,-0.0163751996367,[ 0.03660942],[-0.0038575],[-0.18231262],4.64
0.169826623893,0.000652318260481,-0.0161735926175,[ 0.03087138],[-0.00389262],[-0.18393785],4.661
0.169826623893,0.000652318260481,-0.0161735926175,[ 0.03087138],[-0.00389262],[-0.18393785],4.681
0.170821968797,0.000656318249815,-0.0158011715585,[ 0.02538511],[-0.00398769],[-0.18933922],4.701
0.170821968797,0.000656318249815,-0.0158011715585,[ 0.02538511],[-0.00398769],[-0.18933922],4.72
0.171801225025,0.000660318239148,-0.0155985851819,[ 0.01957797],[-0.00404145],[-0.19185647],4.741
0.171816737707,0.000660318239148,-0.0154267761862,[ 0.01972938],[-0.00409255],[-0.19525042],4.76
0.172795790859,0.000664318228481,-0.0152232106549,[ 0.01378833],[-0.00415561],[-0.19822274],4.781
0.172795790859,0.000664318228481,-0.0152232106549,[ 0.01378833],[-0.00415561],[-0.19822274],4.801
0.173759737481,0.000668318217815,-0.0151934124287,[ 0.0077485],[-0.0041753],[-0.19813897],4.821
0.173681598743,0.000668318217815,-0.0160620175789,[ 0.00770912],[-0.00390787],[-0.18083098],4.84
0.173512297237,0.000668318217815,-0.0177980015253,[ 0.00741522],[-0.00333113],[-0.14627685],4.86
0.173225817458,0.000668318217815,-0.0203985861467,[ 0.00622307],[-0.00234417],[-0.09464515],4.88
0.172853285058,0.000835396519171,-0.023340453235,[ 0.00323535],[-0.00125904],[-0.036636],4.9
0.172509590042,0.000835396519171,-0.025758032848,[ 0.],[ 0.],[ 0.],4.92
0.172188080525,0.000835396519171,-0.02782624369,[ 0.],[ 0.],[ 0.],4.94
0.171959050968,0.00100247398513,-0.02920295595,[ 0.],[ 0.],[ 0.],4.961
0.171810887313,0.00100247398513,-0.0300623825862,[ 0.],[ 0.],[ 0.],4.981
0.171688184655,0.00116955044862,-0.0307495073415,[ 0.],[ 0.],[ 0.],5.001
0.171532291661,0.00116955044862,-0.0316075603199,[ 0.],[ 0.],[ 0.],5.02
0.171339559865,0.00116955044862,-0.0326361789603,[ 0.],[ 0.],[ 0.],5.041
0.171105663357,0.00133662574255,-0.0338348666132,[ 0.],[ 0.],[ 0.],5.061
0.170794223936,0.00133662574255,-0.0353734264913,[ 0.],[ 0.],[ 0.],5.08
0.170431955927,0.00133662574255,-0.0370795716085,[ 0.],[ 0.],[ 0.],5.1
0.169973323629,0.00150369969986,-0.039122128544,[ 0.],[ 0.],[ 0.],5.121
0.169408974607,0.00150369969986,-0.0414978434351,[ 0.],[ 0.],[ 0.],5.14
0.168809835819,0.00167077215347,-0.0438654835961,[ 0.],[ 0.],[ 0.],5.16
0.168086410829,0.00167077215347,-0.0465607110677,[ 0.],[ 0.],[ 0.],5.181
0.167318202349,0.00183784293631,-0.0492440280231,[ 0.],[ 0.],[ 0.],5.2
0.166456917297,0.00183784293631,-0.0520811848686,[ 0.],[ 0.],[ 0.],5.22
0.165545606784,0.00200491188131,-0.0549032349021,[ 0.],[ 0.],[ 0.],5.24
0.164588375983,0.00200491188131,-0.0577094413387,[ 0.],[ 0.],[ 0.],5.26
0.164518783738,0.00218497845523,-0.0607263407968,[ 0.],[ 0.],[ 0.],5.281
0.163462713277,0.00218497845523,-0.0635142506639,[ 0.],[ 0.],[ 0.],5.3
0.162290780354,0.00235304313217,-0.0664459073236,[ 0.],[ 0.],[ 0.],5.32
0.16120691842,0.00235304313217,-0.0690339441254,[ 0.],[ 0.],[ 0.],5.341
0.160998877307,0.00253610489357,-0.0718956360129,[ 0.01236825],[-0.00224033],[ 0.01751946],5.36
0.159750854989,0.0027051645762,-0.0746217073972,[ 0.04647075],[-0.00824381],[ 0.0679902],5.381
0.15967714847,0.00272116389354,-0.0770130918963,[ 0.06617248],[-0.01175148],[ 0.10573806],5.401
0.160116825768,0.00290821991602,-0.0782976191389,[ 0.0718997],[-0.01404943],[ 0.12392508],5.421
0.161020753479,0.00309727274095,-0.0786273276323,[ 0.06680003],[-0.01480036],[ 0.12401255],5.44
0.162991264397,0.00313327079698,-0.0789676081976,[ 0.05412074],[-0.01412097],[ 0.11835466],5.461
0.163973328298,0.00332631985799,-0.0791371973414,[ 0.04855809],[-0.0146481],[ 0.11632638],5.481
0.165940400276,0.00354136389806,-0.0794768840483,[ 0.03839159],[-0.01500713],[ 0.11324935],5.5
0.167910836307,0.00358136123144,-0.0798171516816,[ 0.02928528],[-0.01479457],[ 0.1116763],5.52
0.169877614595,0.00380240050918,-0.0801567876723,[ 0.02106035],[-0.01563332],[ 0.11241705],5.54
0.171924542158,0.00402743510189,-0.0803244942115,[ 0.01250134],[-0.016371],[ 0.1117636],5.561
0.173895234688,0.00407143155264,-0.0806627770286,[ 0.00462313],[-0.01703779],[ 0.11634573],5.581
0.175861778946,0.00430246064297,-0.0810003477667,[-0.00378218],[-0.01888268],[ 0.12336681],5.601
0.177832427129,0.00434845658741,-0.0813386229713,[-0.01314938],[-0.02018745],[ 0.13192392],5.62
0.179798650068,0.00458547976436,-0.0816761385528,[-0.02382348],[-0.02276517],[ 0.14260258],5.64
0.18176459013,0.00482649720321,-0.0820136055764,[-0.03606797],[-0.0257343],[ 0.15478737],5.66
0.183730241406,0.00507150856497,-0.0823510230279,[-0.0500621],[-0.02908171],[ 0.16822978],5.68
0.184715493064,0.00509750563573,-0.0825201481966,[-0.05770409],[-0.03027607],[ 0.17515876],5.7
0.186763587689,0.00534751022224,-0.0826707883582,[-0.07425393],[-0.03375447],[ 0.18701733],5.721
0.187743585837,0.00557351166119,-0.0828380030239,[-0.08341468],[-0.03648209],[ 0.19492861],5.74
0.188728952903,0.00560150800267,-0.0830061337749,[-0.09293277],[-0.03791721],[ 0.20261869],5.76
0.188723332622,0.00580150674234,-0.0830051748003,[-0.09305988],[-0.03934085],[ 0.20297301],5.78
0.189702825095,0.00603149518072,-0.083172303184,[-0.10318243],[-0.04232822],[ 0.21112481],5.8
0.188711500626,0.00620148661719,-0.0830031559359,[-0.09332576],[-0.04220971],[ 0.20371609],5.82
0.188711500626,0.00620148661719,-0.0830031559359,[-0.09332576],[-0.04220971],[ 0.20371609],5.842
0.187720040129,0.00636947281343,-0.0828339854778,[-0.08392792],[-0.04202633],[ 0.19646691],5.86
0.186728446566,0.00653545366444,-0.082664792315,[-0.0749901],[-0.04178681],[ 0.1894025],5.881
0.185736722899,0.00669942906923,-0.0824955769529,[-0.06651055],[-0.04150081],[ 0.18254918],5.901
0.184751539153,0.00666543561952,-0.0823274774813,[-0.05836244],[-0.03989228],[ 0.17545404],5.921
0.182774572603,0.00679141322161,-0.0819901525571,[-0.04354455],[-0.03803798],[ 0.1624776],5.941
0.180797552832,0.0069133864827,-0.0816528185519,[-0.03043978],[-0.03629841],[ 0.15070144],5.96
0.178827323317,0.0068414020337,-0.0813166431515,[-0.01883833],[-0.03367381],[ 0.13977158],5.98
0.176850328187,0.00695737230597,-0.0809793133508,[-0.00863096],[-0.03245304],[ 0.13102865],6.0
0.174873293641,0.00706933835924,-0.0806419768247,[ 0.00056598],[-0.03157783],[ 0.12410586],6.02
0.173881229484,0.00721629034573,-0.0804727033654,[ 0.00492743],[-0.03178291],[ 0.12169038],6.041
0.171911221712,0.00713831011723,-0.0801365658004,[ 0.01323452],[-0.0305856],[ 0.11707609],6.061
0.169934165014,0.00724126863452,-0.0797992254946,[ 0.02158613],[-0.03085591],[ 0.1151247],6.081
0.167964235096,0.00716128996614,-0.0794631012137,[ 0.030163],[-0.03070113],[ 0.11451651],6.1
0.165987237544,0.00725824608251,-0.0791257709997,[ 0.03973782],[-0.03200205],[ 0.11642235],6.12
0.165073985325,0.00739318595592,-0.078791452393,[ 0.04376116],[-0.03259459],[ 0.11507378],6.14
0.16408893362,0.00735119830283,-0.0786243890088,[ 0.04911125],[-0.03308811],[ 0.11679974],6.16
0.163096589871,0.00748313345016,-0.0784560889044,[ 0.05514324],[-0.03466605],[ 0.11950353],6.18
0.162104159415,0.0076130629634,-0.0782877740945,[ 0.06162052],[-0.03637769],[ 0.12253265],6.2
0.161119192473,0.00756907715936,-0.078120725086,[ 0.06821574],[-0.03719742],[ 0.12527558],6.221
0.16012672213,0.00769600198556,-0.0779524035114,[ 0.07563713],[-0.03913754],[ 0.12885762],6.241
0.16012672213,0.00769600198556,-0.0779524035114,[ 0.07563713],[-0.03913754],[ 0.12885762],6.261
0.16011905023,0.00786690491981,-0.077951102368,[ 0.07601061],[-0.04018347],[ 0.12942108],6.28
0.160189079541,0.00803779998715,-0.0777896224903,[ 0.07466338],[-0.04051938],[ 0.12698824],6.301
0.161630843479,0.00825666858681,-0.076985912089,[ 0.05813124],[-0.03590132],[ 0.10635566],6.321
0.162317161329,0.00825666858681,-0.0755281362274,[ 0.0434254],[-0.02827042],[ 0.07921194],6.34
0.164118761777,0.00847752662591,-0.0738773062241,[ 0.02181017],[-0.01699221],[ 0.04336265],6.36
0.165831018806,0.00870037378664,-0.0723617958434,[ 0.00486065],[-0.00461223],[ 0.01073818],6.381
0.166262202027,0.00870037378664,-0.071365513192,[ 0.],[ 0.],[ 0.],6.401
0.166608225722,0.00887423185281,-0.0705322616311,[ 0.],[ 0.],[ 0.],6.421
0.167740711833,0.00892520974718,-0.0703164776193,[ 0.],[ 0.],[ 0.],6.44
0.167801993411,0.00910005761324,-0.0701476497031,[ 0.],[ 0.],[ 0.],6.46
0.16793282622,0.00927489637925,-0.0698108514121,[ 0.],[ 0.],[ 0.],6.481
0.16821072542,0.00927489637925,-0.0691385634125,[ 0.],[ 0.],[ 0.],6.501
0.168545004404,0.00944972587036,-0.0682956585118,[ 0.],[ 0.],[ 0.],6.521
0.169018940773,0.00944972587036,-0.0671141798794,[ 0.],[ 0.],[ 0.],6.541
0.169540942233,0.00962454591174,-0.0657590284517,[ 0.],[ 0.],[ 0.],6.56
0.170051905049,0.00979935632858,-0.0643998059367,[ 0.],[ 0.],[ 0.],6.581
0.170498533755,0.00979935632858,-0.0632078745339,[ 0.],[ 0.],[ 0.],6.601
0.170614748723,0.00997415694606,-0.0628660203255,[ 0.],[ 0.],[ 0.],6.621
0.169619105089,0.00991718780655,-0.0627922079151,[ 0.],[ 0.],[ 0.],6.64
0.169609128383,0.0100909801026,-0.0627914682883,[ 0.],[ 0.],[ 0.],6.661
0.169609128383,0.0100909801026,-0.0627914682883,[ 0.],[ 0.],[ 0.],6.68
0.169598978365,0.0102647623076,-0.062790715813,[ 0.],[ 0.],[ 0.],6.701
0.169598978365,0.0102647623076,-0.062790715813,[ 0.],[ 0.],[ 0.],6.721
0.169598978365,0.0102647623076,-0.062790715813,[ 0.],[ 0.],[ 0.],6.741
0.169588655046,0.0104385342479,-0.0627899504899,[ 0.],[ 0.],[ 0.],6.76
0.169651360191,0.0104385342479,-0.0626203304681,[ 0.],[ 0.],[ 0.],6.781
0.169640862808,0.0106122957497,-0.062619562795,[ 0.],[ 0.],[ 0.],6.8
0.169640862808,0.0106122957497,-0.062619562795,[ 0.],[ 0.],[ 0.],6.82
0.169630192131,0.0107860466392,-0.062618782449,[ 0.],[ 0.],[ 0.],6.841
0.169630192131,0.0107860466392,-0.062618782449,[ 0.],[ 0.],[ 0.],6.861
0.168623990049,0.0108968284088,-0.0625451989416,[ 0.],[ 0.],[ 0.],6.88
0.16769102051,0.0108338700751,-0.0623047486123,[ 0.],[ 0.],[ 0.],6.9
0.166684761941,0.0109416469314,-0.0622321725406,[ 0.],[ 0.],[ 0.],6.921
0.165689394818,0.0108776906131,-0.0621603820108,[ 0.],[ 0.],[ 0.],6.94
0.163687854997,0.0109175084634,-0.0620160216027,[ 0.],[ 0.],[ 0.],6.96
0.161697249328,0.0107875999857,-0.0618724498167,[ 0.],[ 0.],[ 0.],6.98
0.159695931927,0.0108214196549,-0.0617281054505,[ 0.],[ 0.],[ 0.],7.001
0.157766962506,0.010689515466,-0.0614268068588,[ 0.],[ 0.],[ 0.],7.02
0.154770491611,0.01065038756,-0.061213699213,[ 0.00750448],[-0.00395094],[ 0.00375476],7.04
0.151784763958,0.0104495379077,-0.0610013556217,[ 0.04982071],[-0.02242507],[ 0.02130692],7.061
0.148799036305,0.0102486882555,-0.0607890120303,[ 0.09771863],[-0.03822332],[ 0.03630921],7.08
0.145803211448,0.0101975768258,-0.0605759503304,[ 0.15063484],[-0.05261231],[ 0.04922882],7.1
0.142817685631,0.00999373400542,-0.0603636210936,[ 0.20562608],[-0.06385409],[ 0.059733],7.121
0.139882403569,0.00993363328155,-0.0600107398848,[ 0.2619209],[-0.07408896],[ 0.06733398],7.141
0.137134981584,0.00972679749695,-0.0592533462041,[ 0.31441162],[-0.08076632],[ 0.06924613],7.161
0.135786234818,0.00958890697389,-0.0576316241054,[ 0.33755311],[-0.08254156],[ 0.05909507],7.18
0.135684477799,0.00965770836037,-0.0554124891485,[ 0.33539436],[-0.08238835],[ 0.04135509],7.2
0.136722348355,0.00951996171235,-0.052824829288,[ 0.30965577],[-0.0770139],[ 0.02018629],7.22
0.137701282083,0.00951996171235,-0.050217726368,[ 0.2876598],[-0.07342103],[ 0.00096563],7.241
0.138487106036,0.00951996171235,-0.0480081721257,[ 0.2718763],[-0.07088597],[-0.01402446],7.26
0.140004090162,0.00958890697389,-0.0464560050057,[ 0.24208768],[-0.06633222],[-0.02279031],7.281
0.141140028924,0.00965785223542,-0.0460068573755,[ 0.21951723],[-0.06261272],[-0.02400595],7.301
0.142183136752,0.00972679749695,-0.0458357702425,[ 0.19865423],[-0.05888038],[-0.02335646],7.32
0.14417747985,0.00986468802002,-0.045775921994,[ 0.15884156],[-0.05083693],[-0.02016431],7.34
0.146171822947,0.0100025785431,-0.0457160737455,[ 0.11984274],[-0.04158211],[-0.01649222],7.361
0.148155956809,0.0102871939864,-0.045656531866,[ 0.08296331],[-0.03179326],[-0.0124282],7.38
0.15015016108,0.0104270796811,-0.0455966877836,[ 0.04641049],[-0.019474],[-0.007612],7.4
0.152144365352,0.0105669653758,-0.0455368437011,[ 0.01153039],[-0.0053309],[-0.00208361],7.42
0.154183969547,0.0107068510704,-0.0453228383362,[ 0.],[ 0.],[ 0.],7.441
0.155170192834,0.0109304911619,-0.045292255617,[ 0.],[ 0.],[ 0.],7.462
0.157164195449,0.0110723718883,-0.0452304217272,[ 0.],[ 0.],[ 0.],7.48
0.158161196757,0.0111433122515,-0.0451995047823,[ 0.],[ 0.],[ 0.],7.501
0.159158198064,0.0112142526147,-0.0451685878374,[ 0.],[ 0.],[ 0.],7.52
0.160188898245,0.0114438665161,-0.0449778567539,[ 0.],[ 0.],[ 0.],7.541
0.161185796735,0.0115158043242,-0.044945945109,[ 0.],[ 0.],[ 0.],7.561
0.162182695224,0.0115877421323,-0.0449140334641,[ 0.],[ 0.],[ 0.],7.581
0.163167859217,0.0118213341538,-0.0448824974513,[ 0.],[ 0.],[ 0.],7.6
0.164164685307,0.0118942693349,-0.044850588124,[ 0.],[ 0.],[ 0.],7.62
0.165206247488,0.011967204516,-0.0446534949034,[ 0.],[ 0.],[ 0.],7.641
0.165194205024,0.0121308415081,-0.0446538924491,[ 0.],[ 0.],[ 0.],7.661
0.166190925312,0.0122047739892,-0.0446209887346,[ 0.],[ 0.],[ 0.],7.681
0.167187645601,0.0122787064704,-0.0445880850202,[ 0.],[ 0.],[ 0.],7.701
0.168216408211,0.0125192554911,-0.0443873974311,[ 0.],[ 0.],[ 0.],7.721
0.168216408211,0.0125192554911,-0.0443873974311,[ 0.],[ 0.],[ 0.],7.741
0.169213020709,0.0125941851984,-0.0443534995431,[ 0.],[ 0.],[ 0.],7.761
0.169200350049,0.0127617863699,-0.0443539305116,[ 0.],[ 0.],[ 0.],7.781
0.170196887163,0.0128377132284,-0.0443200351878,[ 0.],[ 0.],[ 0.],7.801
0.170241122093,0.0128377132284,-0.0441498161689,[ 0.],[ 0.],[ 0.],7.821
0.170228207999,0.0130062987134,-0.0441502683469,[ 0.],[ 0.],[ 0.],7.842
0.171224634341,0.0130832226471,-0.0441153791773,[ 0.],[ 0.],[ 0.],7.861
0.171224634341,0.0130832226471,-0.0441153791773,[ 0.],[ 0.],[ 0.],7.88
0.171211474397,0.0132527921241,-0.0441158399635,[ 0.],[ 0.],[ 0.],7.9
0.171255504624,0.0132527921241,-0.0439446064597,[ 0.],[ 0.],[ 0.],7.921
0.171255504624,0.0132527921241,-0.0439446064597,[ 0.],[ 0.],[ 0.],7.94
0.172238410908,0.0135012662009,-0.0439092065394,[ 0.],[ 0.],[ 0.],7.961
0.172238410908,0.0135012662009,-0.0439092065394,[ 0.],[ 0.],[ 0.],7.981
0.172282233988,0.0135012662009,-0.0437369462026,[ 0.],[ 0.],[ 0.],8.0
0.17226865675,0.0136718058442,-0.0437374487898,[ 0.],[ 0.],[ 0.],8.021
0.173264776223,0.0137517205382,-0.0437005755413,[ 0.],[ 0.],[ 0.],8.041
0.174246987326,0.0140041547269,-0.0436642171374,[ 0.],[ 0.],[ 0.],8.061
0.175243026441,0.0140850661825,-0.0436273468635,[ 0.],[ 0.],[ 0.],8.081
0.176239065557,0.014165977638,-0.0435904765895,[ 0.],[ 0.],[ 0.],8.1
0.177264245364,0.0144223846262,-0.0433768940488,[ 0.],[ 0.],[ 0.],8.12
0.179256086156,0.0145862008987,-0.0433011676456,[ 0.],[ 0.],[ 0.],8.14
0.181247926948,0.0147500171711,-0.0432254412423,[ 0.],[ 0.],[ 0.],8.161
0.183224774007,0.0150952941464,-0.0431502848753,[ 0.],[ 0.],[ 0.],8.181
0.185216450105,0.0152611036163,-0.0430745647335,[ 0.],[ 0.],[ 0.],8.201
0.188231239959,0.0156962460081,-0.0427733674713,[ 0.],[ 0.],[ 0.],8.22
0.191218389013,0.0159479497606,-0.0426568095574,[ 0.],[ 0.],[ 0.],8.241
0.194205538068,0.0161996535132,-0.0425402516434,[-0.01984732],[-0.01674099],[-0.00708336],8.26
0.197192687122,0.0164513572657,-0.0424236937294,[-0.06245016],[-0.04629408],[-0.01958621],8.28
0.201217720217,0.0167869622691,-0.0420670865243,[-0.12822208],[-0.0820994],[-0.03562588],8.3
0.204254916345,0.0164314983935,-0.0419455338441,[-0.17757061],[-0.09973542],[-0.04488576],8.321
0.207312360203,0.0152360057166,-0.0420288262611,[-0.22557275],[-0.10636263],[-0.05109571],8.341
0.210374940154,0.0131633284245,-0.0423268725522,[-0.27332153],[-0.10170536],[-0.05445809],8.361
0.213372736719,0.0101759313917,-0.043063423521,[-0.32068955],[-0.08504254],[-0.05330827],8.38
0.215257674634,0.00642143668335,-0.0442848897737,[-0.34794082],[-0.05549948],[-0.04553294],8.4
0.215933539203,0.00236583228838,-0.0462008905205,[-0.35389517],[-0.02045405],[-0.0304884],8.421
0.216416512232,-0.00194469374639,-0.0485662866553,[-0.36213434],[ 0.01700386],[-0.01203226],8.441
0.214697259888,-0.00580645445578,-0.0513691004713,[-0.32941115],[ 0.04818244],[ 0.0097246],8.46
0.214007957426,-0.00903070442639,-0.053725723222,[-0.32455438],[ 0.07513735],[ 0.02757562],8.481
0.211362427065,-0.0110751672163,-0.0558064323905,[-0.27970706],[ 0.0851924],[ 0.04004442],8.501
0.208913007044,-0.0120250459686,-0.0572147407336,[-0.2376092],[ 0.08425267],[ 0.04544462],8.521
0.206802701689,-0.0119111076895,-0.0575605844978,[-0.19665772],[ 0.07365447],[ 0.04205231],8.541
0.20387849557,-0.0115344491215,-0.0572493522012,[-0.13761756],[ 0.05496626],[ 0.03105893],8.561
0.200885032773,-0.0113665369157,-0.0571445382008,[-0.08090661],[ 0.0355274],[ 0.02007365],8.581
0.197902661919,-0.0109988527874,-0.0570401125769,[-0.02568605],[ 0.01233556],[ 0.00709635],8.601
0.194862728659,-0.0106371485865,-0.0571305596819,[ 0.],[ 0.],[ 0.],8.62
0.191869042553,-0.0104752273071,-0.0570227404002,[ 0.],[ 0.],[ 0.],8.64
0.189873251815,-0.0103672797874,-0.056950860879,[ 0.],[ 0.],[ 0.],8.66
0.187877461078,-0.0102593322677,-0.0568789813578,[ 0.],[ 0.],[ 0.],8.681
0.185881670341,-0.0101513847481,-0.0568071018366,[ 0.],[ 0.],[ 0.],8.7
0.183875749831,-0.010229240937,-0.056734857486,[ 0.],[ 0.],[ 0.],8.72
0.1828779089,-0.010174268662,-0.056698919686,[ 0.],[ 0.],[ 0.],8.742
0.1828779089,-0.010174268662,-0.056698919686,[ 0.],[ 0.],[ 0.],8.761
0.18186986339,-0.0103030929459,-0.0566626143624,[ 0.],[ 0.],[ 0.],8.781
0.18186986339,-0.0103030929459,-0.0566626143624,[ 0.],[ 0.],[ 0.],8.8
0.182924255992,-0.0103590636811,-0.0565156541982,[ 0.],[ 0.],[ 0.],8.821
0.182924255992,-0.0103590636811,-0.0565156541982,[ 0.],[ 0.],[ 0.],8.841
0.183911575433,-0.0106008174807,-0.056550224496,[ 0.],[ 0.],[ 0.],8.861
0.18490933993,-0.0106577866202,-0.0565851605201,[ 0.],[ 0.],[ 0.],8.88
0.185885312735,-0.0110902831734,-0.0566193335234,[ 0.],[ 0.],[ 0.],8.901
0.18686029927,-0.0115267284028,-0.0566534719931,[ 0.],[ 0.],[ 0.],8.921
0.18883169259,-0.0120300784167,-0.0567224989476,[ 0.],[ 0.],[ 0.],8.94
0.190826502458,-0.0121559950842,-0.0567923458161,[ 0.],[ 0.],[ 0.],8.961
0.192890255619,-0.0120872126515,-0.0566697571687,[ 0.],[ 0.],[ 0.],8.981
0.193887757401,-0.0121491729378,-0.0567036853039,[ 0.],[ 0.],[ 0.],9.001
0.19589492817,-0.0120753879946,-0.0567719554188,[-0.0008052],[ 0.00046533],[ 0.00023443],9.02
0.19790214505,-0.0119975984164,-0.0568402271021,[-0.03249694],[ 0.01702396],[ 0.00872037],9.04
0.198956543385,-0.0120575624229,-0.0566752312094,[-0.04997395],[ 0.02515238],[ 0.01250711],9.061
0.20096392708,-0.0119747698152,-0.0567414989282,[-0.08479293],[ 0.03910717],[ 0.01977737],9.08
0.201961643581,-0.0120337355914,-0.0567744355296,[-0.10334414],[ 0.04612538],[ 0.0233271],9.101
0.202971343892,-0.0118879721935,-0.0568077677404,[-0.12115222],[ 0.05149035],[ 0.02649088],9.12
0.204037694549,-0.011740200271,-0.0566370876792,[-0.13974766],[ 0.05650123],[ 0.02868803],9.14
0.204037694549,-0.011740200271,-0.0566370876792,[-0.13974766],[ 0.05650123],[ 0.02868803],9.16
0.203051404661,-0.0114784783863,-0.0566055156255,[-0.11950142],[ 0.04889932],[ 0.02527206],9.18
0.203051404661,-0.0114784783863,-0.0566055156255,[-0.11950142],[ 0.04889932],[ 0.02527206],9.201
0.202121271126,-0.0112187418875,-0.0563718403875,[-0.09972364],[ 0.04125079],[ 0.02103164],9.221
0.20112326298,-0.0111637696125,-0.0563408922206,[-0.08081079],[ 0.03453447],[ 0.017607],9.241
0.19913819486,-0.0108530436258,-0.0562793353889,[-0.04263242],[ 0.01916844],[ 0.00995377],9.26
0.197142069674,-0.0107450961062,-0.0562174356784,[-0.00701463],[ 0.00340406],[ 0.00176759],9.281
0.195156478175,-0.0104403505736,-0.0561558626167,[ 0.],[ 0.],[ 0.],9.3
0.193226475851,-0.0101395889833,-0.0559010783942,[ 0.],[ 0.],[ 0.],9.32
0.192228276904,-0.0100876124148,-0.0558711234388,[ 0.],[ 0.],[ 0.],9.34
0.190241762309,-0.00979183395156,-0.0558115101158,[ 0.],[ 0.],[ 0.],9.36
0.188245261508,-0.00968987816281,-0.0557515971168,[ 0.],[ 0.],[ 0.],9.381
0.186258250437,-0.00940008215643,-0.0556919688952,[ 0.],[ 0.],[ 0.],9.401
0.185259949581,-0.00935010298716,-0.0556620108815,[ 0.],[ 0.],[ 0.],9.42
0.18332801219,-0.00906529135616,-0.0554190692725,[ 0.],[ 0.],[ 0.],9.44
0.182338553043,-0.00883244742829,-0.0553903669106,[ 0.],[ 0.],[ 0.],9.46
0.180341696573,-0.00873648428804,-0.0553324418337,[ 0.],[ 0.],[ 0.],9.481
0.179351862789,-0.00850762696792,-0.0553037286042,[ 0.],[ 0.],[ 0.],9.501
0.177354911395,-0.00841366157177,-0.0552458007738,[ 0.],[ 0.],[ 0.],9.52
0.176364709953,-0.00818879137315,-0.0552170768792,[ 0.],[ 0.],[ 0.],9.542
0.175421288211,-0.0081428075941,-0.0550127178636,[ 0.],[ 0.],[ 0.],9.56
0.173432147228,-0.00787594124171,-0.0549570073563,[ 0.],[ 0.],[ 0.],9.58
0.172433551134,-0.00783095642768,-0.0549290393563,[ 0.],[ 0.],[ 0.],9.6
0.171442651541,-0.0076130629634,-0.0549012869147,[ 0.],[ 0.],[ 0.],9.621
0.17044401098,-0.00756907715936,-0.0548733176693,[ 0.],[ 0.],[ 0.],9.641
0.169452807136,-0.00735417319998,-0.0548455567064,[ 0.],[ 0.],[ 0.],9.661
0.168461346497,-0.00714126003739,-0.0548177885514,[ 0.],[ 0.],[ 0.],9.681
0.167462619996,-0.0070992723843,-0.054789816899,[ 0.],[ 0.],[ 0.],9.7
0.166470864079,-0.00688934945532,-0.0547620404741,[ 0.],[ 0.],[ 0.],9.72
0.165581233224,-0.00684836094119,-0.0544030142206,[ 0.],[ 0.],[ 0.],9.74
0.164751524178,-0.00664142862172,-0.0538832024551,[ 0.],[ 0.],[ 0.],9.762
0.164026359346,-0.00643648806069,-0.0530409074322,[ 0.],[ 0.],[ 0.],9.781
0.164393624036,-0.00643648806069,-0.0518914327967,[ 0.],[ 0.],[ 0.],9.801
0.163810570894,-0.00623353954204,-0.0505716585478,[ 0.],[ 0.],[ 0.],9.82
0.163308834986,-0.00619554868672,-0.0489380464681,[ 0.],[ 0.],[ 0.],9.84
0.163843375632,-0.0060325833457,-0.0471386147412,[ 0.],[ 0.],[ 0.],9.861
0.163398362932,-0.00599559178728,-0.0451991224513,[ 0.],[ 0.],[ 0.],9.881
0.164021026079,-0.00583361974759,-0.0429069304967,[ 0.],[ 0.],[ 0.],9.901
0.163607958054,-0.00579762752308,-0.0406644362605,[ 0.],[ 0.],[ 0.],9.92
0.164205198087,-0.00563664901967,-0.0382054172743,[ 0.],[ 0.],[ 0.],9.94
0.163800008765,-0.00560165616506,-0.0356621841285,[ 0.],[ 0.],[ 0.],9.96
0.164349613412,-0.00560165616506,-0.0330369311454,[ 0.],[ 0.],[ 0.],9.981
0.163900953289,-0.00540767798018,-0.030359303845,[ 0.],[ 0.],[ 0.],10.001
0.164393353478,-0.00540767798018,-0.027568735031,[ 0.00426712],[ 0.00217554],[-0.00823312],10.021
0.164838245132,-0.00540767798018,-0.0247701990444,[ 0.02254924],[ 0.0119998],[-0.05105746],10.04
0.164228777547,-0.00537368453047,-0.0223007833945,[ 0.04128873],[ 0.02059865],[-0.09680413],10.06
0.164504802429,-0.00537368453047,-0.0201639850313,[ 0.05138198],[ 0.02630827],[-0.13314696],10.081
0.164622824536,-0.00537368453047,-0.0191765991883,[ 0.05554964],[ 0.02876565],[-0.15038887],10.1
0.164622824536,-0.00537368453047,-0.0191765991883,[ 0.05554964],[ 0.02876565],[-0.15038887],10.12
0.163660861591,-0.00533969108075,-0.0192026790425,[ 0.06231356],[ 0.02934396],[-0.15425862],10.141
0.163660861591,-0.00533969108075,-0.0192026790425,[ 0.06231356],[ 0.02934396],[-0.15425862],10.161
0.16464191882,-0.00537368453047,-0.0190119668029,[ 0.05621679],[ 0.02916479],[-0.15328788],10.18
0.16464191882,-0.00537368453047,-0.0190119668029,[ 0.05621679],[ 0.02916479],[-0.15328788],10.201
0.164660848463,-0.00537368453047,-0.0188473154055,[ 0.05687639],[ 0.02956101],[-0.15619378],10.22
0.16564171449,-0.00540767798018,-0.0186556222042,[ 0.05099595],[ 0.02946797],[-0.15567305],10.241
0.16564171449,-0.00540767798018,-0.0186556222042,[ 0.05099595],[ 0.02946797],[-0.15567305],10.26
0.166640961131,-0.00544167142989,-0.0182972972181,[ 0.04588242],[ 0.02986911],[-0.15859448],10.281
0.167621634974,-0.0054756648796,-0.0181046232468,[ 0.04034678],[ 0.02994233],[-0.15895408],10.3
0.168602308816,-0.00550965832931,-0.0179119492754,[ 0.03494703],[ 0.0300962],[-0.15974198],10.32
0.16960061714,-0.00554365177903,-0.0175496834901,[ 0.02997575],[ 0.03077669],[-0.1641805],10.341
0.170581097819,-0.00557764522874,-0.0173560289414,[ 0.02464229],[ 0.0311041],[-0.16589759],10.36
0.171561578497,-0.00561163867845,-0.0171623743927,[ 0.01930975],[ 0.03151427],[-0.16805574],10.38
0.172558941622,-0.00564563212816,-0.0167961693292,[ 0.01403753],[ 0.03246572],[-0.17400151],10.401
0.173539228156,-0.00567962557787,-0.0166015343968,[ 0.00849866],[ 0.03304365],[-0.17706842],10.42
0.173539228156,-0.00567962557787,-0.0166015343968,[ 0.00849866],[ 0.03304365],[-0.17706842],10.441
0.174535834327,-0.00571361902758,-0.0162323717754,[ 0.00277518],[ 0.03416087],[-0.18397263],10.46
0.175515925736,-0.0057476124773,-0.0160367566539,[-0.00313234],[ 0.03489551],[-0.18789721],10.481
0.176511770035,-0.00578160592701,-0.0156646376242,[-0.00945519],[ 0.03616037],[-0.19567893],10.501
0.177491665339,-0.00581559937672,-0.0154680425093,[-0.01586829],[ 0.03703692],[-0.20038898],10.521
0.177491665339,-0.00581559937672,-0.0154680425093,[-0.01586829],[ 0.03703692],[-0.20038898],10.54
0.178486742852,-0.00584959282643,-0.0150929682278,[-0.02290604],[ 0.03842871],[-0.20895107],10.561
0.178486742852,-0.00584959282643,-0.0150929682278,[-0.02290604],[ 0.03842871],[-0.20895107],10.581
0.178486742852,-0.00584959282643,-0.0150929682278,[-0.02290604],[ 0.03842871],[-0.20895107],10.6
0.178486742852,-0.00584959282643,-0.0150929682278,[-0.02290604],[ 0.03842871],[-0.20895107],10.621
0.178471560643,-0.00584959282643,-0.0152714473945,[-0.02253948],[ 0.03797911],[-0.20545295],10.641
0.178456199962,-0.00584959282643,-0.0154499112896,[-0.02217147],[ 0.03752506],[-0.20195594],10.66
0.177460374291,-0.00581559937672,-0.0158229946673,[-0.01528111],[ 0.03612005],[-0.19342409],10.681
0.177460374291,-0.00581559937672,-0.0158229946673,[-0.01528111],[ 0.03612005],[-0.19342409],10.701
0.177444462569,-0.00581559937672,-0.0160004471005,[-0.01498671],[ 0.03565476],[-0.18994341],10.721
0.176463981891,-0.00578160592701,-0.0161941016492,[-0.00880551],[ 0.03477499],[-0.18528697],10.74
0.17644769956,-0.00578160592701,-0.0163705575046,[-0.00858963],[ 0.03430398],[-0.18182553],10.76
0.175410820451,-0.0059165918565,-0.0170906644001,[-0.0022969],[ 0.03307975],[-0.16767622],10.781
0.175364488527,-0.0057476124773,-0.0176157291762,[-0.00193862],[ 0.03057012],[-0.15697214],10.8
0.174310071367,-0.00571361902758,-0.0184999020969,[ 0.0033573],[ 0.02780339],[-0.13970347],10.82
0.173251402391,-0.00567962557787,-0.0193759186283,[ 0.00771734],[ 0.02506672],[-0.12319164],10.84
0.173172512914,-0.00567962557787,-0.0200687673827,[ 0.00735618],[ 0.02286219],[-0.10982197],10.861
0.172127023958,-0.00564563212816,-0.020760232684,[ 0.01052769],[ 0.02068776],[-0.09767171],10.881
0.172085159267,-0.00564563212816,-0.021104444982,[ 0.01008244],[ 0.01952825],[-0.09111497],10.9
0.171057422489,-0.00561163867845,-0.0216166723338,[ 0.01267341],[ 0.01803861],[-0.0831776],10.92
0.171057422489,-0.00561163867845,-0.0216166723338,[ 0.01267341],[ 0.01803861],[-0.0831776],10.941
0.170072238743,-0.00557764522874,-0.0217847718053,[ 0.01577637],[ 0.01785699],[-0.08235271],10.96
0.170072238743,-0.00557764522874,-0.0217847718053,[ 0.01577637],[ 0.01785699],[-0.08235271],10.98
0.170093938475,-0.00557764522874,-0.0216146887025,[ 0.01621129],[ 0.01843043],[-0.08550823],11.001
0.169108923321,-0.00554365177903,-0.0217837732736,[ 0.01950808],[ 0.01835759],[-0.08518352],11.021
0.169065017586,-0.00554365177903,-0.0221219473273,[ 0.01844928],[ 0.0172328],[-0.07900855],11.04
0.168975177514,-0.00554365177903,-0.0227980286189,[ 0.01621216],[ 0.01491738],[-0.06673898],11.06
0.168811452742,-0.00554365177903,-0.0239802866524,[ 0.01188111],[ 0.010643],[-0.04555241],11.081
0.167631230592,-0.0053476692747,-0.0254775541141,[ 0.00762033],[ 0.00553023],[-0.02312939],11.101
0.167395146681,-0.0053476692747,-0.0269851829883,[ 0.],[ 0.],[ 0.],11.12
0.167173910904,-0.0053476692747,-0.0283234663562,[ 0.],[ 0.],[ 0.],11.141
0.167006186925,-0.00518567487241,-0.0293253321363,[ 0.],[ 0.],[ 0.],11.16
0.166857473302,-0.00518567487241,-0.0301599930257,[ 0.],[ 0.],[ 0.],11.181
0.166766242601,-0.00518567487241,-0.0306604289749,[ 0.],[ 0.],[ 0.],11.2
0.166642267084,-0.00518567487241,-0.0313272468834,[ 0.],[ 0.],[ 0.],11.22
0.16658435204,-0.00502367528445,-0.0316598980117,[ 0.],[ 0.],[ 0.],11.24
0.166488622859,-0.00502367528445,-0.0321595078488,[ 0.],[ 0.],[ 0.],11.261
0.166391395282,-0.00502367528445,-0.0326588282505,[ 0.],[ 0.],[ 0.],11.281
0.166292670184,-0.00502367528445,-0.033157854723,[ 0.],[ 0.],[ 0.],11.3
0.166197366433,-0.00486167067282,-0.033656089331,[ 0.],[ 0.],[ 0.],11.32
0.166095650429,-0.00486167067282,-0.0341545292301,[ 0.],[ 0.],[ 0.],11.34
0.165957703913,-0.00486167067282,-0.0348186368243,[ 0.],[ 0.],[ 0.],11.36
0.165817102077,-0.00486167067282,-0.035482187321,[ 0.],[ 0.],[ 0.],11.38
0.165678610578,-0.00469966119952,-0.036144764236,[ 0.],[ 0.],[ 0.],11.401
0.165495816531,-0.00469966119952,-0.0369727020286,[ 0.],[ 0.],[ 0.],11.421
0.165308885098,-0.00469966119952,-0.0377997155056,[ 0.],[ 0.],[ 0.],11.44
0.165083720279,-0.00453764702655,-0.0387905640379,[ 0.],[ 0.],[ 0.],11.461
0.164848006793,-0.00453764702655,-0.0397803621885,[ 0.],[ 0.],[ 0.],11.48
0.164610808197,-0.00437562831594,-0.0407684743596,[ 0.],[ 0.],[ 0.],11.5
0.164321398259,-0.00437562831594,-0.0419197417832,[ 0.],[ 0.],[ 0.],11.521
0.164023936605,-0.00437562831594,-0.0430689551478,[ 0.],[ 0.],[ 0.],11.541
0.163722729645,-0.0042136052297,-0.0442159035695,[ 0.],[ 0.],[ 0.],11.561
0.16331816116,-0.0042136052297,-0.045687597512,[ 0.],[ 0.],[ 0.],11.581
0.162904495915,-0.00405157792986,-0.0471555164015,[ 0.],[ 0.],[ 0.],11.601
0.162424803453,-0.00405157792986,-0.0487821764539,[ 0.],[ 0.],[ 0.],11.62
0.161882354277,-0.00388954657843,-0.0505658738806,[ 0.],[ 0.],[ 0.],11.641
0.161263922963,-0.00388954657843,-0.0525047748109,[ 0.],[ 0.],[ 0.],11.66
0.160622269924,-0.00388954657843,-0.0544361151444,[ 0.],[ 0.],[ 0.],11.681
0.159904853451,-0.00372751133747,-0.056519698353,[ 0.],[ 0.],[ 0.],11.701
0.159097933103,-0.00372751133747,-0.0587527543322,[ 0.],[ 0.],[ 0.],11.72
0.158263468133,-0.00356547236899,-0.0609745427301,[ 0.],[ 0.],[ 0.],11.741
0.157331079984,-0.00356547236899,-0.0633415462225,[ 0.],[ 0.],[ 0.],11.761
0.157427456915,-0.00342442829157,-0.0656350660873,[ 0.],[ 0.],[ 0.],11.781
0.1564964907,-0.00326138256435,-0.0678329166576,[ 0.01337374],[ 0.00235722],[ 0.01166476],11.8
0.155531524483,-0.00326138256435,-0.0700171484397,[ 0.04665544],[ 0.00781578],[ 0.04343509],11.82
0.154683290795,-0.00309833357574,-0.0718788750457,[ 0.07398852],[ 0.01128338],[ 0.07216928],11.84
0.155165824331,-0.0031173324326,-0.0731033651636,[ 0.0792498],[ 0.01245567],[ 0.08362962],11.86
0.156158317806,-0.00297127954484,-0.0732472803436,[ 0.06919366],[ 0.01091164],[ 0.07734442],11.881
0.157150683563,-0.00282322401013,-0.0733911770039,[ 0.0598494],[ 0.00946637],[ 0.07105746],11.901
0.159129697368,-0.00285722237248,-0.073678141236,[ 0.04375105],[ 0.00787675],[ 0.05914096],11.92
0.16012196509,-0.0027051645762,-0.073822023681,[ 0.036615],[ 0.00665744],[ 0.05311761],11.941
0.162101011552,-0.00273716321088,-0.0741089926485,[ 0.02494408],[ 0.00529313],[ 0.04224299],11.961
0.164157027174,-0.0025961026436,-0.0742322266977,[ 0.01436125],[ 0.00343847],[ 0.02908093],11.981
0.166061790021,-0.00262610151861,-0.0746833199973,[ 0.00977679],[ 0.00287248],[ 0.02446508],12.0
0.167893130846,-0.00247903901621,-0.0753065985178,[ 0.00787262],[ 0.00274615],[ 0.02540428],12.02
0.169570300832,-0.00232797442743,-0.0762767750416,[ 0.00824974],[ 0.00353706],[ 0.03618427],12.041
0.171162655012,-0.0023539736951,-0.077432403664,[ 0.00828488],[ 0.00508226],[ 0.05368566],12.061
0.172749902016,-0.00219690727334,-0.0786062195492,[ 0.00638036],[ 0.00622953],[ 0.07353519],12.081
0.174329507321,-0.00203583894334,-0.0797978134848,[ 0.0023739],[ 0.00720796],[ 0.09565174],12.101
0.176061052783,-0.00205783849967,-0.0806548435851,[-0.00431075],[ 0.0083604],[ 0.11292431],12.12
0.17795365458,-0.00189076848682,-0.0811675712107,[-0.01305384],[ 0.00835635],[ 0.12490293],12.141
0.17992685229,-0.00171969678387,-0.081504253067,[-0.02332393],[ 0.00814112],[ 0.13523977],12.161
0.181980029027,-0.00173769654088,-0.0816586936336,[-0.03502699],[ 0.00872006],[ 0.14406123],12.18
0.183953426304,-0.00156062335323,-0.0819933790369,[-0.0485713],[ 0.0084662],[ 0.15738762],12.201
0.184940765797,-0.00137254879079,-0.0821608304266,[-0.05604241],[ 0.00773793],[ 0.1644182],12.221
0.186913829191,-0.00118847286913,-0.082495459204,[-0.07248116],[ 0.00723041],[ 0.17928058],12.241
0.187899732605,-0.00119447283313,-0.0826626670367,[-0.08145205],[ 0.00754219],[ 0.18703171],12.261
0.18888672096,-0.00100039583167,-0.082830058874,[-0.09088521],[ 0.00654735],[ 0.19485562],12.281
0.189873521914,-0.000804317855148,-0.0829974189282,[-0.10080491],[ 0.00545124],[ 0.20281542],12.3
0.189873521914,-0.000804317855148,-0.0829974189282,[-0.10080491],[ 0.00545124],[ 0.20281542],12.321
0.189874215784,-0.00060323909514,-0.0829975366076,[-0.10078753],[ 0.00408754],[ 0.20277171],12.341
0.189874711406,-0.000402159731893,-0.0829976206644,[-0.1007751],[ 0.0027246],[ 0.20274048],12.36
0.18987500878,-0.000201079966487,-0.0829976710985,[-0.10076765],[ 0.00136217],[ 0.20272173],12.381
0.188971824114,-0.000200079966653,-0.0826415298678,[-0.0905066],[ 0.00129608],[ 0.19175171],12.4
0.187985834885,0.0,-0.082475321659,[-0.08104716],[ 0.],[ 0.18380508],12.42
0.186013561959,0.000197079967153,-0.0821428556035,[-0.06362423],[-0.00113851],[ 0.16838534],12.441
0.18404109864,0.000390159739893,-0.0818103574533,[-0.04819907],[-0.00207998],[ 0.15377997],12.461
0.183055012734,0.000388159741227,-0.0816441329478,[-0.0412212],[-0.00198639],[ 0.14684379],12.48
0.181082367404,0.00057623913564,-0.0813116041159,[-0.02869186],[-0.00271825],[ 0.13393301],12.5
0.179109544499,0.000760317972482,-0.0809790453503,[-0.01792055],[-0.00331553],[ 0.12249266],12.52
0.177137384521,0.000752317993815,-0.0806465983341,[-0.00866868],[-0.00305121],[ 0.11270017],12.541
0.175164398834,0.000930396123338,-0.0803140121284,[-0.00062758],[-0.00355173],[ 0.1049242],12.56
0.17319124938,0.00110447337313,-0.0799813983164,[ 0.00660599],[-0.0040338],[ 0.09927912],12.581
0.171219109123,0.00109247344513,-0.0796489546248,[ 0.01346756],[-0.0038914],[ 0.09574986],12.601
0.169245814639,0.00126054970545,-0.079316316365,[ 0.02047559],[-0.00448552],[ 0.09457634],12.621
0.167272370194,0.00142462480389,-0.0789836528264,[ 0.02811113],[-0.00518242],[ 0.09558552],12.64
0.166365048148,0.00141662488922,-0.0786511076128,[ 0.03103133],[-0.00509091],[ 0.09334151],12.661
0.164391136343,0.00157569872787,-0.078320394952,[ 0.04024129],[-0.0059769],[ 0.09738255],12.68
0.163403291674,0.00174077098681,-0.0781548897161,[ 0.04549482],[-0.00682918],[ 0.10012732],12.701
0.162417087376,0.00173077115348,-0.0779896593109,[ 0.05113186],[-0.00703315],[ 0.10310323],12.72
0.161429101109,0.00189284182715,-0.0778241303514,[ 0.05734471],[-0.00799833],[ 0.10657693],12.741
0.160442907167,0.00188184204898,-0.0776589016811,[ 0.06398344],[-0.00827134],[ 0.11019889],12.761
0.160440966835,0.00205291072931,-0.0776585765945,[ 0.06408536],[-0.00903642],[ 0.11035842],12.781
0.159452687514,0.0022109777229,-0.0774929985362,[ 0.07137383],[-0.01015005],[ 0.11440567],12.801
0.159452687514,0.0022109777229,-0.0774929985362,[ 0.07137383],[-0.01015005],[ 0.11440567],12.82
0.159682183048,0.00238104221751,-0.0770139198784,[ 0.06589214],[-0.01024245],[ 0.10532795],12.84
0.161126543462,0.00256610376858,-0.0762103989199,[ 0.04826602],[-0.00892752],[ 0.08264377],12.861
0.161731064128,0.00256610376858,-0.0749189616018,[ 0.03383561],[-0.00654353],[ 0.05758093],12.88
0.163459756994,0.00275316252822,-0.073436099702,[ 0.01159736],[-0.00276679],[ 0.02133791],12.9
0.164254832621,0.0029252190972,-0.0716332733716,[ 0.],[ 0.],[ 0.],12.921
0.165955843325,0.00294221827837,-0.0701048801281,[ 0.],[ 0.],[ 0.],12.94
0.166577046792,0.00311527176897,-0.0686081289933,[ 0.],[ 0.],[ 0.],12.96
0.16718457949,0.00328832214428,-0.0671058575544,[ 0.],[ 0.],[ 0.],12.98
0.167847267722,0.00328832214428,-0.0654306843585,[ 0.],[ 0.],[ 0.],13.0
0.168616967648,0.00346136923128,-0.0634115915617,[ 0.],[ 0.],[ 0.],13.021
0.169545595946,0.00363441285691,-0.0608750748533,[ 0.],[ 0.],[ 0.],13.04
0.170497854214,0.00363441285691,-0.0581546692164,[ 0.],[ 0.],[ 0.],13.06
0.171513242459,0.00380745284813,-0.0550763448678,[ 0.],[ 0.],[ 0.],13.081
0.172580394418,0.00380745284813,-0.0516352937966,[ 0.],[ 0.],[ 0.],13.101
0.173526362372,0.00398048903189,-0.0483471826362,[ 0.],[ 0.],[ 0.],13.12
0.174323150934,0.00398048903189,-0.0453903905633,[ 0.],[ 0.],[ 0.],13.14
0.17385225569,0.0041295235391,-0.0433344323466,[ 0.],[ 0.],[ 0.],13.161
0.173981476458,0.0041295235391,-0.042812681357,[ 0.],[ 0.],[ 0.],13.181
0.17298264606,0.00410552584303,-0.0428546569183,[ 0.],[ 0.],[ 0.],13.2
0.172978458716,0.00427655449309,-0.0428548328902,[ 0.],[ 0.],[ 0.],13.221
0.172978458716,0.00427655449309,-0.0428548328902,[ 0.],[ 0.],[ 0.],13.241
0.172018131043,0.00442158179583,-0.0427249927653,[ 0.],[ 0.],[ 0.],13.26
0.172018131043,0.00442158179583,-0.0427249927653,[ 0.],[ 0.],[ 0.],13.281
0.172018131043,0.00442158179583,-0.0427249927653,[ 0.],[ 0.],[ 0.],13.3
0.171014917115,0.00456460535328,-0.0427681575714,[ 0.],[ 0.],[ 0.],13.321
0.171057599758,0.00456460535328,-0.0425971212988,[ 0.],[ 0.],[ 0.],13.341
0.171057599758,0.00456460535328,-0.0425971212988,[ 0.],[ 0.],[ 0.],13.36
0.171052955144,0.00473362141689,-0.0425973257938,[ 0.],[ 0.],[ 0.],13.38
0.17104814168,0.00490263274688,-0.042597537723,[ 0.],[ 0.],[ 0.],13.4
0.171032688235,0.00540963664504,-0.0425982181137,[ 0.],[ 0.],[ 0.],13.42
0.171052233769,0.00608556531911,-0.0424281983753,[ 0.],[ 0.],[ 0.],13.441
0.171005542715,0.00726819969987,-0.0424303008921,[ 0.],[ 0.],[ 0.],13.46
0.170942056542,0.00861934238093,-0.0424331596998,[ 0.],[ 0.],[ 0.],13.48
0.170867774316,0.00996993342702,-0.0424365046581,[ 0.],[ 0.],[ 0.],13.501
0.170771308103,0.0114885813546,-0.0424408485703,[ 0.],[ 0.],[ 0.],13.52
0.170690475716,0.0131748711921,-0.0422757267112,[ 0.],[ 0.],[ 0.],13.541
0.170550449253,0.0148598435534,-0.0422821724756,[ 0.],[ 0.],[ 0.],13.56
0.170393598172,0.0165433299428,-0.0422893927187,[ 0.],[ 0.],[ 0.],13.58
0.170219938158,0.0182251620129,-0.0422973867186,[ 0.],[ 0.],[ 0.],13.601
0.170071707708,0.0199051715821,-0.0421361030645,[ 0.],[ 0.],[ 0.],13.621
0.169842850139,0.0217508766178,-0.0421468672975,[ 0.],[ 0.],[ 0.],13.641
0.16961721076,0.0234265123343,-0.0421574801641,[ 0.00144552],[-0.00629107],[-0.00193414],13.661
0.169374845089,0.0250998054191,-0.0421688797457,[ 0.00879006],[-0.03922183],[-0.01123836],13.68
0.169142435002,0.0266036279437,-0.0421798110701,[ 0.01528091],[-0.06940216],[-0.018736],13.7
0.169022091212,0.0276049866503,-0.0420184506402,[ 0.01957867],[-0.09041103],[-0.02400268],13.721
0.169022091212,0.0276049866503,-0.0420184506402,[ 0.01957867],[-0.09041103],[-0.02400268],13.741
0.168994434716,0.0277717841239,-0.0420197791725,[ 0.0202863],[-0.09381077],[-0.02475159],13.761
0.168994434716,0.0277717841239,-0.0420197791725,[ 0.0202863],[-0.09381077],[-0.02475159],13.781
0.170021604388,0.0279360364549,-0.0418024485962,[ 0.01689189],[-0.09478805],[-0.02553277],13.8
0.170021604388,0.0279360364549,-0.0418024485962,[ 0.01689189],[-0.09478805],[-0.02553277],13.821
0.169993618102,0.0281037924928,-0.0418038210227,[ 0.01749746],[-0.0982236],[-0.02629591],13.841
0.170035336919,0.0281037924928,-0.041633806531,[ 0.01747759],[-0.09893656],[-0.02703088],13.861
0.170035336919,0.0281037924928,-0.041633806531,[ 0.01747759],[-0.09893656],[-0.02703088],13.881
0.170992040013,0.0284377452647,-0.0415859314738,[ 0.01456973],[-0.10337684],[-0.02807057],13.901
0.170992040013,0.0284377452647,-0.0415859314738,[ 0.01456973],[-0.10337684],[-0.02807057],13.921
0.171033540441,0.0284377452647,-0.0414149186694,[ 0.01452436],[-0.10413317],[-0.02884522],13.941
0.171033540441,0.0284377452647,-0.0414149186694,[ 0.01452436],[-0.10413317],[-0.02884522],13.96
0.171989694683,0.0287736417744,-0.0413661124807,[ 0.01142959],[-0.10924839],[-0.03007734],13.98
0.171989694683,0.0287736417744,-0.0413661124807,[ 0.01142959],[-0.10924839],[-0.03007734],14.0
0.172030974794,0.0287736417744,-0.0411941021316,[ 0.01135498],[-0.11004421],[-0.03089449],14.02
0.172030974794,0.0287736417744,-0.0411941021316,[ 0.01135498],[-0.11004421],[-0.03089449],14.041
0.172986576354,0.0291114813525,-0.0411443660136,[ 0.00800967],[-0.11580938],[-0.03231559],14.062
0.17302763422,0.0291114813525,-0.0409713588939,[ 0.00790265],[-0.11664055],[-0.03317769],14.081
0.17302763422,0.0291114813525,-0.0409713588939,[ 0.00790265],[-0.11664055],[-0.03317769],14.101
0.172998478434,0.0292820809765,-0.0409729055991,[ 0.0082116],[-0.12013498],[-0.0339668],14.121
0.172998478434,0.0292820809765,-0.0409729055991,[ 0.0082116],[-0.12013498],[-0.0339668],14.141
0.173039364833,0.0292820809765,-0.040799886663,[ 0.00809982],[-0.12097074],[-0.03485291],14.161
0.173039364833,0.0292820809765,-0.040799886663,[ 0.00809982],[-0.12097074],[-0.03485291],14.18
0.173010040272,0.0294526513185,-0.0408014717303,[ 0.00840909],[-0.12445976],[-0.03564437],14.2
0.173050755232,0.0294526513185,-0.0406284413181,[ 0.00829263],[-0.12529984],[-0.03655416],14.22
0.173050755232,0.0294526513185,-0.0406284413181,[ 0.00829263],[-0.12529984],[-0.03655416],14.24
0.173050755232,0.0294526513185,-0.0406284413181,[ 0.00829263],[-0.12529984],[-0.03655416],14.261
0.17306180552,0.0296231922078,-0.0404570235369,[ 0.00848131],[-0.12962766],[-0.03828094],14.281
0.17306180552,0.0296231922078,-0.0404570235369,[ 0.00848131],[-0.12962766],[-0.03828094],14.301
0.17306180552,0.0296231922078,-0.0404570235369,[ 0.00848131],[-0.12962766],[-0.03828094],14.32
0.17306180552,0.0296231922078,-0.0404570235369,[ 0.00848131],[-0.12962766],[-0.03828094],14.341
0.173072515804,0.029793703474,-0.0402856339965,[ 0.00866607],[-0.13395404],[-0.04003271],14.361
0.173072515804,0.029793703474,-0.0402856339965,[ 0.00866607],[-0.13395404],[-0.04003271],14.382
0.173072515804,0.029793703474,-0.0402856339965,[ 0.00866607],[-0.13395404],[-0.04003271],14.401
0.173112714895,0.029793703474,-0.0401125413668,[ 0.00853986],[-0.13481481],[-0.04100198],14.421
0.173082886191,0.0299641849464,-0.0401142733742,[ 0.0088471],[-0.1382788],[-0.04180897],14.44
0.173082886191,0.0299641849464,-0.0401142733742,[ 0.0088471],[-0.1382788],[-0.04180897],14.46
0.173122913916,0.0299641849464,-0.0399411704597,[ 0.00871651],[-0.13914283],[-0.04280096],14.481
0.173122913916,0.0299641849464,-0.0399411704597,[ 0.00871651],[-0.13914283],[-0.04280096],14.5
0.173092916789,0.0301346364547,-0.0399429423467,[ 0.00902462],[-0.1426018],[-0.04360922],14.521
0.173132773178,0.0301346364547,-0.0397698294873,[ 0.00888973],[-0.14346885],[-0.04462362],14.541
0.173132773178,0.0301346364547,-0.0397698294873,[ 0.00888973],[-0.14346885],[-0.04462362],14.561
0.173132773178,0.0301346364547,-0.0397698294873,[ 0.00888973],[-0.14346885],[-0.04462362],14.581
0.173102607708,0.0303050578283,-0.0397716415906,[ 0.00919881],[-0.14692289],[-0.04543297],14.601
0.173142292791,0.0303050578283,-0.0395985191259,[ 0.00905973],[-0.14779273],[-0.04646949],14.62
0.173142292791,0.0303050578283,-0.0395985191259,[ 0.00905973],[-0.14779273],[-0.04646949],14.641
0.173111959059,0.0304754488969,-0.039600371782,[ 0.00936987],[-0.15124191],[-0.04727976],14.661
0.173151472868,0.0304754488969,-0.0394272400516,[ 0.00922669],[-0.15211435],[-0.0483381],14.681
0.173151472868,0.0304754488969,-0.0394272400516,[ 0.00922669],[-0.15211435],[-0.0483381],14.701
0.173151472868,0.0304754488969,-0.0394272400516,[ 0.00922669],[-0.15211435],[-0.0483381],14.72
0.173160313522,0.03064580949,-0.0392559929405,[ 0.0093908],[-0.15643358],[-0.05022897],14.741
0.173160313522,0.03064580949,-0.0392559929405,[ 0.0093908],[-0.15643358],[-0.05022897],14.761
0.173160313522,0.03064580949,-0.0392559929405,[ 0.0093908],[-0.15643358],[-0.05022897],14.781
0.173199482928,0.03064580949,-0.0390828130278,[ 0.00924292],[-0.15731967],[-0.05132168],14.8
0.173168814867,0.0308161394374,-0.039084778468,[ 0.00955225],[-0.1607503],[-0.05214166],14.82
0.173168814867,0.0308161394374,-0.039084778468,[ 0.00955225],[-0.1607503],[-0.05214166],14.841
0.173207813054,0.0308161394374,-0.0389115901396,[ 0.00940047],[-0.16163833],[-0.05325554],14.86
0.173207813054,0.0308161394374,-0.0389115901396,[ 0.00940047],[-0.16163833],[-0.05325554],14.88
0.173176977019,0.0309864385685,-0.0389135973094,[ 0.00971122],[-0.1650644],[-0.05407573],14.9
0.173215804021,0.0309864385685,-0.0387404009045,[ 0.00955562],[-0.16595418],[-0.05521048],14.92
0.173215804021,0.0309864385685,-0.0387404009045,[ 0.00955562],[-0.16595418],[-0.05521048],14.941
0.173184800095,0.0311567067133,-0.03874245014,[ 0.00986789],[-0.16937579],[-0.05603073],14.96
0.173223455946,0.0311567067133,-0.0385692459975,[ 0.00970857],[-0.17026714],[-0.05718609],14.98
0.173223455946,0.0311567067133,-0.0385692459975,[ 0.00970857],[-0.17026714],[-0.05718609],15.001
0.173223455946,0.0311567067133,-0.0385692459975,[ 0.00970857],[-0.17026714],[-0.05718609],15.021
0.17323076895,0.0313269437013,-0.0383981260932,[ 0.00985948],[-0.17457711],[-0.05918193],15.04
0.17323076895,0.0313269437013,-0.0383981260932,[ 0.00985948],[-0.17457711],[-0.05918193],15.061
0.173269080454,0.0313269437013,-0.0382248761541,[ 0.00969586],[-0.17547996],[-0.06037024],15.08
0.173237743151,0.0314971493624,-0.038227041866,[ 0.01000851],[-0.17888401],[-0.06119759],15.1
0.173237743151,0.0314971493624,-0.038227041866,[ 0.01000851],[-0.17888401],[-0.06119759],15.12
0.173275883568,0.0314971493624,-0.0380537850382,[ 0.00984137],[-0.17978787],[-0.06240587],15.141
0.173275883568,0.0314971493624,-0.0380537850382,[ 0.00984137],[-0.17978787],[-0.06240587],15.161
0.17422509072,0.0318502870319,-0.0379872317985,[ 0.00454122],[-0.18665289],[-0.064425],15.18
0.174262990833,0.0318502870319,-0.0378129877432,[ 0.0043405],[-0.18757716],[-0.06567691],15.2
0.174262990833,0.0318502870319,-0.0378129877432,[ 0.0043405],[-0.18757716],[-0.06567691],15.221
0.174231135441,0.0320214125566,-0.0378152532842,[ 0.00458574],[-0.1909855],[-0.06650064],15.241
0.174268863572,0.0320214125566,-0.0376410032701,[ 0.00438183],[-0.19191012],[-0.06777196],15.26
0.174268863572,0.0320214125566,-0.0376410032701,[ 0.00438183],[-0.19191012],[-0.06777196],15.28
0.174268863572,0.0320214125566,-0.0376410032701,[ 0.00438183],[-0.19191012],[-0.06777196],15.301
0.174274395984,0.0321925060598,-0.0374690573422,[ 0.00442314],[-0.19623928],[-0.06988533],15.32
0.174274395984,0.0321925060598,-0.0374690573422,[ 0.00442314],[-0.19623928],[-0.06988533],15.341
0.174311777898,0.0321925060598,-0.0372947642407,[ 0.00421523],[-0.19717292],[-0.07118828],15.361
0.174279588195,0.0323635673706,-0.0372971506363,[ 0.00446456],[-0.20056459],[-0.07201664],15.38
0.174279588195,0.0323635673706,-0.0372971506363,[ 0.00446456],[-0.20056459],[-0.07201664],15.4
0.1743167982,0.0323635673706,-0.0371228524285,[ 0.00425367],[-0.20149812],[-0.07333838],15.42
0.173336993981,0.0321776553338,-0.0371964758407,[ 0.01022793],[-0.19790113],[-0.07203373],15.44
0.173336993981,0.0321776553338,-0.0371964758407,[ 0.01022793],[-0.19790113],[-0.07203373],15.46
0.17334193423,0.0323477018078,-0.0370255698814,[ 0.01036388],[-0.20219202],[-0.07417983],15.48
0.17334193423,0.0323477018078,-0.0370255698814,[ 0.01036388],[-0.20219202],[-0.07417983],15.5
0.17334193423,0.0323477018078,-0.0370255698814,[ 0.01036388],[-0.20219202],[-0.07417983],15.52
0.173378873123,0.0323477018078,-0.0368522094632,[ 0.01017929],[-0.20311588],[-0.07550837],15.541
0.173346536511,0.032517715934,-0.036854704315,[ 0.01049907],[-0.20647919],[-0.07634295],15.56
0.173383304536,0.032517715934,-0.03668133938,[ 0.01031153],[-0.20740286],[-0.07768969],15.58
0.173383304536,0.032517715934,-0.03668133938,[ 0.01031153],[-0.20740286],[-0.07768969],15.6
0.173383304536,0.032517715934,-0.03668133938,[ 0.01031153],[-0.20740286],[-0.07768969],15.62
0.173419899177,0.032517715934,-0.0365079377637,[ 0.0101234],[-0.20833463],[-0.07904867],15.641
0.173419899177,0.032517715934,-0.0365079377637,[ 0.0101234],[-0.20833463],[-0.07904867],15.66
0.173456320399,0.032517715934,-0.0363344996395,[ 0.00993466],[-0.20927433],[-0.08041995],15.681
0.173456320399,0.032517715934,-0.0363344996395,[ 0.00993466],[-0.20927433],[-0.08041995],15.701
0.173488649381,0.0323477018078,-0.0363319077893,[ 0.00962178],[-0.20593654],[-0.07956824],15.72
0.173552798854,0.0320075766822,-0.0363267648552,[ 0.00901016],[-0.19927669],[-0.07784234],15.74
0.17385710495,0.0301346364547,-0.0364733264747,[ 0.00614374],[-0.16199166],[-0.06649454],15.761
0.174397176052,0.0268910992325,-0.0364305718768,[ 0.00227005],[-0.10126351],[-0.04672682],15.78
0.17487571837,0.0236378546155,-0.0363926881902,[ 0.00023172],[-0.04407281],[-0.02320001],15.801
0.175209938547,0.0210634178063,-0.0363662297309,[ -2.48464220e-05],[-0.00249288],[-0.00147549],15.821
0.175352725614,0.0198603568272,-0.0363549260273,[ 0.],[ 0.],[ 0.],15.84
0.175388992858,0.0198603568272,-0.0361795551534,[ 0.],[ 0.],[ 0.],15.861
0.175388992858,0.0198603568272,-0.0361795551534,[ 0.],[ 0.],[ 0.],15.881
0.17536911033,0.0200322836376,-0.0361811491577,[ 0.],[ 0.],[ 0.],15.901
0.17536911033,0.0200322836376,-0.0361811491577,[ 0.],[ 0.],[ 0.],15.92
0.175405203788,0.0200322836376,-0.036005761986,[ 0.],[ 0.],[ 0.],15.94
0.175405203788,0.0200322836376,-0.036005761986,[ 0.],[ 0.],[ 0.],15.96
0.175464332421,0.0195164437972,-0.0360009620647,[ 0.],[ 0.],[ 0.],15.98
0.175559451642,0.0186563226946,-0.0359932405134,[ 0.],[ 0.],[ 0.],16.002
0.17572130991,0.0174513744059,-0.0358073117525,[ 0.],[ 0.],[ 0.],16.021
0.175854958522,0.0160732470138,-0.0357963279369,[ 0.],[ 0.],[ 0.],16.041
0.175992173777,0.0145216284963,-0.0357850509992,[ 0.],[ 0.],[ 0.],16.06
0.17616399106,0.0127962338385,-0.0355977169672,[ 0.],[ 0.],[ 0.],16.08
0.176293855611,0.0108968284088,-0.0355869133895,[ 0.],[ 0.],[ 0.],16.1
0.176393839931,0.00916894599794,-0.0355785955817,[ 0.],[ 0.],[ 0.],16.121
0.176476600199,0.0074401467001,-0.0355717106622,[ 0.],[ 0.],[ 0.],16.141
0.176526566861,0.00709429202598,-0.0353939968475,[ 0.],[ 0.],[ 0.],16.16
0.176526566861,0.00709429202598,-0.0353939968475,[ 0.],[ 0.],[ 0.],16.181
0.176519411422,0.00726722299665,-0.0353945993221,[ 0.],[ 0.],[ 0.],16.201
0.176519411422,0.00726722299665,-0.0353945993221,[ 0.],[ 0.],[ 0.],16.221
0.176554717756,0.00726722299665,-0.0352180622428,[ 0.],[ 0.],[ 0.],16.24
0.176547390619,0.0074401467001,-0.0352186865537,[ 0.],[ 0.],[ 0.],16.26
0.176547390619,0.0074401467001,-0.0352186865537,[ 0.],[ 0.],[ 0.],16.281
0.176547390619,0.0074401467001,-0.0352186865537,[ 0.],[ 0.],[ 0.],16.3
0.176582521026,0.0074401467001,-0.0350421215831,[ 0.],[ 0.],[ 0.],16.321
0.176575022237,0.0076130629634,-0.0350427680736,[ 0.],[ 0.],[ 0.],16.341
0.176575022237,0.0076130629634,-0.0350427680736,[ 0.],[ 0.],[ 0.],16.361
0.176575022237,0.0076130629634,-0.0350427680736,[ 0.],[ 0.],[ 0.],16.381
0.176602306314,0.00778597161364,-0.0348668445728,[ 0.],[ 0.],[ 0.],16.4
0.176602306314,0.00778597161364,-0.0348668445728,[ 0.],[ 0.],[ 0.],16.421
0.176602306314,0.00778597161364,-0.0348668445728,[ 0.],[ 0.],[ 0.],16.441
0.176637084852,0.00778597161364,-0.0346902248625,[ 0.],[ 0.],[ 0.],16.46
0.176629242892,0.00795887247791,-0.0346909167419,[ 0.],[ 0.],[ 0.],16.481
0.176629242892,0.00795887247791,-0.0346909167419,[ 0.],[ 0.],[ 0.],16.501
0.176629242892,0.00795887247791,-0.0346909167419,[ 0.],[ 0.],[ 0.],16.52
0.176686852613,0.0074401467001,-0.0345122171252,[ 0.],[ 0.],[ 0.],16.54
0.176721753015,0.00657545723999,-0.0345091027621,[ 0.],[ 0.],[ 0.],16.561
0.176763378056,0.00536462067025,-0.0345053883209,[ 0.],[ 0.],[ 0.],16.58
0.176804489306,0.00380745284813,-0.0345017197283,[ 0.],[ 0.],[ 0.],16.601
0.176866050911,0.00224997662441,-0.0343224480527,[ 0.],[ 0.],[ 0.],16.62
0.176879841066,0.00051923922114,-0.0343212035768,[ 0.],[ 0.],[ 0.],16.64
0.176875100659,-0.00138462523055,-0.0343216313691,[ 0.],[ 0.],[ 0.],16.661
0.17684950321,-0.00328832214428,-0.0343239413799,[ 0.],[ 0.],[ 0.],16.681
0.176837291543,-0.00519162117505,-0.0341513131433,[ 0.],[ 0.],[ 0.],16.7
0.176769997933,-0.00709429202598,-0.0341574538215,[ 0.],[ 0.],[ 0.],16.721
0.176690738848,-0.00882325395843,-0.0341646863735,[ 0.],[ 0.],[ 0.],16.74
0.176672821087,-0.00916894599794,-0.0341663214055,[ 0.],[ 0.],[ 0.],16.76
0.176706899066,-0.00916894599794,-0.0339896315307,[ 0.],[ 0.],[ 0.],16.781
0.176715943182,-0.00899610447624,-0.0339887971165,[ 0.],[ 0.],[ 0.],16.801
0.176715943182,-0.00899610447624,-0.0339887971165,[ 0.],[ 0.],[ 0.],16.821
0.176749843616,-0.00899610447624,-0.0338120642084,[ 0.],[ 0.],[ 0.],16.84
0.176749843616,-0.00899610447624,-0.0338120642084,[ 0.],[ 0.],[ 0.],16.86
0.176758714794,-0.00882325395843,-0.0338112368021,[ 0.],[ 0.],[ 0.],16.881
0.176758714794,-0.00882325395843,-0.0338112368021,[ 0.],[ 0.],[ 0.],16.9
0.176792437645,-0.00882325395843,-0.0336344612111,[ 0.],[ 0.],[ 0.],16.921
0.1768011359,-0.00865039461737,-0.0336336411585,[ 0.],[ 0.],[ 0.],16.941
0.1768011359,-0.00865039461737,-0.0336336411585,[ 0.],[ 0.],[ 0.],16.961
0.1768011359,-0.00865039461737,-0.0336336411585,[ 0.],[ 0.],[ 0.],16.981
0.176834681135,-0.00865039461737,-0.0334568232352,[ 0.],[ 0.],[ 0.],17.001
0.17684320648,-0.00847752662591,-0.0334560108821,[ 0.],[ 0.],[ 0.],17.021
