x,y,z,x_dot,y_dot,z_dot,th1,th2,d3,th1_dot,th2_dot,d3_dot,measured_th1,measured_th2,measured_d3,measured_th1_dot,measured_th2_dot,measured_d3_dot,eff_1,eff_2,eff_3,time
0.16,-0.1,-0.05008,0.0,0.0,0.0,0.0,-0.558599315344,0.0525996226411,0.0,0.0,0.0,0.00042,-0.557871,0.052507,0.073981,-0.014927,4.1e-05,-0.044063,-0.014927,0.366846,0.013
0.159999796988,-0.0999979698841,-0.05008,-5.9987756976e-06,5.9987756976e-05,0.0,0.0,-0.558590761428,0.0525983745353,0.0,0.000252760772128,-3.6879991967e-05,0.00042,-0.557871,0.052507,0.073981,-0.014927,4.1e-05,-0.044063,-0.014927,0.366846,0.013
0.159998400589,-0.0999840058894,-0.05008,-2.35079052639e-05,0.000235079052639,0.0,5.55111512313e-17,-0.558531920916,0.0525897899101,8.15602507358e-21,0.000990604865365,-0.000144513716805,0.00042,-0.557871,0.052507,0.073981,-0.014927,4.1e-05,-0.044063,-0.014927,0.366846,0.013
0.159994684607,-0.0999468460685,-0.05008,-5.18078354292e-05,0.000518078354292,0.0,-5.55111512313e-17,-0.558375313356,0.0525669484022,-1.79750499167e-20,0.00218367041089,-0.000318421632983,0.000405,-0.557863,0.052507,-0.016994,-0.014987,-0.0,-0.049569,-0.014987,0.365065,0.033
0.159987594772,-0.0998759477242,-0.05008,-9.01940036166e-05,0.000901940036166,0.0,0.0,-0.558076411852,0.0525233812392,0.0,0.003803382162,-0.000554136640858,0.000395,-0.557866,0.052508,0.044838,-0.014961,2.4e-05,-0.043927,-0.014961,0.363502,0.053
0.159976147227,-0.0997614722677,-0.05008,-0.000137976837943,0.00137976837943,0.0,0.0,-0.557593501359,0.0524530714505,0.0,0.00582267250866,-0.000847176124807,0.000378,-0.557858,0.052508,-0.018697,-0.015053,-2e-06,-0.046893,-0.015053,0.360709,0.073
0.159959427008,-0.0995942700767,-0.05008,-0.000194481757217,0.00194481757217,0.0,0.0,-0.556887517753,0.0523504564574,0.0,0.0082161417231,-0.00119302305393,0.000358,-0.557853,0.052508,-0.019746,-0.015072,6e-06,-0.044965,-0.015072,0.357438,0.093
0.159936586535,-0.0993658653526,-0.05008,-0.000259049170941,0.00259049170941,0.0,0.0,-0.555921873731,0.0522104323374,0.0,0.0109601607546,-0.00158711138647,0.000418,-0.557846,0.052509,-0.016162,-0.014944,2.7e-05,-0.051039,-0.014944,0.352567,0.113
0.159906844098,-0.0990684409789,-0.05008,-0.000331034479312,0.00331034479312,0.0,0.0,-0.554662276835,0.0520283591639,0.0,0.0140329292044,-0.00202481891029,0.000358,-0.557837,0.052509,-0.019626,-0.0149,1.1e-05,-0.044987,-0.0149,0.347101,0.133
0.159869482338,-0.0986948233789,-0.05008,-0.000409808073219,0.00409808073219,0.0,0.0,-0.553076544193,0.0518000669171,0.0,0.0174144748598,-0.00250146351755,0.000379,-0.557824,0.052509,-0.018373,-0.014878,4.1e-05,-0.047143,-0.014878,0.339633,0.153
0.159823846737,-0.0982384673739,-0.05008,-0.000494755334243,0.00494755334243,0.0,0.0,-0.551134417971,0.0515218615524,0.0,0.0210866425186,-0.00301230349578,0.000414,-0.557805,0.05251,-0.01626,-0.014839,4.2e-05,-0.050657,-0.014839,0.330292,0.173
0.159769344104,-0.0976934410405,-0.05008,-0.000585276634659,0.00585276634659,0.0,0.0,-0.548807384919,0.0511905308845,0.0,0.0250330381095,-0.00355254067108,0.000391,-0.557774,0.05251,-0.017836,-0.01502,-3.2e-05,-0.048211,-0.01502,0.319143,0.193
0.159705441057,-0.097054410569,-0.05008,-0.000680787337436,0.00680787337436,0.0,-5.55111512313e-17,-0.546068502947,0.0508033500183,-2.36631170092e-19,0.02923893556,-0.00411732541397,0.000415,-0.557752,0.052511,-0.016019,-0.014886,1.7e-05,-0.050768,-0.014886,0.306082,0.213
0.159631662512,-0.096316625121,-0.05008,-0.000780717796236,0.00780717796236,0.0,5.55111512313e-17,-0.542892237225,0.0503580861065,2.71490887551e-19,0.0336911641061,-0.00470176618546,0.000356,-0.557723,0.052511,-0.019746,-0.014861,-9e-06,-0.044803,-0.014861,0.290895,0.233
0.159547590169,-0.0954759016875,-0.05008,-0.000884513355412,0.00884513355412,0.0,-5.55111512313e-17,-0.539254307949,0.0498530022661,-3.07747377022e-19,0.0383780300617,-0.00530093722045,0.000386,-0.557685,0.052511,-0.018002,-0.014838,-1.7e-05,-0.047768,-0.014838,0.272909,0.253
0.159452860995,-0.0945286099465,-0.05008,-0.000991634350012,0.00991634350012,0.0,0.0,-0.535131551651,0.0492868605166,0.0,0.0432891063392,-0.00590988667682,0.000357,-0.557643,0.052512,-0.019822,-0.014936,-1.7e-05,-0.044956,-0.014936,0.251873,0.273
0.159347165712,-0.0934716571213,-0.05008,-0.00110155610578,0.0110155610578,0.0,0.0,-0.530501797699,0.0486589236341,0.0,0.0484151281416,-0.00652365293354,0.000386,-0.557598,0.052512,-0.017902,-0.014825,1.5e-05,-0.047892,-0.014825,0.228134,0.293
0.159230247284,-0.0923024728379,-0.05008,-0.00121376893914,0.0121376893914,0.0,-5.55111512313e-17,-0.525343761487,0.0479689558298,-4.2314643955e-19,0.0537477880716,-0.00713727204129,0.000363,-0.557541,0.052513,-0.019575,-0.014918,-2.8e-05,-0.045515,-0.014918,0.201029,0.313
0.159101899398,-0.0910189939833,-0.05008,-0.00132777815723,0.0132777815723,0.0,-5.55111512313e-17,-0.519636955698,0.0472172221772,-4.63265965879e-19,0.0592795610428,-0.00774579308927,0.00035,-0.557483,0.052513,-0.020355,-0.014902,-1.5e-05,-0.044253,-0.014902,0.170925,0.333
0.158961964956,-0.0896196495631,-0.05008,-0.00144310405787,0.0144310405787,0.0,0.0,-0.51336162097,0.0464044867121,0.0,0.0650035440922,-0.00834428984672,0.000392,-0.557414,0.052513,-0.017602,-0.014782,-4.7e-05,-0.048426,-0.014782,0.13717,0.353
0.158810334556,-0.0881033455595,-0.05008,-0.00155928192956,0.0155928192956,0.0,-5.55111512313e-17,-0.506498677262,0.0455320091309,-5.45037215526e-19,0.0709131509066,-0.00892787612975,0.000376,-0.557338,0.052514,-0.018726,-0.014919,-5.7e-05,-0.046867,-0.014919,0.099646,0.373
0.158646944979,-0.0864694497894,-0.05008,-0.00167586205152,0.0167586205152,0.0,-5.55111512313e-17,-0.49902969722,0.0446015400035,-5.86390300793e-19,0.0770019963384,-0.00949172303081,0.000417,-0.55726,0.052514,-0.016168,-0.01476,-3.3e-05,-0.051094,-0.01476,0.058298,0.393
0.158471777676,-0.0847177767617,-0.05008,-0.00179240969364,0.0179240969364,0.0,0.0,-0.490936902843,0.0436153144055,0.0,0.0832635685802,-0.0100310686976,0.00036,-0.557173,0.052514,-0.019487,-0.014731,-5.7e-05,-0.045279,-0.014731,0.013199,0.413
0.158284857254,-0.0828485725358,-0.05008,-0.00190850511653,0.0190850511653,0.0,0.0,-0.48220318678,0.0425760438581,0.0,0.0896910578012,-0.0105412434787,0.000418,-0.557076,0.052515,-0.016033,-0.014698,-4e-05,-0.051198,-0.014698,-0.036751,0.433
0.158086249958,-0.0808624995793,-0.05008,-0.00202374357145,0.0202374357145,0.0,5.55111512313e-17,-0.472812159565,0.0414869064437,7.10626831739e-19,0.0962770357728,-0.0110176810995,0.000417,-0.55697,0.052515,-0.015856,-0.014679,-5.2e-05,-0.051106,-0.014679,-0.090858,0.453
0.157876062163,-0.0787606216257,-0.05008,-0.0021377353004,0.021377353004,0.0,-5.55111512313e-17,-0.462748224078,0.0403515349444,-7.51653852748e-19,0.103013172746,-0.0114559503272,0.000424,-0.556862,0.052515,0.084054,-0.014624,-4.4e-05,-0.043899,-0.014624,-0.149394,0.473
0.157654438853,-0.0765443885324,-0.05008,-0.00225010553604,0.0225010553604,0.0,0.0,-0.451996678429,0.0391740028243,0.0,0.109890021384,-0.0118517614901,0.000376,-0.556733,0.052516,-0.018652,-0.014768,-0.000105,-0.046864,-0.014768,-0.213173,0.493
0.157421562114,-0.0742156211386,-0.05008,-0.00236049450174,0.0236049450174,0.0,0.0,-0.440543848302,0.0379588078544,0.0,0.116896636784,-0.0122010055929,0.000351,-0.556607,0.052516,-0.020069,-0.014624,-9.7e-05,-0.044407,-0.014624,-0.281258,0.513
0.157177649612,-0.0717764961234,-0.05008,-0.00246855741156,0.0246855741156,0.0,0.0,-0.428377249559,0.0367108531532,0.0,0.12402036041,-0.0124997701496,0.000377,-0.55647,0.052516,-0.018391,-0.014455,-6.9e-05,-0.047059,-0.014455,-0.354994,0.533
0.156922953086,-0.069229530863,-0.05008,-0.00257396447025,0.0257396447025,0.0,0.0,-0.415485781528,0.0354354253962,0.0,0.131246432662,-0.0127443801612,0.000409,-0.556319,0.052517,-0.016274,-0.014391,-8.2e-05,-0.050323,-0.014391,-0.433825,0.553
0.156657756829,-0.0665775682897,-0.05008,-0.00267640087325,0.0267640087325,0.0,0.0,-0.401859950884,0.0341381699292,0.0,0.138557672501,-0.0129314139485,0.000352,-0.55616,0.052517,-0.019533,-0.01445,-0.000177,-0.044489,-0.01445,-0.517716,0.573
0.156382376175,-0.0638237617485,-0.05008,-0.0027755668067,0.027755668067,0.0,0.0,-0.387492125378,0.0328250625109,0.0,0.14593437314,-0.013057754375,0.000401,-0.55599,0.052512,-0.016481,-0.014314,-0.00073,-0.049446,-0.014314,-0.588061,0.593
0.156097155986,-0.0609715598561,-0.05008,-0.00287117744743,0.0287117744743,0.0,5.55111512313e-17,-0.372376815803,0.0315023774091,1.02104589874e-18,0.153353825212,-0.0131206167862,0.000365,-0.555806,0.0525,-0.018632,-0.014388,-0.000773,-0.04579,-0.014388,-0.634422,0.613
0.155802469136,-0.058024691358,-0.05008,-0.00296296296296,0.0296296296296,0.0,0.0,-0.35651098352,0.0301766515843,0.0,0.160790130496,-0.0131175918505,0.000377,-0.55562,0.052482,0.020072,-0.014256,-0.001014,-0.044138,-0.014256,-0.666476,0.633
0.155498714999,-0.054987149987,-0.05008,-0.00305066851152,0.0305066851152,0.0,0.0,-0.339894369662,0.0288546447231,0.0,0.168214142323,-0.0130466874689,0.000422,-0.555419,0.052462,0.083589,-0.014151,-0.001164,-0.043796,-0.014151,-0.690532,0.653
0.155186317932,-0.0518631793205,-0.05008,-0.00313405424201,0.0313405424201,0.0,0.0,-0.322529840635,0.0275432949263,0.0,0.17559312284,-0.0129063688219,0.000401,-0.5552,0.052438,-0.016372,-0.014119,-0.001023,-0.04936,-0.014119,-0.709745,0.673
0.154865725764,-0.0486572576389,-0.05008,-0.00321289529404,0.0321289529404,0.0,-5.55111512313e-17,-0.304423743011,0.026249669923,-1.15165254758e-18,0.182890862226,-0.0126956086606,0.000363,-0.55498,0.052413,-0.01866,-0.014066,-0.001345,-0.045635,-0.014066,-0.727015,0.693
0.154537408278,-0.045374082783,-0.05008,-0.00328698179789,0.0328698179789,0.0,-5.55111512313e-17,-0.285586259157,0.0249809137742,-1.1807117127e-18,0.19006767869,-0.0124139338732,0.00041,-0.554748,0.052385,0.065801,-0.013918,-0.001481,-0.043992,-0.013918,-0.742402,0.713
0.154201855701,-0.0420185570125,-0.05008,-0.00335611887457,0.0335611887457,0.0,5.55111512313e-17,-0.266031753245,0.0237441891427,1.20816976633e-18,0.197080463171,-0.0120614571497,0.000387,-0.554495,0.052356,-0.017394,-0.013907,-0.001853,-0.048043,-0.013907,-0.758374,0.733
0.153859577186,-0.0385957718631,-0.05008,-0.00342012663575,0.0342012663575,0.0,0.0,-0.245779095657,0.0225466153508,0.0,0.203883171082,-0.0116389272735,0.000403,-0.554233,0.052325,-0.016096,-0.013787,-0.001674,-0.049626,-0.013787,-0.772249,0.753
0.153511099301,-0.0351109930051,-0.05008,-0.00347884018381,0.0347884018381,0.0,-5.55111512313e-17,-0.224851952328,0.0213952026138,-1.2579835134e-18,0.210426971316,-0.0111477617174,0.000374,-0.553963,0.052292,-0.018099,-0.013755,-0.001857,-0.046727,-0.013755,-0.787166,0.773
0.15315696451,-0.0315696451011,-0.05008,-0.00353210961182,0.0353210961182,0.0,0.0,-0.203279024552,0.0202967830266,0.0,0.216661065817,-0.0105900736526,0.000379,-0.553681,0.052257,-0.017785,-0.013546,-0.002108,-0.047273,-0.013546,-0.801674,0.793
0.152797729666,-0.0279772966634,-0.05008,-0.00357980000354,0.0357980000354,0.0,0.0,-0.181094224218,0.0192579390869,0.0,0.222533255816,-0.00996869523078,0.000382,-0.553389,0.05222,-0.017449,-0.013318,-0.002288,-0.047701,-0.013318,-0.816083,0.813
0.152433964491,-0.0243396449126,-0.05008,-0.00362179143342,0.0362179143342,0.0,0.0,-0.158336769618,0.0182849307485,0.0,0.227990835905,-0.00928718131036,0.000359,-0.553077,0.052182,-0.019157,-0.013297,-0.002438,-0.045293,-0.013297,-0.83178,0.833
0.152066250064,-0.0206625006351,-0.05008,-0.00365797896662,0.0365797896662,0.0,0.0,-0.135051187998,0.0173836222069,0.0,0.232981592417,-0.00854981224984,0.0004,-0.552749,0.052143,-0.016309,-0.013122,-0.002002,-0.049359,-0.013122,-0.845663,0.853
0.151695177304,-0.0169517730408,-0.05008,-0.00368827265897,0.0368827265897,0.0,5.55111512313e-17,-0.111287212981,0.016559409808,1.34968206777e-18,0.237454786897,-0.00776156550273,0.000378,-0.552412,0.052101,-0.017554,-0.013053,-0.002337,-0.047151,-0.013053,-0.861639,0.873
0.151321345462,-0.0132134546217,-0.05008,-0.00371259755701,0.0371259755701,0.0,0.0,-0.0870995679645,0.0158171526248,0.0,0.241362527013,-0.0069280937314,0.000358,-0.552065,0.052057,-0.019176,-0.012881,-0.002765,-0.045244,-0.012881,-0.878103,0.893
0.150945360601,-0.00945360600875,-0.05008,-0.00373089369797,0.0373089369797,0.0,5.55111512313e-17,-0.0625476305001,0.0151611073534,1.37206071546e-18,0.244660839438,-0.00605566240847,0.000389,-0.551699,0.052011,-0.016903,-0.012634,-0.002377,-0.048233,-0.012634,-0.892414,0.913
0.150567834083,-0.00567834083077,-0.05008,-0.00374311610976,0.0374311610976,0.0,0.0,-0.0376949774007,0.014594869222,0.0,0.247310712934,-0.00515108974651,0.000354,-0.551323,0.051964,-0.019224,-0.012529,-0.002784,-0.044809,-0.012529,-0.909402,0.933
0.150189381057,-0.00189381057161,-0.05008,-0.003749234811,0.03749234811,0.0,0.0,-0.0126088155932,0.0141213205695,0.0,0.249279409647,-0.00422165868804,0.0004,-0.550931,0.051914,-0.016212,-0.012237,-0.002965,-0.049501,-0.012237,-0.925405,0.953
0.149810618943,0.00189381057161,-0.05008,-0.003749234811,0.03749234811,0.0,0.0,0.0126406907274,0.0137425886391,0.0,0.250541299582,-0.00327501865104,0.000384,-0.550518,0.051863,-0.017457,-0.012232,-0.003199,-0.047836,-0.012232,-0.9431,0.973
0.149432165917,0.00567834083077,-0.05008,-0.00374311610976,0.0374311610976,0.0,-5.55111512313e-17,0.0379811807257,0.0134600139268,-1.3904949524e-18,0.251078635454,-0.00231907889247,0.000423,-0.550101,0.05181,0.101189,-0.011868,-0.002948,-0.042841,-0.011868,-0.9583,0.993
0.149054639399,0.00945360600875,-0.05008,-0.00373089369797,0.0373089369797,0.0,0.0,0.063338924646,0.0132741301504,0.0,0.250882089138,-0.0013618839439,0.000359,-0.549663,0.051755,-0.018669,-0.011747,-0.003037,-0.045386,-0.011747,-0.9754,1.013
0.148678654538,0.0132134546217,-0.05008,-0.00371259755701,0.0371259755701,0.0,0.0,0.0886396941453,0.0131846565608,0.0,0.249951153994,-0.000411494867876,0.000411,-0.549213,0.051697,0.073479,-0.011502,-0.003143,-0.043659,-0.011502,-0.992496,1.033
0.148304822696,0.0169517730408,-0.05008,-0.00368827265897,0.0368827265897,0.0,5.55111512313e-17,0.11380964831,0.0131905029271,1.3805368352e-18,0.248294055462,0.000524142524227,0.000396,-0.548739,0.051638,-0.016305,-0.011316,-0.003014,-0.049011,-0.011316,-1.00964,1.053
0.147933749936,0.0206625006351,-0.05008,-0.00365797896662,0.0365797896662,0.0,0.0,0.13877620752,0.013289787115,0.0,0.245927423239,0.00143731525168,0.000346,-0.548262,0.051576,-0.019561,-0.011044,-0.003619,-0.044081,-0.011044,-1.027946,1.073
0.147566035509,0.0243396449126,-0.05008,-0.00362179143342,0.0362179143342,0.0,0.0,0.163468888075,0.0134798647707,0.0,0.242875978351,0.00232066074386,0.00037,-0.547761,0.051513,-0.018023,-0.010827,-0.003775,-0.046462,-0.010827,-1.045915,1.093
0.147202270334,0.0279772966634,-0.05008,-0.00357980000354,0.0357980000354,0.0,0.0,0.187820072784,0.0137573702385,0.0,0.239171668887,0.0031672779005,0.000352,-0.547247,0.051447,-0.019032,-0.010558,-0.003862,-0.044717,-0.010558,-1.06378,1.113
0.14684303549,0.0315696451011,-0.05008,-0.00353210961182,0.0353210961182,0.0,0.0,0.211765696413,0.0141182675123,0.0,0.234852731228,0.00397081021219,0.000403,-0.546719,0.051379,-0.015805,-0.010132,-0.004042,-0.04991,-0.010132,-1.081806,1.133
0.146488900699,0.0351109930051,-0.05008,-0.00347884018381,0.0347884018381,0.0,-5.55111512313e-17,0.235245829573,0.0145579097636,-1.31828704801e-18,0.229962587357,0.00472552981228,0.000382,-0.546184,0.051309,-0.01737,-0.009649,-0.004217,-0.047662,-0.009649,-1.100256,1.153
0.146140422814,0.0385957718631,-0.05008,-0.00342012663575,0.0342012663575,0.0,0.0,0.258205149952,0.0150711058043,0.0,0.224548831582,0.00542639521882,0.000355,-0.545655,0.051236,-0.019086,-0.008563,-0.004283,-0.045006,-0.008563,-1.1173,1.173
0.145798144299,0.0420185570125,-0.05008,-0.00335611887457,0.0335611887457,0.0,5.55111512313e-17,0.280593295357,0.0156521917537,1.27780782736e-18,0.218661904335,0.00606909394264,0.000398,-0.545129,0.051161,-0.015959,-0.006766,-0.004372,-0.049387,-0.006766,-1.133397,1.193
0.145462591722,0.045374082783,-0.05008,-0.00328698179789,0.0328698179789,0.0,0.0,0.30236509835,0.016295106165,0.0,0.212354049087,0.00665006972849,0.000343,-0.544619,0.051084,-0.019545,-0.004462,-0.004379,-0.043833,-0.004462,-1.149885,1.213
0.145134274236,0.0486572576389,-0.05008,-0.00321289529404,0.0321289529404,0.0,0.0,0.323480707076,0.0169934669333,0.0,0.205678060651,0.00716652907431,0.000365,-0.544119,0.051004,-0.01805,-0.001289,-0.004322,-0.04607,-0.001289,-1.165564,1.233
0.144813682068,0.0518631793205,-0.05008,-0.00313405424201,0.0313405424201,0.0,0.0,0.343905600919,0.0177406484296,0.0,0.198686555028,0.0076164426282,0.000406,-0.543648,0.050922,-0.015022,0.003153,-0.004519,-0.050255,0.003153,-1.180697,1.253
0.144501285001,0.054987149987,-0.05008,-0.00305066851152,0.0305066851152,0.0,-5.55111512313e-17,0.363610512659,0.0185298574824,-1.1719350162e-18,0.191430851817,0.00799852143973,0.000392,-0.543203,0.050838,-0.016027,0.008522,-0.004285,-0.048666,0.008522,-1.194963,1.273
0.144197530864,0.058024691358,-0.05008,-0.00296296296296,0.0296296296296,0.0,5.55111512313e-17,0.382571270933,0.0193542070283,1.14064008529e-18,0.183960393071,0.00831218622625,0.00034,-0.542794,0.050751,-0.017165,0.015227,-0.004652,-0.043411,0.015227,-1.209409,1.293
0.143902844014,0.0609715598561,-0.05008,-0.00287117744743,0.0287117744743,0.0,0.0,0.400768577894,0.0202067864751,0.0,0.176322117448,0.00855754502118,0.000346,-0.542059,0.050666,-0.019123,0.014812,-0.005113,-0.044162,0.014812,-1.242048,1.313
0.143617623825,0.0638237617485,-0.05008,-0.0027755668067,0.027755668067,0.0,-5.55111512313e-17,0.418187737254,0.0210807280363,-1.07281334302e-18,0.168560132384,0.00873532984406,0.000415,-0.541399,0.050576,0.10222,0.016036,-0.005161,-0.042026,0.016036,-1.264296,1.333
0.143342243171,0.0665775682897,-0.05008,-0.00267640087325,0.0267640087325,0.0,-5.55111512313e-17,0.434818347425,0.0219692685104,-1.0364711628e-18,0.160715386271,0.00884687062353,0.000364,-0.540602,0.050485,-0.01766,0.014694,-0.005208,-0.046006,0.014694,-1.290439,1.353
0.143077046914,0.069229530863,-0.05008,-0.00257396447025,0.0257396447025,0.0,-5.55111512313e-17,0.45065397347,0.0228658061638,-9.98648846283e-19,0.152825459838,0.00889402721077,0.000414,-0.539899,0.05039,0.100988,0.015958,-0.005397,-0.042058,0.015958,-1.309114,1.373
0.142822350388,0.0717764961234,-0.05008,-0.00246855741156,0.0246855741156,0.0,0.0,0.465691810206,0.0237639525475,0.0,0.144924595952,0.00887915212661,0.000388,-0.539082,0.050293,-0.015825,0.015031,-0.005422,-0.048303,0.015031,-1.332253,1.393
0.142578437886,0.0742156211386,-0.05008,-0.00236049450174,0.0236049450174,0.0,0.0,0.479932347145,0.0246575792123,0.0,0.137043789029,0.00880503468215,0.00036,-0.538316,0.050193,-0.017577,0.015633,-0.005678,-0.045571,0.015633,-1.351807,1.413
0.142345561147,0.0765443885324,-0.05008,-0.00225010553604,0.0225010553604,0.0,-5.55111512313e-17,0.493379044288,0.0255408594024,-8.77483947144e-19,0.129210948944,0.00867485255003,0.000356,-0.537491,0.050091,-0.017779,0.015354,-0.005624,-0.045228,0.015354,-1.372389,1.433
0.142123937837,0.0787606216257,-0.05008,-0.0021377353004,0.021377353004,0.0,0.0,0.506038026049,0.0264083048877,0.0,0.121450968087,0.00849212147295,0.000373,-0.53667,0.049987,0.036613,0.015583,-0.005844,-0.042876,0.015583,-1.392401,1.453
0.141913750042,0.0808624995793,-0.05008,-0.00202374357145,0.0202374357145,0.0,0.0,0.517917799019,0.0272547981577,0.0,0.113786123693,0.0082606561482,0.000338,-0.53581,0.04988,-0.019041,0.015359,-0.006247,-0.04337,0.015359,-1.414208,1.473
0.141715142746,0.0828485725358,-0.05008,-0.00190850511653,0.0190850511653,0.0,-5.55111512313e-17,0.529028997784,0.0280756202354,-7.47579367846e-19,0.106236338615,0.00798452831805,0.000337,-0.534943,0.04977,-0.018877,0.01555,-0.00635,-0.043328,0.01555,-1.433747,1.493
0.141528222324,0.0847177767617,-0.05008,-0.00179240969364,0.0179240969364,0.0,5.55111512313e-17,0.539384161778,0.0288664743897,7.0303098727e-19,0.0988194569945,0.00766802253202,0.000356,-0.534047,0.049659,-0.017711,0.01548,-0.006504,-0.045166,0.01548,-1.454852,1.513
0.141353055021,0.0864694497894,-0.05008,-0.00167586205152,0.0167586205152,0.0,-5.55111512313e-17,0.548997545029,0.0296235060301,-6.58132399103e-19,0.0915516391397,0.00731559982523,0.000349,-0.533136,0.049545,-0.017561,0.015553,-0.006423,-0.044504,0.015553,-1.474473,1.533
0.141189665444,0.0881033455595,-0.05008,-0.00155928192956,0.0155928192956,0.0,-5.55111512313e-17,0.557884959784,0.0303433190601,-6.13058552043e-19,0.0844476521015,0.0069318707101,0.000406,-0.532207,0.049428,0.091034,0.015584,-0.006516,-0.042041,0.015584,-1.495177,1.553
0.141038035044,0.0896196495631,-0.05008,-0.00144310405787,0.0144310405787,0.0,0.0,0.566063654265,0.0310229889523,0.0,0.0775212049484,0.00652156118304,0.000364,-0.531245,0.04931,-0.017052,0.015426,-0.006844,-0.045983,0.015426,-1.516836,1.573
0.140898100602,0.0910189939833,-0.05008,-0.00132777815723,0.0132777815723,0.0,0.0,0.573552224257,0.0316600727879,0.0,0.0707853063941,0.00608947500587,0.000384,-0.530279,0.049188,-0.015681,0.01558,-0.007045,-0.04814,0.01558,-1.536865,1.593
0.140769752716,0.0923024728379,-0.05008,-0.00121376893914,0.0121376893914,0.0,-1.11022302463e-16,0.580370557778,0.0322526164823,-9.57275443392e-19,0.0642526000738,0.00564048020169,0.000355,-0.529276,0.049065,-0.017481,0.015377,-0.007024,-0.045097,0.015377,-1.558235,1.613
0.140652834288,0.0934716571213,-0.05008,-0.00110155610578,0.0110155610578,0.0,5.55111512313e-17,0.586539811761,0.0327991593957,4.34748810864e-19,0.0579356364906,0.00517947692424,0.000379,-0.528263,0.048938,-0.015758,0.015561,-0.006978,-0.047461,0.015561,-1.578095,1.633
0.140547139005,0.0945286099465,-0.05008,-0.000991634350012,0.00991634350011,0.0,0.0,0.592082419441,0.0332987365079,0.0,0.0518471635878,0.00471137510613,0.000402,-0.527231,0.04881,0.092504,0.015627,-0.007129,-0.041592,0.015627,-1.598315,1.653
0.140452409831,0.0954759016875,-0.05008,-0.000884513355411,0.00884513355411,0.0,0.0,0.597022126921,0.0337508783185,0.0,0.0460004769266,0.00424107257277,0.000333,-0.526175,0.048678,-0.018535,0.015646,-0.007517,-0.042935,0.015646,-1.619538,1.673
0.140368337488,0.096316625121,-0.05008,-0.000780717796236,0.00780717796236,0.0,-5.55111512313e-17,0.60138405726,0.0341556086247,-3.08748705002e-19,0.0404095947742,0.00377343525179,0.000399,-0.525096,0.048545,0.079441,0.01565,-0.007713,-0.042193,0.01565,-1.64043,1.693
0.140294558943,0.097054410569,-0.05008,-0.000680787337436,0.00680787337436,0.0,0.0,0.605194800253,0.0345134403192,0.0,0.0350895710289,0.0033132773824,0.000397,-0.523997,0.048409,0.074693,0.015722,-0.007592,-0.04235,0.015722,-1.660441,1.713
0.140230655896,0.0976934410405,-0.05008,-0.000585276634659,0.00585276634659,0.0,-5.55111512313e-17,0.608482525935,0.0348253693578,-2.31685276264e-19,0.030056681484,0.00286534707993,0.000337,-0.522873,0.048271,-0.017994,0.015703,-0.007698,-0.043368,0.015703,-1.681266,1.733
0.140176153263,0.0982384673739,-0.05008,-0.000494755334243,0.00494755334243,0.0,-5.55111512313e-17,0.611277119652,0.035092867054,-1.95928054916e-19,0.02532864362,0.00243430631235,0.000385,-0.521727,0.04813,-0.015083,0.015677,-0.008139,-0.048312,0.015677,-1.703109,1.753
0.140130517662,0.0986948233789,-0.05008,-0.000409808073219,0.00409808073219,0.0,0.0,0.613610336346,0.0353178708796,0.0,0.0209247786552,0.00202471995726,0.00033,-0.52056,0.047987,-0.018373,0.015669,-0.008284,-0.042675,0.015669,-1.723697,1.773
0.140093155902,0.0990684409789,-0.05008,-0.000331034479312,0.00331034479312,0.0,-5.55111512313e-17,0.615515971433,0.0355027739856,-1.31170605075e-19,0.0168661940843,0.00164104497526,0.000345,-0.519374,0.047841,-0.017479,0.015714,-0.008455,-0.044237,0.015714,-1.744385,1.793
0.140063413465,0.0993658653526,-0.05008,-0.000259049170941,0.00259049170941,0.0,-5.55111512313e-17,0.617030045356,0.0356504136973,-1.02668617192e-19,0.0131758609787,0.00128761783708,0.00035,-0.518155,0.047693,-0.017148,0.01558,-0.008337,-0.04464,0.01558,-1.765543,1.813
0.140040572992,0.0995942700767,-0.05008,-0.000194481757217,0.00194481757217,0.0,0.0,0.618190998521,0.0357640592983,0.0,0.00987872947007,0.000968653417658,0.000362,-0.516922,0.047543,-0.016352,0.015622,-0.008677,-0.045886,0.015622,-1.786542,1.833
0.140023852773,0.0997614722677,-0.05008,-0.000137976837943,0.00137976837943,0.0,-5.55111512313e-17,0.6190398929,0.0358473994874,-5.46996315258e-20,0.00700176041573,0.000688242143951,0.000375,-0.515665,0.04739,-0.015172,0.015696,-0.008567,-0.047125,0.015696,-1.806329,1.853
0.140012405228,0.0998759477242,-0.05008,-9.01940036166e-05,0.000901940036166,0.0,5.55111512313e-17,0.619620616117,0.035904529977,3.57594960945e-20,0.00457393703982,0.000450353516499,0.000386,-0.51439,0.047235,-0.014689,0.015756,-0.008894,-0.04846,0.015756,-1.827131,1.873
0.140005315393,0.0999468460685,-0.05008,-5.18078354292e-05,0.000518078354292,0.0,-5.55111512313e-17,0.619980083245,0.0359399418014,-2.05414520841e-20,0.00262620765716,0.000258847430814,0.000395,-0.513088,0.047077,0.099619,0.015743,-0.008961,-0.040418,0.015743,-1.8475,1.893
0.140001599411,0.0999840058894,-0.05008,-2.35079052639e-05,0.000235079052639,0.0,5.55111512313e-17,0.62016843098,0.0359585110124,9.32097164145e-21,0.00119138974696,0.000117491137644,0.000323,-0.511764,0.046917,-0.012474,0.015719,-0.009053,-0.041621,0.015719,-1.86781,1.913
0.140000203012,0.0999979698841,-0.05008,-5.9987756976e-06,5.99877569759e-05,0.0,0.0,0.620239198173,0.0359654905664,0.0,0.000303995591821,2.99852326862e-05,0.000331,-0.510411,0.046755,-0.017947,0.015635,-0.009418,-0.042865,0.015635,-1.889351,1.933
0.14,0.1,-0.05008,6.93889390391e-18,-2.22044604925e-16,0.0,0.0,0.620249485983,0.0359665053409,0.0,-1.07365311828e-15,-1.23414394481e-16,0.000344,-0.509039,0.04659,-0.016888,0.015676,-0.00929,-0.044143,0.015676,-1.909146,1.953
,,,,,,,,,,,,0.000357,-0.50764,0.046423,-0.016014,0.015655,-0.009607,-0.045416,0.015655,-1.93012,1.973
,,,,,,,,,,,,0.000366,-0.506225,0.046254,-0.015321,0.015802,-0.009426,-0.046295,0.015802,-1.949215,1.993
,,,,,,,,,,,,0.000378,-0.504785,0.046082,-0.014742,0.015821,-0.009897,-0.047689,0.015821,-1.969977,2.013
,,,,,,,,,,,,0.000387,-0.50332,0.045908,0.078399,0.015815,-0.010025,-0.041197,0.015815,-1.989711,2.033
,,,,,,,,,,,,0.00034,-0.50182,0.045732,-0.016461,0.015691,-0.010215,-0.043782,0.015691,-2.010515,2.053
,,,,,,,,,,,,0.000322,-0.50031,0.045554,-0.017932,0.015726,-0.010446,-0.041989,0.015726,-2.03062,2.073
,,,,,,,,,,,,0.000359,-0.498768,0.045373,-0.015182,0.015836,-0.010025,-0.045638,0.015836,-2.049066,2.093
,,,,,,,,,,,,0.000379,-0.497208,0.04519,0.082472,0.015835,-0.010525,-0.040134,0.015835,-2.069233,2.113
,,,,,,,,,,,,0.00035,-0.495618,0.045005,-0.015488,0.015904,-0.010372,-0.044715,0.015904,-2.088268,2.133
,,,,,,,,,,,,0.000329,-0.493997,0.044818,-0.016811,0.015639,-0.010624,-0.042655,0.015639,-2.108776,2.153
,,,,,,,,,,,,0.000334,-0.492361,0.044628,-0.016397,0.015754,-0.010719,-0.043144,0.015754,-2.127986,2.173
,,,,,,,,,,,,0.000344,-0.490699,0.044436,-0.015914,0.01581,-0.011093,-0.044134,0.01581,-2.147789,2.193
,,,,,,,,,,,,0.000356,-0.489013,0.044242,-0.014893,0.015938,-0.010877,-0.045344,0.015938,-2.165489,2.213
,,,,,,,,,,,,0.000365,-0.487301,0.044046,-0.014482,0.015931,-0.011337,-0.046479,0.015931,-2.185117,2.233
,,,,,,,,,,,,0.000376,-0.485563,0.043848,0.096136,0.015971,-0.011337,-0.038932,0.015971,-2.203292,2.253
,,,,,,,,,,,,0.000303,-0.483797,0.043648,-0.018084,0.015887,-0.011451,-0.040088,0.015887,-2.222015,2.273
,,,,,,,,,,,,0.000313,-0.482005,0.043445,-0.017403,0.015866,-0.011768,-0.041117,0.015866,-2.241221,2.293
,,,,,,,,,,,,0.000326,-0.480187,0.043241,-0.016356,0.015889,-0.011638,-0.042361,0.015889,-2.259057,2.313
,,,,,,,,,,,,0.000336,-0.478344,0.043035,-0.015706,0.015904,-0.011968,-0.043354,0.015904,-2.277739,2.333
,,,,,,,,,,,,0.000347,-0.476478,0.042826,-0.014701,0.016034,-0.011739,-0.044514,0.016034,-2.294472,2.353
,,,,,,,,,,,,0.000357,-0.474586,0.042616,-0.014264,0.016019,-0.012186,-0.045667,0.016019,-2.312943,2.373
,,,,,,,,,,,,0.000368,-0.472666,0.042404,0.094753,0.016058,-0.01218,-0.038235,0.016058,-2.329936,2.393
,,,,,,,,,,,,0.000296,-0.470718,0.04219,-0.015921,0.015991,-0.012276,-0.039263,0.015991,-2.347387,2.413
,,,,,,,,,,,,0.000306,-0.468742,0.041974,-0.017123,0.015956,-0.012592,-0.040406,0.015956,-2.365385,2.433
,,,,,,,,,,,,0.000317,-0.46674,0.041756,-0.016132,0.015969,-0.012458,-0.041545,0.015969,-2.381951,2.453
,,,,,,,,,,,,0.000327,-0.464713,0.041536,-0.015457,0.015999,-0.012776,-0.04255,0.015999,-2.399247,2.473
,,,,,,,,,,,,0.000339,-0.462661,0.041315,-0.014468,0.016119,-0.012542,-0.043666,0.016119,-2.414655,2.493
,,,,,,,,,,,,0.000348,-0.460583,0.041091,-0.014011,0.016114,-0.012969,-0.044816,0.016114,-2.431638,2.513
,,,,,,,,,,,,0.000358,-0.458476,0.040866,0.093587,0.016141,-0.012955,-0.037438,0.016141,-2.447216,2.533
,,,,,,,,,,,,0.000287,-0.45634,0.04064,-0.015931,0.016088,-0.01305,-0.038482,0.016088,-2.463142,2.553
,,,,,,,,,,,,0.000297,-0.454176,0.040411,-0.016849,0.016048,-0.013352,-0.039612,0.016048,-2.479623,2.573
,,,,,,,,,,,,0.000308,-0.451984,0.040181,-0.015918,0.016059,-0.013209,-0.040644,0.016059,-2.494633,2.593
,,,,,,,,,,,,0.000319,-0.449767,0.03995,-0.015177,0.016102,-0.013513,-0.041721,0.016102,-2.51029,2.613
,,,,,,,,,,,,0.000329,-0.447523,0.039717,-0.014272,0.016192,-0.013269,-0.042706,0.016192,-2.524154,2.633
,,,,,,,,,,,,0.000339,-0.445254,0.039482,-0.013764,0.016218,-0.013683,-0.043892,0.016218,-2.539359,2.653
,,,,,,,,,,,,0.000348,-0.442954,0.039246,0.092341,0.016236,-0.013656,-0.036603,0.016236,-2.553257,2.673
,,,,,,,,,,,,0.000278,-0.440625,0.039008,-0.017267,0.01618,-0.013753,-0.03771,0.01618,-2.567458,2.693
,,,,,,,,,,,,0.000289,-0.438267,0.038769,-0.016578,0.016142,-0.014035,-0.03875,0.016142,-2.582143,2.713
,,,,,,,,,,,,0.000299,-0.435881,0.038529,-0.015645,0.016156,-0.013888,-0.039783,0.016156,-2.595348,2.733
,,,,,,,,,,,,0.000309,-0.433468,0.038287,-0.014928,0.016195,-0.014175,-0.040803,0.016195,-2.609167,2.753
,,,,,,,,,,,,0.000319,-0.431029,0.038044,-0.014005,0.01629,-0.01392,-0.041788,0.01629,-2.621139,2.773
,,,,,,,,,,,,0.000329,-0.428563,0.037799,-0.013494,0.016316,-0.014308,-0.042946,0.016316,-2.634401,2.793
,,,,,,,,,,,,0.000339,-0.426066,0.037554,0.090712,0.016331,-0.014275,-0.035786,0.016331,-2.646349,2.813
,,,,,,,,,,,,0.000269,-0.423541,0.037307,-0.016972,0.016283,-0.014358,-0.036831,0.016283,-2.658555,2.833
,,,,,,,,,,,,0.00028,-0.420984,0.037059,-0.016286,0.01624,-0.014627,-0.037875,0.01624,-2.671234,2.853
,,,,,,,,,,,,0.00029,-0.418399,0.036811,-0.015361,0.016254,-0.014476,-0.038897,0.016254,-2.68242,2.873
,,,,,,,,,,,,0.0003,-0.415787,0.03656,-0.014636,0.016295,-0.014738,-0.0399,0.016295,-2.694133,2.893
,,,,,,,,,,,,0.00031,-0.413148,0.03631,-0.013715,0.01639,-0.014479,-0.040863,0.01639,-2.704017,2.913
,,,,,,,,,,,,0.000319,-0.410482,0.036057,-0.013194,0.016418,-0.014833,-0.041992,0.016418,-2.715076,2.933
,,,,,,,,,,,,0.000329,-0.407784,0.035804,0.088875,0.016429,-0.014799,-0.034971,0.016429,-2.724876,2.953
,,,,,,,,,,,,0.000261,-0.405057,0.03555,-0.016644,0.016381,-0.014872,-0.03599,0.016381,-2.734897,2.973
,,,,,,,,,,,,0.000271,-0.402298,0.035296,-0.01597,0.016339,-0.015116,-0.037008,0.016339,-2.745316,2.993
,,,,,,,,,,,,0.000281,-0.399511,0.035041,-0.015064,0.016353,-0.014964,-0.038005,0.016353,-2.754269,3.013
,,,,,,,,,,,,0.000291,-0.396696,0.034784,-0.014337,0.016396,-0.015198,-0.038982,0.016396,-2.763655,3.033
,,,,,,,,,,,,0.0003,-0.393854,0.034527,-0.013421,0.016491,-0.014934,-0.039919,0.016491,-2.771239,3.053
,,,,,,,,,,,,0.00031,-0.390985,0.03427,-0.012892,0.016521,-0.015252,-0.041018,0.016521,-2.779887,3.073
,,,,,,,,,,,,0.000318,-0.388083,0.034012,0.087029,0.016529,-0.015216,-0.034138,0.016529,-2.787326,3.093
,,,,,,,,,,,,0.000252,-0.385152,0.033753,-0.016315,0.016481,-0.015276,-0.035129,0.016481,-2.794956,3.113
,,,,,,,,,,,,0.000262,-0.382189,0.033493,-0.015657,0.01644,-0.015496,-0.036119,0.01644,-2.802913,3.133
,,,,,,,,,,,,0.000271,-0.379197,0.033234,-0.014774,0.016454,-0.01534,-0.037088,0.016454,-2.809432,3.153
,,,,,,,,,,,,0.000281,-0.376178,0.032974,-0.014051,0.016497,-0.015547,-0.038038,0.016497,-2.816305,3.173
,,,,,,,,,,,,0.00029,-0.37313,0.032713,-0.013142,0.016593,-0.015274,-0.038949,0.016593,-2.821392,3.193
,,,,,,,,,,,,0.000299,-0.370055,0.032452,-0.01261,0.016623,-0.01556,-0.040018,0.016623,-2.827457,3.213
,,,,,,,,,,,,0.000308,-0.366949,0.032191,0.085288,0.01663,-0.015513,-0.033277,0.01663,-2.83233,3.233
,,,,,,,,,,,,0.000243,-0.363811,0.03193,-0.015995,0.016583,-0.015561,-0.034242,0.016583,-2.837377,3.253
,,,,,,,,,,,,0.000252,-0.360643,0.031669,-0.015355,0.016543,-0.015759,-0.03521,0.016543,-2.842701,3.273
,,,,,,,,,,,,0.000262,-0.357445,0.031407,-0.014495,0.016556,-0.015595,-0.036158,0.016556,-2.846603,3.293
,,,,,,,,,,,,0.000271,-0.35422,0.031146,-0.013777,0.016599,-0.015777,-0.037087,0.016599,-2.850801,3.313
,,,,,,,,,,,,0.000281,-0.350967,0.030884,-0.012872,0.016694,-0.015492,-0.037979,0.016694,-2.85322,3.333
,,,,,,,,,,,,0.000289,-0.347686,0.030622,-0.012336,0.016725,-0.015746,-0.039026,0.016725,-2.856543,3.353
,,,,,,,,,,,,0.000298,-0.344373,0.030361,0.083594,0.016731,-0.015686,-0.032422,0.016731,-2.858683,3.373
,,,,,,,,,,,,0.000234,-0.34103,0.030099,-0.015678,0.016685,-0.01572,-0.033367,0.016685,-2.860988,3.393
,,,,,,,,,,,,0.000243,-0.337656,0.029838,-0.015057,0.016646,-0.015894,-0.034315,0.016646,-2.863526,3.413
,,,,,,,,,,,,0.000253,-0.334253,0.029578,-0.01422,0.016659,-0.015721,-0.035246,0.016659,-2.864661,3.433
,,,,,,,,,,,,0.000262,-0.330823,0.029317,-0.013509,0.016701,-0.015878,-0.036159,0.016701,-2.866041,3.453
,,,,,,,,,,,,0.000271,-0.327365,0.029057,-0.01261,0.016795,-0.015581,-0.037034,0.016795,-2.865653,3.473
,,,,,,,,,,,,0.00028,-0.323879,0.028797,-0.012068,0.016826,-0.015803,-0.038062,0.016826,-2.8661,3.493
,,,,,,,,,,,,0.000288,-0.320362,0.028538,0.08195,0.016831,-0.015728,-0.031591,0.016831,-2.865374,3.513
,,,,,,,,,,,,0.000225,-0.316815,0.028279,-0.015367,0.016787,-0.015746,-0.032519,0.016787,-2.864807,3.533
,,,,,,,,,,,,0.000235,-0.313237,0.028021,-0.014765,0.016748,-0.015897,-0.033453,0.016748,-2.864437,3.553
,,,,,,,,,,,,0.000244,-0.30963,0.027764,-0.013952,0.01676,-0.015713,-0.03437,0.01676,-2.862685,3.573
,,,,,,,,,,,,0.000253,-0.305997,0.027507,-0.01325,0.016801,-0.015846,-0.03527,0.016801,-2.861137,3.593
,,,,,,,,,,,,0.000262,-0.302337,0.027251,-0.012356,0.016894,-0.015534,-0.036134,0.016894,-2.857832,3.613
,,,,,,,,,,,,0.00027,-0.298649,0.026995,-0.01181,0.016926,-0.015726,-0.037148,0.016926,-2.855305,3.633
,,,,,,,,,,,,0.000279,-0.294931,0.026741,0.080369,0.01693,-0.015633,-0.030802,0.01693,-2.851615,3.653
,,,,,,,,,,,,0.000217,-0.291183,0.026487,-0.015066,0.016887,-0.015636,-0.031718,0.016887,-2.848082,3.673
,,,,,,,,,,,,0.000226,-0.287405,0.026235,-0.014483,0.016848,-0.015762,-0.032641,0.016848,-2.844717,3.693
,,,,,,,,,,,,0.000235,-0.283599,0.025984,-0.013693,0.01686,-0.015567,-0.03355,0.01686,-2.839994,3.713
,,,,,,,,,,,,0.000244,-0.279768,0.025733,-0.013,0.0169,-0.015674,-0.034443,0.0169,-2.835443,3.733
,,,,,,,,,,,,0.000253,-0.275909,0.025484,-0.012113,0.01699,-0.015348,-0.0353,0.01699,-2.829151,3.753
,,,,,,,,,,,,0.000262,-0.272025,0.025236,-0.011563,0.017022,-0.015509,-0.036305,0.017022,-2.823589,3.773
,,,,,,,,,,,,0.00027,-0.268111,0.024989,0.078865,0.017025,-0.015399,-0.030071,0.017025,-2.816876,3.793
,,,,,,,,,,,,0.00021,-0.264168,0.024743,-0.014777,0.016984,-0.015384,-0.030982,0.016984,-2.810324,3.813
,,,,,,,,,,,,0.000219,-0.260196,0.024499,-0.014211,0.016946,-0.015487,-0.031901,0.016946,-2.803918,3.833
,,,,,,,,,,,,0.000228,-0.256198,0.024256,-0.013443,0.016957,-0.015279,-0.032808,0.016957,-2.796181,3.853
,,,,,,,,,,,,0.000237,-0.252175,0.024015,-0.012761,0.016995,-0.015362,-0.0337,0.016995,-2.788594,3.873
,,,,,,,,,,,,0.000246,-0.248126,0.023775,-0.011881,0.017084,-0.01502,-0.034556,0.017084,-2.779285,3.893
,,,,,,,,,,,,0.000254,-0.244052,0.023537,-0.011328,0.017115,-0.015152,-0.035557,0.017115,-2.77067,3.913
,,,,,,,,,,,,0.000262,-0.239949,0.023301,0.077447,0.017117,-0.015025,-0.029419,0.017117,-2.760922,3.933
,,,,,,,,,,,,0.000203,-0.23582,0.023066,-0.014503,0.017076,-0.014992,-0.030331,0.017076,-2.751342,3.953
,,,,,,,,,,,,0.000212,-0.231663,0.022832,-0.013952,0.017039,-0.015071,-0.031254,0.017039,-2.741895,3.973
,,,,,,,,,,,,0.000221,-0.22748,0.022601,-0.013205,0.01705,-0.014848,-0.032165,0.01705,-2.731148,3.993
,,,,,,,,,,,,0.00023,-0.223274,0.022372,-0.012534,0.017086,-0.014908,-0.033062,0.017086,-2.720536,4.013
,,,,,,,,,,,,0.000239,-0.219044,0.022144,-0.01166,0.017172,-0.01455,-0.033923,0.017172,-2.70823,4.033
,,,,,,,,,,,,0.000248,-0.214791,0.021918,-0.011106,0.017202,-0.014654,-0.034928,0.017202,-2.696591,4.053
,,,,,,,,,,,,0.000256,-0.210511,0.021695,0.076122,0.017203,-0.01451,-0.028866,0.017203,-2.683847,4.073
,,,,,,,,,,,,0.000197,-0.206205,0.021473,-0.014247,0.017163,-0.014459,-0.029787,0.017163,-2.671279,4.093
,,,,,,,,,,,,0.000206,-0.201874,0.021254,-0.013709,0.017126,-0.014515,-0.030721,0.017126,-2.658841,4.113
,,,,,,,,,,,,0.000216,-0.197519,0.021037,-0.01298,0.017136,-0.014278,-0.031644,0.017136,-2.645138,4.133
,,,,,,,,,,,,0.000225,-0.193143,0.020821,-0.012318,0.017172,-0.014314,-0.032553,0.017172,-2.631566,4.153
,,,,,,,,,,,,0.000234,-0.188744,0.020609,-0.011451,0.017255,-0.013941,-0.033426,0.017255,-2.616332,4.173
,,,,,,,,,,,,0.000243,-0.184324,0.020398,-0.010898,0.017283,-0.014018,-0.03444,0.017283,-2.601751,4.193
,,,,,,,,,,,,0.000251,-0.17988,0.02019,0.074896,0.017282,-0.013859,-0.028429,0.017282,-2.586102,4.213
,,,,,,,,,,,,0.000193,-0.175411,0.019984,-0.014011,0.017243,-0.013789,-0.02937,0.017243,-2.570644,4.233
,,,,,,,,,,,,0.000202,-0.17092,0.019781,-0.013482,0.017206,-0.013822,-0.030323,0.017206,-2.555317,4.253
,,,,,,,,,,,,0.000212,-0.166407,0.01958,-0.01277,0.017216,-0.013571,-0.031265,0.017216,-2.538767,4.273
,,,,,,,,,,,,0.000221,-0.161875,0.019382,-0.012115,0.01725,-0.013585,-0.032193,0.01725,-2.522353,4.293
,,,,,,,,,,,,0.00023,-0.157322,0.019187,-0.011256,0.01733,-0.013196,-0.033084,0.01733,-2.504316,4.313
,,,,,,,,,,,,0.000239,-0.152751,0.018993,-0.010704,0.017356,-0.013248,-0.034114,0.017356,-2.486929,4.333
,,,,,,,,,,,,0.000248,-0.148158,0.018803,0.073775,0.017352,-0.013076,-0.028129,0.017352,-2.468527,4.353
,,,,,,,,,,,,0.00019,-0.143543,0.018616,-0.013798,0.017313,-0.012988,-0.029099,0.017313,-2.450329,4.373
,,,,,,,,,,,,0.000199,-0.138908,0.018431,-0.013275,0.017277,-0.013,-0.03008,0.017277,-2.432275,4.393
,,,,,,,,,,,,0.000209,-0.134254,0.018249,-0.012575,0.017286,-0.012735,-0.031048,0.017286,-2.413046,4.413
,,,,,,,,,,,,0.000219,-0.129583,0.01807,-0.011927,0.017319,-0.012727,-0.032002,0.017319,-2.393962,4.433
,,,,,,,,,,,,0.000228,-0.124895,0.017894,-0.011073,0.017397,-0.012324,-0.032917,0.017397,-2.373306,4.453
,,,,,,,,,,,,0.000237,-0.120191,0.017721,-0.010524,0.01742,-0.012353,-0.033968,0.01742,-2.353307,4.473
,,,,,,,,,,,,0.000246,-0.115468,0.01755,0.072767,0.017413,-0.012171,-0.027983,0.017413,-2.33236,4.493
,,,,,,,,,,,,0.000188,-0.110726,0.017383,-0.013609,0.017374,-0.012065,-0.028991,0.017374,-2.311635,4.513
,,,,,,,,,,,,0.000198,-0.105967,0.017219,-0.013089,0.017338,-0.012057,-0.030007,0.017338,-2.291071,4.533
,,,,,,,,,,,,0.000208,-0.101191,0.017058,-0.012399,0.017347,-0.01178,-0.031009,0.017347,-2.269387,4.553
,,,,,,,,,,,,0.000218,-0.096403,0.016901,-0.011755,0.017378,-0.011751,-0.031994,0.017378,-2.247868,4.573
,,,,,,,,,,,,0.000228,-0.0916,0.016746,-0.010906,0.017453,-0.011335,-0.032937,0.017453,-2.224833,4.593
,,,,,,,,,,,,0.000238,-0.086783,0.016594,-0.01036,0.017474,-0.011341,-0.034014,0.017474,-2.202471,4.613
,,,,,,,,,,,,0.000247,-0.081951,0.016446,0.071879,0.017462,-0.011154,-0.028006,0.017462,-2.179247,4.633
,,,,,,,,,,,,0.000188,-0.077104,0.016301,-0.013447,0.017423,-0.011032,-0.02906,0.017423,-2.156262,4.653
,,,,,,,,,,,,0.000199,-0.072242,0.01616,-0.012927,0.017387,-0.011005,-0.030118,0.017387,-2.133466,4.673
,,,,,,,,,,,,0.000209,-0.067368,0.016022,-0.012244,0.017395,-0.010717,-0.031158,0.017395,-2.109611,4.693
,,,,,,,,,,,,0.00022,-0.062484,0.015887,-0.011602,0.017425,-0.010668,-0.032178,0.017425,-2.085944,4.713
,,,,,,,,,,,,0.00023,-0.057589,0.015756,-0.010756,0.017498,-0.010241,-0.033154,0.017498,-2.06083,4.733
,,,,,,,,,,,,0.00024,-0.052684,0.015627,-0.010214,0.017516,-0.010228,-0.034261,0.017516,-2.036411,4.753
,,,,,,,,,,,,0.000249,-0.047766,0.015503,0.071122,0.0175,-0.010039,-0.02821,0.0175,-2.01123,4.773
,,,,,,,,,,,,0.00019,-0.042837,0.015382,-0.013313,0.01746,-0.009902,-0.029315,0.01746,-1.986311,4.793
,,,,,,,,,,,,0.000201,-0.037898,0.015264,-0.012791,0.017423,-0.009858,-0.03042,0.017423,-1.961613,4.813
,,,,,,,,,,,,0.000212,-0.03295,0.01515,-0.012113,0.017431,-0.009561,-0.031503,0.017431,-1.935926,4.833
,,,,,,,,,,,,0.000223,-0.027995,0.01504,-0.01147,0.01746,-0.009494,-0.032562,0.01746,-1.910457,4.853
,,,,,,,,,,,,0.000234,-0.023032,0.014933,-0.010626,0.017529,-0.009059,-0.033573,0.017529,-1.88362,4.873
,,,,,,,,,,,,0.000244,-0.018064,0.01483,-0.010087,0.017544,-0.009028,-0.034712,0.017544,-1.857512,4.893
,,,,,,,,,,,,0.000254,-0.013087,0.01473,0.070507,0.01753,-0.008842,-0.028601,0.01753,-1.830771,4.913
,,,,,,,,,,,,0.000194,-0.008103,0.014634,-0.013208,0.017493,-0.008692,-0.029761,0.017493,-1.804354,4.933
,,,,,,,,,,,,0.000206,-0.003113,0.014542,-0.012679,0.017494,-0.008637,-0.030911,0.017494,-1.778409,4.953
,,,,,,,,,,,,0.000258,0.001867,0.014453,0.055301,0.017218,-0.008314,-0.03018,0.017218,-1.749908,4.973
,,,,,,,,,,,,0.000263,0.006929,0.014369,0.072563,0.016324,-0.007923,-0.029229,0.016324,-1.725045,4.993
,,,,,,,,,,,,0.000214,0.011886,0.014287,-0.012114,0.017644,-0.007997,-0.031725,0.017644,-1.695209,5.013
,,,,,,,,,,,,0.000257,0.016881,0.01421,0.067032,0.017754,-0.007799,-0.029179,0.017754,-1.667722,5.033
,,,,,,,,,,,,0.000199,0.021906,0.014136,-0.013187,0.017384,-0.007581,-0.030263,0.017384,-1.641028,5.053
,,,,,,,,,,,,0.00021,0.026918,0.014066,-0.012661,0.017426,-0.00754,-0.031427,0.017426,-1.613472,5.073
,,,,,,,,,,,,0.000223,0.031931,0.014,-0.011945,0.017498,-0.007236,-0.032633,0.017498,-1.585298,5.093
,,,,,,,,,,,,0.000235,0.036947,0.013937,-0.01129,0.017488,-0.007135,-0.033811,0.017488,-1.557621,5.113
,,,,,,,,,,,,0.000246,0.041963,0.013879,-0.010456,0.017546,-0.006688,-0.03488,0.017546,-1.528607,5.133
,,,,,,,,,,,,0.000257,0.046976,0.013824,-0.009927,0.017566,-0.006637,-0.03607,0.017566,-1.500389,5.153
,,,,,,,,,,,,0.000267,0.051992,0.013772,0.069794,0.017531,-0.006459,-0.02982,0.017531,-1.471771,5.173
,,,,,,,,,,,,0.000206,0.057008,0.013725,-0.013108,0.017487,-0.006291,-0.031084,0.017487,-1.443489,5.193
,,,,,,,,,,,,0.000219,0.062022,0.013681,-0.012576,0.017452,-0.006218,-0.03233,0.017452,-1.415554,5.213
,,,,,,,,,,,,0.000231,0.067034,0.013641,-0.011902,0.01746,-0.005905,-0.033542,0.01746,-1.386839,5.233
,,,,,,,,,,,,0.000243,0.072042,0.013605,-0.011254,0.017485,-0.005805,-0.034717,0.017485,-1.358473,5.253
,,,,,,,,,,,,0.000255,0.077045,0.013573,-0.01041,0.017546,-0.005354,-0.035833,0.017546,-1.328955,5.273
,,,,,,,,,,,,0.000266,0.082043,0.013544,-0.009888,0.017551,-0.0053,-0.03707,0.017551,-1.300316,5.293
,,,,,,,,,,,,0.000277,0.087039,0.013519,0.069766,0.017515,-0.005127,-0.030726,0.017515,-1.271333,5.313
,,,,,,,,,,,,0.000215,0.092031,0.013498,-0.013105,0.017472,-0.004954,-0.032047,0.017472,-1.242724,5.333
,,,,,,,,,,,,0.000228,0.097018,0.013481,-0.012567,0.017436,-0.004878,-0.033346,0.017436,-1.214534,5.353
,,,,,,,,,,,,0.000241,0.101998,0.013468,-0.011891,0.017442,-0.004563,-0.034604,0.017442,-1.185624,5.373
,,,,,,,,,,,,0.000254,0.10697,0.013458,-0.011239,0.017466,-0.004461,-0.035821,0.017466,-1.157126,5.393
,,,,,,,,,,,,0.000266,0.111934,0.013452,-0.010392,0.017523,-0.004008,-0.036975,0.017523,-1.127542,5.413
,,,,,,,,,,,,0.000278,0.116889,0.013449,-0.009896,0.01752,-0.003983,-0.038239,0.01752,-1.09882,5.433
,,,,,,,,,,,,0.00029,0.121837,0.013449,0.070704,0.017497,-0.00389,-0.031803,0.017497,-1.066289,5.453
,,,,,,,,,,,,0.000226,0.126779,0.01345,-0.013375,0.017423,-0.003885,-0.033242,0.017423,-1.021205,5.473
,,,,,,,,,,,,0.00024,0.13171,0.013451,-0.012912,0.017403,-0.003913,-0.034623,0.017403,-0.961684,5.493
,,,,,,,,,,,,0.000254,0.13663,0.013451,-0.012344,0.017422,-0.003936,-0.035984,0.017422,-0.887744,5.513
,,,,,,,,,,,,0.000268,0.141538,0.013452,-0.01163,0.017449,-0.003928,-0.037278,0.017449,-0.799404,5.533
,,,,,,,,,,,,0.00028,0.146435,0.013453,-0.010798,0.017469,-0.003867,-0.03849,0.017469,-0.696704,5.553
,,,,,,,,,,,,0.000292,0.15132,0.013454,-0.010128,0.017455,-0.003777,-0.039796,0.017455,-0.579689,5.573
,,,,,,,,,,,,0.000304,0.156195,0.013454,0.072264,0.017422,-0.003827,-0.033009,0.017422,-0.448256,5.593
,,,,,,,,,,,,0.000237,0.161057,0.013455,-0.013612,0.017389,-0.003834,-0.034437,0.017389,-0.303094,5.613
,,,,,,,,,,,,0.000252,0.165906,0.013456,-0.013035,0.017374,-0.003853,-0.035825,0.017374,-0.143971,5.633
,,,,,,,,,,,,0.000264,0.17074,0.013461,-0.012226,0.017359,-0.003265,-0.03696,0.017359,0.014434,5.653
,,,,,,,,,,,,0.000277,0.17556,0.013481,-0.011421,0.017371,-0.002609,-0.03825,0.017371,0.124032,5.673
,,,,,,,,,,,,0.00029,0.180363,0.013514,-0.01047,0.01746,-0.001791,-0.039453,0.01746,0.200584,5.693
,,,,,,,,,,,,0.000302,0.185151,0.013554,-0.009945,0.017434,-0.001606,-0.040795,0.017434,0.255697,5.713
,,,,,,,,,,,,0.000314,0.189926,0.013601,0.07062,0.017383,-0.001343,-0.034151,0.017383,0.299385,5.733
,,,,,,,,,,,,0.000249,0.194685,0.013653,-0.013282,0.017346,-0.001091,-0.035618,0.017346,0.335899,5.753
,,,,,,,,,,,,0.000264,0.199427,0.013709,-0.01273,0.01731,-0.001005,-0.037056,0.01731,0.367717,5.773
,,,,,,,,,,,,0.000278,0.204152,0.01377,-0.012033,0.017313,-0.000662,-0.038438,0.017313,0.397821,5.793
,,,,,,,,,,,,0.000292,0.208857,0.013833,-0.011364,0.017328,-0.000571,-0.039767,0.017328,0.425897,5.813
,,,,,,,,,,,,0.000305,0.213544,0.013901,-0.010489,0.017375,-0.000112,-0.041021,0.017375,0.454134,5.833
,,,,,,,,,,,,0.000318,0.218212,0.013971,-0.009982,0.017366,-9.4e-05,-0.042395,0.017366,0.480676,5.853
,,,,,,,,,,,,0.00033,0.222862,0.014044,0.071025,0.01732,4.1e-05,-0.035654,0.01732,0.506995,5.873
,,,,,,,,,,,,0.000264,0.227495,0.014121,-0.01338,0.017278,0.000211,-0.03717,0.017278,0.532667,5.893
,,,,,,,,,,,,0.000279,0.232107,0.014201,-0.012819,0.017241,0.000262,-0.038647,0.017241,0.557559,5.913
,,,,,,,,,,,,0.000294,0.236699,0.014284,-0.012121,0.017244,0.000566,-0.040066,0.017244,0.582916,5.933
,,,,,,,,,,,,0.000308,0.241269,0.01437,-0.011444,0.017258,0.000645,-0.041431,0.017258,0.607567,5.953
,,,,,,,,,,,,0.000322,0.245817,0.014459,-0.010567,0.017302,0.001082,-0.042718,0.017302,0.633071,5.973
,,,,,,,,,,,,0.000334,0.250343,0.014551,-0.010059,0.017293,0.001089,-0.044124,0.017293,0.657319,5.993
,,,,,,,,,,,,0.000347,0.254848,0.014645,0.07168,0.017244,0.0012,-0.037273,0.017244,0.681508,6.013
,,,,,,,,,,,,0.00028,0.259333,0.014743,-0.013517,0.017201,0.001358,-0.038832,0.017201,0.705172,6.033
,,,,,,,,,,,,0.000295,0.263796,0.014843,-0.012945,0.017164,0.001399,-0.040347,0.017164,0.728114,6.053
,,,,,,,,,,,,0.00031,0.268235,0.014947,-0.012238,0.017167,0.001689,-0.041801,0.017167,0.751521,6.073
,,,,,,,,,,,,0.000325,0.272649,0.015052,-0.01155,0.017179,0.00176,-0.043196,0.017179,0.774222,6.093
,,,,,,,,,,,,0.000339,0.277039,0.015161,-0.010667,0.017219,0.002183,-0.044511,0.017219,0.797741,6.113
,,,,,,,,,,,,0.000352,0.281404,0.015272,-0.010157,0.017208,0.002175,-0.045946,0.017208,0.819973,6.133
,,,,,,,,,,,,0.000365,0.285747,0.015386,0.072452,0.017158,0.002266,-0.038979,0.017158,0.842084,6.153
,,,,,,,,,,,,0.000296,0.290066,0.015502,-0.013675,0.017116,0.002413,-0.040575,0.017116,0.863662,6.173
,,,,,,,,,,,,0.000312,0.29436,0.01562,-0.013093,0.017079,0.002439,-0.042123,0.017079,0.884481,6.193
,,,,,,,,,,,,0.000328,0.298629,0.015742,-0.012375,0.017082,0.002719,-0.043607,0.017082,0.905737,6.213
,,,,,,,,,,,,0.000343,0.302871,0.015865,-0.011677,0.017092,0.002776,-0.04503,0.017092,0.926246,6.233
,,,,,,,,,,,,0.000357,0.307086,0.015991,-0.010785,0.017128,0.003187,-0.046369,0.017128,0.947542,6.253
,,,,,,,,,,,,0.00037,0.311274,0.016119,-0.010274,0.017115,0.003158,-0.04783,0.017115,0.967498,6.273
,,,,,,,,,,,,0.000383,0.315438,0.016249,0.073323,0.017064,0.003228,-0.040742,0.017064,0.987287,6.293
,,,,,,,,,,,,0.000314,0.319577,0.016382,-0.013852,0.017023,0.003364,-0.04237,0.017023,1.006544,6.313
,,,,,,,,,,,,0.00033,0.323688,0.016516,-0.01326,0.016988,0.003374,-0.043949,0.016988,1.025004,6.333
,,,,,,,,,,,,0.000346,0.327772,0.016653,-0.01253,0.01699,0.003642,-0.04546,0.01699,1.043886,6.353
,,,,,,,,,,,,0.000361,0.331827,0.016792,-0.011821,0.016998,0.003684,-0.046907,0.016998,1.061984,6.373
,,,,,,,,,,,,0.000375,0.335854,0.016933,-0.01092,0.01703,0.004081,-0.048269,0.01703,1.080847,6.393
,,,,,,,,,,,,0.000389,0.339852,0.017075,-0.010408,0.017015,0.004029,-0.049753,0.017015,1.098325,6.413
,,,,,,,,,,,,0.000402,0.343825,0.01722,0.074279,0.016964,0.004077,-0.042538,0.016964,1.115599,6.433
,,,,,,,,,,,,0.000331,0.34777,0.017366,-0.014046,0.016925,0.004202,-0.044196,0.016925,1.132352,6.453
,,,,,,,,,,,,0.000348,0.351686,0.017514,-0.013442,0.016891,0.004193,-0.045801,0.016891,1.148279,6.473
,,,,,,,,,,,,0.000364,0.355573,0.017664,-0.012698,0.016893,0.00445,-0.047337,0.016893,1.164621,6.493
,,,,,,,,,,,,0.000379,0.35943,0.017816,-0.01198,0.016898,0.004474,-0.048805,0.016898,1.180148,6.513
,,,,,,,,,,,,0.000394,0.363258,0.017969,-0.011072,0.016927,0.004857,-0.050182,0.016927,1.19643,6.533
,,,,,,,,,,,,0.000407,0.367056,0.018123,-0.010559,0.01691,0.004777,-0.051697,0.01691,1.211276,6.553
,,,,,,,,,,,,0.00042,0.370826,0.01828,0.074937,0.016858,0.004804,-0.044357,0.016858,1.225904,6.573
,,,,,,,,,,,,0.000348,0.374568,0.018437,-0.014272,0.016822,0.004917,-0.045989,0.016822,1.240043,6.593
,,,,,,,,,,,,0.000366,0.37828,0.018596,-0.01363,0.016789,0.004887,-0.04768,0.016789,1.253298,6.613
,,,,,,,,,,,,0.000381,0.381962,0.018757,-0.012908,0.016791,0.005131,-0.049155,0.016791,1.267011,6.633
,,,,,,,,,,,,0.000398,0.385612,0.018918,-0.012146,0.016795,0.005132,-0.050732,0.016795,1.27984,6.653
,,,,,,,,,,,,0.000411,0.389232,0.019081,-0.011271,0.016816,0.0055,-0.052025,0.016816,1.293459,6.673
,,,,,,,,,,,,0.000426,0.392821,0.019245,-0.010742,0.016801,0.005381,-0.053668,0.016801,1.305558,6.693
,,,,,,,,,,,,0.000438,0.396383,0.01941,0.074987,0.016749,0.005398,-0.046194,0.016749,1.317504,6.713
,,,,,,,,,,,,0.000365,0.399914,0.019577,-0.014529,0.016716,0.005504,-0.04773,0.016716,1.328988,6.733
,,,,,,,,,,,,0.000384,0.403414,0.019744,-0.013824,0.016685,0.005451,-0.049555,0.016685,1.339504,6.753
,,,,,,,,,,,,0.000398,0.406884,0.019913,-0.013133,0.016686,0.005684,-0.050943,0.016686,1.350547,6.773
,,,,,,,,,,,,0.000416,0.410321,0.020082,-0.012324,0.01669,0.005663,-0.052639,0.01669,1.36064,6.793
,,,,,,,,,,,,0.000429,0.413728,0.020252,-0.011478,0.016703,0.006017,-0.053852,0.016703,1.371563,6.813
,,,,,,,,,,,,0.000445,0.417104,0.020423,-0.010933,0.016689,0.005861,-0.055609,0.016689,1.380896,6.833
,,,,,,,,,,,,0.000456,0.42045,0.020594,0.075169,0.016636,0.005867,-0.047998,0.016636,1.390139,6.853
,,,,,,,,,,,,0.000381,0.423766,0.020767,-0.014792,0.016608,0.005965,-0.049445,0.016608,1.398953,6.873
,,,,,,,,,,,,0.000401,0.42705,0.02094,-0.014028,0.016579,0.00589,-0.051393,0.016579,1.406733,6.893
,,,,,,,,,,,,0.000415,0.430304,0.021113,-0.013364,0.016579,0.006112,-0.052698,0.016579,1.415111,6.913
,,,,,,,,,,,,0.000434,0.433525,0.021288,-0.01251,0.016583,0.006067,-0.054504,0.016583,1.422483,6.933
,,,,,,,,,,,,0.000446,0.436715,0.021462,-0.011692,0.016589,0.006408,-0.055642,0.016589,1.43073,6.953
,,,,,,,,,,,,0.000463,0.439873,0.021637,-0.011131,0.016576,0.006216,-0.057504,0.016576,1.437327,6.973
,,,,,,,,,,,,0.000474,0.443002,0.021813,0.075473,0.016523,0.00621,-0.049753,0.016523,1.443898,6.993
,,,,,,,,,,,,0.000397,0.4461,0.021989,-0.015057,0.016498,0.006301,-0.051118,0.016498,1.450082,7.013
,,,,,,,,,,,,0.000418,0.449166,0.022165,-0.014238,0.016472,0.006204,-0.053178,0.016472,1.455179,7.033
,,,,,,,,,,,,0.000431,0.452201,0.022341,-0.013595,0.016471,0.006416,-0.054408,0.016471,1.460944,7.053
,,,,,,,,,,,,0.000451,0.455203,0.022518,-0.012703,0.016474,0.006349,-0.05631,0.016474,1.465661,7.073
,,,,,,,,,,,,0.000462,0.458175,0.022695,-0.011909,0.016473,0.006676,-0.05738,0.016473,1.471297,7.093
,,,,,,,,,,,,0.00048,0.461114,0.022871,-0.011333,0.016462,0.006449,-0.059336,0.016462,1.475236,7.113
,,,,,,,,,,,,0.00049,0.464025,0.023048,0.075904,0.01641,0.006432,-0.051443,0.01641,1.479215,7.133
,,,,,,,,,,,,0.000412,0.466904,0.023225,-0.015322,0.016389,0.006515,-0.052736,0.016389,1.482852,7.153
,,,,,,,,,,,,0.000435,0.469751,0.023402,-0.014452,0.016365,0.006397,-0.054893,0.016365,1.485365,7.173
,,,,,,,,,,,,0.000447,0.472567,0.023579,-0.013826,0.016364,0.0066,-0.056057,0.016364,1.488615,7.193
,,,,,,,,,,,,0.000467,0.475351,0.023756,-0.012901,0.016366,0.006511,-0.058044,0.016366,1.490784,7.213
,,,,,,,,,,,,0.000478,0.478105,0.023932,-0.012127,0.016359,0.006826,-0.059055,0.016359,1.493919,7.233
,,,,,,,,,,,,0.000497,0.480826,0.024108,-0.011537,0.016348,0.006565,-0.061091,0.016348,1.495318,7.253
,,,,,,,,,,,,0.000507,0.483519,0.024284,0.076457,0.016297,0.006537,-0.053057,0.016297,1.496825,7.273
,,,,,,,,,,,,0.000427,0.48618,0.02446,-0.015584,0.016279,0.006613,-0.054287,0.016279,1.498039,7.293
,,,,,,,,,,,,0.00045,0.488809,0.024635,-0.014668,0.016258,0.006475,-0.056527,0.016258,1.498106,7.313
,,,,,,,,,,,,0.000462,0.491408,0.02481,-0.014053,0.016257,0.00667,-0.057635,0.016257,1.498975,7.333
,,,,,,,,,,,,0.000483,0.493975,0.024984,-0.0131,0.016259,0.00656,-0.059693,0.016259,1.498743,7.353
,,,,,,,,,,,,0.000493,0.496512,0.025158,-0.012352,0.016245,0.006862,-0.060641,0.016245,1.499523,7.373
,,,,,,,,,,,,0.000513,0.499017,0.025331,-0.011752,0.016236,0.006565,-0.062759,0.016236,1.498521,7.393
,,,,,,,,,,,,0.000522,0.501494,0.025504,0.076811,0.016186,0.006532,-0.054584,0.016186,1.497727,7.413
,,,,,,,,,,,,0.000441,0.503939,0.025676,-0.015826,0.01617,0.0066,-0.055787,0.01617,1.496668,7.433
,,,,,,,,,,,,0.000464,0.506354,0.025848,-0.014885,0.016153,0.006447,-0.058062,0.016153,1.494478,7.453
,,,,,,,,,,,,0.000476,0.508738,0.026019,-0.014283,0.016152,0.006632,-0.059115,0.016152,1.493128,7.473
,,,,,,,,,,,,0.000498,0.511091,0.026189,-0.013304,0.016153,0.006501,-0.06124,0.016153,1.490664,7.493
,,,,,,,,,,,,0.000508,0.513415,0.026358,-0.012559,0.016134,0.006796,-0.062171,0.016134,1.489269,7.513
,,,,,,,,,,,,0.000527,0.515706,0.026526,-0.011978,0.016125,0.006462,-0.064314,0.016125,1.486053,7.533
,,,,,,,,,,,,0.000537,0.517971,0.026694,0.07858,0.016078,0.006433,-0.055977,0.016078,1.483175,7.553
,,,,,,,,,,,,0.000453,0.520205,0.02686,-0.016107,0.016064,0.00649,-0.057107,0.016064,1.480032,7.573
,,,,,,,,,,,,0.000478,0.522408,0.027026,-0.0151,0.016051,0.006318,-0.059496,0.016051,1.475748,7.593
,,,,,,,,,,,,0.000489,0.524581,0.027191,-0.014481,0.016048,0.006498,-0.060552,0.016048,1.472369,7.613
,,,,,,,,,,,,0.000511,0.526723,0.027355,-0.013527,0.01605,0.00634,-0.06267,0.01605,1.46787,7.633
,,,,,,,,,,,,0.000522,0.528838,0.027517,-0.012734,0.01603,0.006644,-0.063656,0.01603,1.464566,7.653
,,,,,,,,,,,,0.000541,0.530921,0.027679,-0.012165,0.016015,0.006278,-0.065779,0.016015,1.459334,7.673
,,,,,,,,,,,,0.000549,0.532978,0.02784,0.078736,0.01597,0.006229,-0.057317,0.01597,1.454494,7.693
,,,,,,,,,,,,0.000466,0.535004,0.027999,-0.016321,0.01596,0.006284,-0.058447,0.01596,1.449499,7.713
,,,,,,,,,,,,0.00049,0.537,0.028157,-0.015321,0.015949,0.006092,-0.06082,0.015949,1.443344,7.733
,,,,,,,,,,,,0.000501,0.538968,0.028314,-0.014717,0.015952,0.006276,-0.061805,0.015952,1.438234,7.753
,,,,,,,,,,,,0.000524,0.540905,0.02847,-0.013686,0.015947,0.006111,-0.064029,0.015947,1.431937,7.773
,,,,,,,,,,,,0.000534,0.542816,0.028625,-0.012917,0.015919,0.006385,-0.06501,0.015919,1.426775,7.793
,,,,,,,,,,,,0.000554,0.544695,0.028778,-0.012302,0.015911,0.006032,-0.067109,0.015911,1.41996,7.813
,,,,,,,,,,,,0.000562,0.54655,0.02893,0.079969,0.015865,0.005948,-0.058531,0.015865,1.413309,7.833
,,,,,,,,,,,,0.000476,0.548374,0.02908,-0.016583,0.015861,0.005999,-0.059568,0.015861,1.406718,7.853
,,,,,,,,,,,,0.000501,0.550169,0.029229,-0.015515,0.015853,0.005804,-0.062031,0.015853,1.398978,7.873
,,,,,,,,,,,,0.00051,0.551936,0.029377,-0.01497,0.015851,0.00597,-0.062896,0.015851,1.392257,7.893
,,,,,,,,,,,,0.000534,0.553674,0.029524,-0.01388,0.015849,0.005813,-0.065169,0.015849,1.384477,7.913
,,,,,,,,,,,,0.000545,0.555387,0.029669,-0.013147,0.015819,0.006074,-0.066145,0.015819,1.377815,7.933
,,,,,,,,,,,,0.000565,0.557069,0.029812,-0.012611,0.015811,0.00563,-0.068346,0.015811,1.369222,7.953
,,,,,,,,,,,,0.000575,0.558727,0.029954,0.082802,0.015769,0.005615,-0.059566,0.015769,1.361407,7.973
,,,,,,,,,,,,0.000487,0.560355,0.030094,-0.016761,0.015761,0.00565,-0.060731,0.015761,1.353334,7.993
,,,,,,,,,,,,0.000512,0.561956,0.030233,-0.015715,0.015758,0.005423,-0.063157,0.015758,1.344161,8.013
,,,,,,,,,,,,0.000522,0.56353,0.030371,-0.015065,0.015761,0.005608,-0.064172,0.015761,1.336189,8.033
,,,,,,,,,,,,0.000545,0.565075,0.030506,-0.014097,0.015754,0.005391,-0.066352,0.015754,1.326966,8.053
,,,,,,,,,,,,0.000556,0.566596,0.03064,-0.013277,0.015726,0.005689,-0.06735,0.015726,1.3192,8.073
,,,,,,,,,,,,0.000575,0.568088,0.030773,-0.012719,0.01571,0.005246,-0.069493,0.01571,1.309413,8.093
,,,,,,,,,,,,0.000583,0.569556,0.030904,0.080996,0.015671,0.005184,-0.060659,0.015671,1.300266,8.113
,,,,,,,,,,,,0.000496,0.570996,0.031033,-0.016914,0.015667,0.005227,-0.061802,0.015667,1.291097,8.133
,,,,,,,,,,,,0.000521,0.572409,0.03116,-0.015891,0.015667,0.004999,-0.06417,0.015667,1.280849,8.153
,,,,,,,,,,,,0.000531,0.573797,0.031286,-0.015235,0.015672,0.005183,-0.065164,0.015672,1.271835,8.173
,,,,,,,,,,,,0.000554,0.575157,0.03141,-0.014259,0.015661,0.004954,-0.067363,0.015661,1.261564,8.193
,,,,,,,,,,,,0.000565,0.576493,0.031533,-0.013441,0.015633,0.005248,-0.068348,0.015633,1.252806,8.213
,,,,,,,,,,,,0.000585,0.577803,0.031653,-0.012884,0.015616,0.004786,-0.070501,0.015616,1.242024,8.233
,,,,,,,,,,,,0.000592,0.579089,0.031772,0.081258,0.015579,0.004724,-0.061568,0.015579,1.23197,8.253
,,,,,,,,,,,,0.000505,0.580348,0.031889,-0.017036,0.015576,0.004766,-0.062799,0.015576,1.221901,8.273
,,,,,,,,,,,,0.000529,0.581581,0.032005,-0.016026,0.015581,0.004549,-0.06508,0.015581,1.21091,8.293
,,,,,,,,,,,,0.00054,0.58279,0.032118,-0.015373,0.015581,0.004707,-0.066073,0.015581,1.200972,8.313
,,,,,,,,,,,,0.000562,0.583973,0.03223,-0.014412,0.015576,0.004475,-0.068261,0.015576,1.189985,8.333
,,,,,,,,,,,,0.000573,0.585133,0.03234,-0.013586,0.015544,0.004769,-0.069245,0.015544,1.180503,8.353
,,,,,,,,,,,,0.000593,0.586268,0.032448,-0.013023,0.015526,0.004294,-0.071399,0.015526,1.169003,8.373
,,,,,,,,,,,,0.0006,0.587381,0.032554,0.082209,0.015493,0.004229,-0.062361,0.015493,1.158289,8.393
,,,,,,,,,,,,0.000512,0.588467,0.032659,-0.017221,0.015491,0.004271,-0.063533,0.015491,1.14763,8.413
,,,,,,,,,,,,0.000536,0.589529,0.032762,-0.016166,0.015498,0.004038,-0.065905,0.015498,1.136012,8.433
,,,,,,,,,,,,0.000548,0.590568,0.032863,-0.015423,0.015499,0.004208,-0.067027,0.015499,1.125556,8.453
,,,,,,,,,,,,0.000569,0.591582,0.032961,-0.014479,0.015494,0.004011,-0.06905,0.015494,1.114235,8.473
,,,,,,,,,,,,0.000578,0.592576,0.033059,-0.013817,0.015454,0.004239,-0.069834,0.015454,1.10409,8.493
,,,,,,,,,,,,0.000599,0.593544,0.033154,-0.013077,0.015439,0.0038,-0.072163,0.015439,1.092303,8.513
,,,,,,,,,,,,0.000608,0.594492,0.033247,0.084183,0.015408,0.003709,-0.063038,0.015408,1.081077,8.533
,,,,,,,,,,,,0.000515,0.595415,0.033339,-0.017493,0.015415,0.003756,-0.063956,0.015415,1.07018,8.553
,,,,,,,,,,,,0.000541,0.596315,0.033429,-0.016324,0.01542,0.003528,-0.066498,0.01542,1.058255,8.573
,,,,,,,,,,,,0.000552,0.597194,0.033517,-0.015663,0.015423,0.003702,-0.067482,0.015423,1.047583,8.593
,,,,,,,,,,,,0.000575,0.598048,0.033602,-0.014639,0.015418,0.003451,-0.06975,0.015418,1.035818,8.613
,,,,,,,,,,,,0.000583,0.598884,0.033687,-0.013971,0.015375,0.003716,-0.070447,0.015375,1.025616,8.633
,,,,,,,,,,,,0.000605,0.599696,0.033769,-0.013167,0.015355,0.003291,-0.07276,0.015355,1.01369,8.653
,,,,,,,,,,,,0.000613,0.600489,0.033849,0.084555,0.015332,0.003196,-0.063621,0.015332,1.002349,8.673
,,,,,,,,,,,,0.00052,0.601259,0.033928,-0.017595,0.015338,0.003231,-0.064583,0.015338,0.99128,8.693
,,,,,,,,,,,,0.000547,0.602007,0.034005,-0.016434,0.015348,0.002994,-0.067115,0.015348,0.979319,8.713
,,,,,,,,,,,,0.000556,0.602734,0.03408,-0.015795,0.015352,0.003176,-0.068025,0.015352,0.968675,8.733
,,,,,,,,,,,,0.00058,0.60344,0.034153,-0.014719,0.015345,0.002935,-0.070343,0.015345,0.956976,8.753
,,,,,,,,,,,,0.00059,0.604128,0.034224,-0.013982,0.0153,0.003191,-0.071215,0.0153,0.946742,8.773
,,,,,,,,,,,,0.00061,0.604794,0.034293,-0.013362,0.015291,0.002705,-0.073442,0.015291,0.934801,8.793
,,,,,,,,,,,,0.000617,0.605443,0.034361,0.084121,0.01526,0.002647,-0.064163,0.01526,0.923678,8.813
,,,,,,,,,,,,0.000527,0.606069,0.034427,-0.017598,0.015268,0.002708,-0.065306,0.015268,0.912839,8.833
,,,,,,,,,,,,0.000552,0.606675,0.034491,-0.016519,0.015284,0.002459,-0.067697,0.015284,0.901087,8.853
,,,,,,,,,,,,0.000564,0.607263,0.034554,-0.015737,0.015285,0.002652,-0.068826,0.015285,0.890657,8.873
,,,,,,,,,,,,0.000584,0.607831,0.034614,-0.014817,0.01528,0.00244,-0.070794,0.01528,0.879429,8.893
,,,,,,,,,,,,0.000591,0.608382,0.034673,-0.014204,0.015234,0.002672,-0.07147,0.015234,0.869491,8.913
,,,,,,,,,,,,0.000613,0.608914,0.03473,-0.013364,0.015207,0.00224,-0.073784,0.015207,0.857989,8.933
,,,,,,,,,,,,0.000623,0.609429,0.034785,0.086899,0.015196,0.002154,-0.064515,0.015196,0.847166,8.953
,,,,,,,,,,,,0.000528,0.609924,0.034839,-0.017823,0.015206,0.002209,-0.065481,0.015206,0.836753,8.973
,,,,,,,,,,,,0.000554,0.6104,0.03489,-0.016665,0.015221,0.001954,-0.067998,0.015221,0.825461,8.993
,,,,,,,,,,,,0.000565,0.61086,0.034941,-0.015914,0.015229,0.002173,-0.069085,0.015229,0.815625,9.013
,,,,,,,,,,,,0.000587,0.611301,0.034989,-0.014994,0.015219,0.001874,-0.07123,0.015219,0.804639,9.033
,,,,,,,,,,,,0.000598,0.611729,0.035036,-0.014126,0.015178,0.002202,-0.07224,0.015178,0.795481,9.053
,,,,,,,,,,,,0.000617,0.612138,0.035081,-0.013494,0.015151,0.001713,-0.074316,0.015151,0.78444,9.073
,,,,,,,,,,,,0.000625,0.612532,0.035125,0.086044,0.015137,0.001619,-0.064917,0.015137,0.774181,9.093
,,,,,,,,,,,,0.000531,0.612909,0.035167,-0.01788,0.015148,0.001719,-0.065928,0.015148,0.76456,9.113
,,,,,,,,,,,,0.000557,0.613267,0.035207,-0.016766,0.015169,0.001439,-0.068423,0.015169,0.753936,9.133
,,,,,,,,,,,,0.000567,0.613612,0.035246,-0.016053,0.015175,0.001672,-0.069372,0.015175,0.744876,9.153
,,,,,,,,,,,,0.00059,0.61394,0.035283,-0.015089,0.015165,0.001389,-0.071584,0.015165,0.734738,9.173
,,,,,,,,,,,,0.000599,0.614256,0.035319,-0.014305,0.015119,0.001696,-0.07246,0.015119,0.726284,9.193
,,,,,,,,,,,,0.00062,0.614556,0.035353,-0.013645,0.015093,0.001199,-0.074673,0.015093,0.716037,9.213
,,,,,,,,,,,,0.000628,0.614843,0.035387,0.087464,0.015084,0.001124,-0.065166,0.015084,0.706681,9.233
,,,,,,,,,,,,0.000535,0.615115,0.035418,-0.017925,0.0151,0.001267,-0.066368,0.0151,0.69803,9.253
,,,,,,,,,,,,0.000558,0.61537,0.035448,-0.016929,0.015122,0.000987,-0.068618,0.015122,0.6884,9.273
,,,,,,,,,,,,0.00057,0.615614,0.035477,-0.016102,0.015135,0.001255,-0.069792,0.015135,0.680361,9.293
,,,,,,,,,,,,0.000591,0.615843,0.035504,-0.01521,0.015118,0.000977,-0.071797,0.015118,0.671249,9.313
,,,,,,,,,,,,0.000602,0.616062,0.03553,-0.014389,0.015075,0.001272,-0.072829,0.015075,0.663751,9.333
,,,,,,,,,,,,0.000621,0.616267,0.035554,-0.013752,0.015041,0.000797,-0.074863,0.015041,0.654616,9.353
,,,,,,,,,,,,0.000631,0.616462,0.035577,0.090193,0.015038,0.000708,-0.065274,0.015038,0.646283,9.373
,,,,,,,,,,,,0.000536,0.616643,0.035599,-0.018035,0.015059,0.000868,-0.066644,0.015059,0.638752,9.393
,,,,,,,,,,,,0.000559,0.61681,0.03562,-0.017112,0.015082,0.000557,-0.068786,0.015082,0.630233,9.413
,,,,,,,,,,,,0.000572,0.616968,0.03564,-0.016231,0.015097,0.000842,-0.070052,0.015097,0.623385,9.433
,,,,,,,,,,,,0.000592,0.617114,0.035658,-0.01539,0.015077,0.000564,-0.07195,0.015077,0.615502,9.453
,,,,,,,,,,,,0.000604,0.617252,0.035675,-0.014513,0.015039,0.000865,-0.073119,0.015039,0.609237,9.473
,,,,,,,,,,,,0.000621,0.617379,0.035691,-0.013903,0.014996,0.000405,-0.075018,0.014996,0.601384,9.493
,,,,,,,,,,,,0.000633,0.617497,0.035706,0.092559,0.014998,0.000291,-0.065327,0.014998,0.594265,9.513
,,,,,,,,,,,,0.000538,0.617604,0.035721,-0.018162,0.015023,0.000476,-0.066899,0.015023,0.588073,9.533
,,,,,,,,,,,,0.000556,0.6177,0.035733,-0.017411,0.015043,0.000176,-0.068656,0.015043,0.580984,9.553
,,,,,,,,,,,,0.000577,0.617789,0.035746,-0.016156,0.015103,0.000732,-0.070644,0.015103,0.576113,9.573
,,,,,,,,,,,,0.000586,0.61787,0.035757,-0.015603,0.015056,0.000614,-0.071465,0.015056,0.570047,9.593
,,,,,,,,,,,,0.000608,0.617943,0.035767,-0.014387,0.015033,0.000912,-0.073579,0.015033,0.564843,9.613
,,,,,,,,,,,,0.000619,0.618009,0.035776,-0.013898,0.014993,0.000513,-0.074865,0.014993,0.55863,9.633
,,,,,,,,,,,,0.000637,0.618069,0.035785,0.100012,0.014966,0.000375,-0.065009,0.014966,0.552719,9.653
,,,,,,,,,,,,0.000542,0.61812,0.035792,-0.018026,0.015023,0.000495,-0.067309,0.015023,0.54785,9.673
,,,,,,,,,,,,0.000549,0.618165,0.035799,-0.017704,0.015003,0.000203,-0.068033,0.015003,0.542224,9.693
,,,,,,,,,,,,0.000576,0.618203,0.035805,-0.016259,0.015029,0.000447,-0.070624,0.015029,0.538003,9.713
,,,,,,,,,,,,0.000582,0.618236,0.035811,-0.01596,0.014987,0.000215,-0.07122,0.014987,0.533369,9.733
,,,,,,,,,,,,0.000607,0.618264,0.035815,-0.014589,0.014976,0.000457,-0.073539,0.014976,0.529773,9.753
,,,,,,,,,,,,0.000617,0.618289,0.03582,-0.014116,0.014892,0.000149,-0.074756,0.014892,0.52517,9.773
,,,,,,,,,,,,0.000639,0.618309,0.035823,0.106649,0.014883,0.000116,-0.064641,0.014883,0.521149,9.793
,,,,,,,,,,,,0.000578,0.618323,0.035827,-0.016272,0.014989,0.000179,-0.07088,0.014989,0.516957,9.813
,,,,,,,,,,,,0.000577,0.618336,0.035829,-0.01642,0.014956,0.000109,-0.070824,0.014956,0.513136,9.833
,,,,,,,,,,,,0.000587,0.618344,0.035832,-0.015746,0.014945,0.000172,-0.071694,0.014945,0.509949,9.853
,,,,,,,,,,,,0.000608,0.61835,0.035834,-0.014798,0.01493,0.000136,-0.073779,0.01493,0.506484,9.873
,,,,,,,,,,,,0.000617,0.618357,0.035835,-0.014082,0.014842,0.000152,-0.074826,0.014842,0.503294,9.893
,,,,,,,,,,,,0.000636,0.618359,0.035837,0.10867,0.014845,2.1e-05,-0.064284,0.014845,0.500325,9.913
,,,,,,,,,,,,0.000538,0.618362,0.035838,-0.018388,0.014867,-1e-06,-0.067097,0.014867,0.49667,9.933
,,,,,,,,,,,,0.000557,0.618362,0.035839,-0.017426,0.014897,-3e-06,-0.068926,0.014897,0.492504,9.953
,,,,,,,,,,,,0.00057,0.618362,0.03584,-0.01669,0.014909,1.9e-05,-0.070163,0.014909,0.487893,9.973
,,,,,,,,,,,,0.000591,0.61836,0.035841,-0.015681,0.014957,8.3e-05,-0.072254,0.014957,0.483174,9.993
