p,q,force,dev,ext_curr,pitch,yaw,ext
0.177278422689,-0.0251597232369,0.045843706484,2.59009196704e-05,38.1076164751,0.00820188147478,-9.18289219407e-05,-0.0533833600045
0.177284367055,-0.0251235079438,0.110543248982,6.24549212666e-05,51.9795354118,0.0197776316936,-0.000217788415665,-0.128888926972
0.177278804181,-0.0251709321871,0.0257502124714,1.45484258647e-05,33.80884512,0.00460705633718,-4.80262511004e-05,-0.0299849268168
0.177299029896,-0.0251746127016,0.0222950136486,1.25960535093e-05,33.0864686769,0.00398949520908,-3.95657576253e-05,-0.0260529947493
0.177298494805,-0.0251860923762,0.00196114696505,1.10799214986e-06,28.7209636596,0.000350931606032,-3.47094227899e-06,-0.00229132681164
0.177299957037,-0.0251825604771,0.00841644433875,4.75504603776e-06,30.1071079724,0.00150606789909,-1.48699556006e-05,-0.0098361814721
0.177299957037,-0.0251825604771,0.00841644433875,4.75504603776e-06,30.1071079724,0.00150606789909,-1.48699556006e-05,-0.0098361814721
0.177308359274,-0.0251826849887,0.00956912796026,5.40623445444e-06,30.3576194234,0.00171243721419,-1.69118197485e-05,-0.0111997281613
0.177311368045,-0.0251839872082,0.00776325613698,4.38596443412e-06,29.9701713791,0.00138930004061,-1.37122829292e-05,-0.00909082856433
0.177312038542,-0.0251869877928,0.00257793107282,1.45643831083e-06,28.8546652099,0.000461345787691,-4.54711050007e-06,-0.0030190712147
0.177322741005,-0.0251787822075,0.0188577956879,1.0653871331e-05,32.3652123599,0.00337502037741,-3.37019077886e-05,-0.0221271595863
0.177322907913,-0.0251849721765,0.0079385101201,4.48492553164e-06,30.0113032397,0.0014207817161,-1.40764433893e-05,-0.00931471139342
0.177323890416,-0.0251851764051,0.00772539855783,4.36452225925e-06,29.9656454748,0.00138265090358,-1.36551157873e-05,-0.00906619383478
0.177324933062,-0.0251847109417,0.00869098854918,4.91003503819e-06,30.1741782894,0.00155547920729,-1.52742937723e-05,-0.0102012486512
0.177325933663,-0.0251844485458,0.00934903837116,5.28179954984e-06,30.3164388547,0.00167326481574,-1.65409063506e-05,-0.0109755802116
0.177325933663,-0.0251844485458,0.00934903837116,5.28179954984e-06,30.3164388547,0.00167326481574,-1.65409063506e-05,-0.0109755802116
0.177326837192,-0.025185657167,0.00738488225212,4.17213258135e-06,29.8930400469,0.00132173486715,-1.31140065497e-05,-0.00867099876323
0.17733185415,-0.0251789659494,0.0199694196714,1.12817929021e-05,32.6116695626,0.00357420994357,-3.5189436578e-05,-0.0234686387936
0.17733185415,-0.0251789659494,0.0199694196714,1.12817929021e-05,32.6116695626,0.00357420994357,-3.5189436578e-05,-0.0234686387936
0.177332848804,-0.0251779055725,0.0219453367279,1.23980844615e-05,33.0391461959,0.00392789830246,-3.81892164245e-05,-0.0257954160558
0.151201199046,-0.0421640305857,0.159143782441,8.08243550513e-05,160.60322338,0.000384303322677,-4.89774091205e-05,0.720133237408
0.150967978594,-0.0423766836248,0.46601523798,0.000236511332717,417.235700113,0.000276395247612,0.000146155096108,2.11699698398
0.150967978594,-0.0423766836248,0.46601523798,0.000236511332717,417.235700113,0.000276395247612,0.000146155096108,2.11699698398
0.150880300087,-0.04260305914,0.496946359562,0.000252060424249,444.470694536,-0.000502568936766,0.000142673302779,2.26523845689
0.150814131495,-0.0428390157644,0.48645170933,0.000246594214753,437.049957544,-0.00128055915315,-0.000154514239959,2.22484700446
0.150748615938,-0.0430713485362,0.481398227021,0.00024389718612,434.093854222,-0.00203535364159,-0.000184022486386,2.20875678231
0.150683880704,-0.0432996809287,0.481517356677,0.000243828624405,435.421106801,-0.00279040000112,-0.000208078041412,2.21598108624
0.150619926935,-0.0435240364757,0.486585947821,0.000246271273446,440.883972171,-0.00356829283309,-0.000234412920676,2.24571574292
0.150619926935,-0.0435240364757,0.486585947821,0.000246271273446,440.883972171,-0.00356829283309,-0.000234412920676,2.24571574292
0.150556738114,-0.0437445400419,0.496356787842,0.000251096255353,450.308861227,-0.00438952758435,-0.000262800814308,2.29701589793
0.150493367554,-0.0439644807525,0.51087107721,0.000258319430811,463.778235467,-0.00528637234022,-0.000295898714801,2.37033039345
0.150430966675,-0.0441799521166,0.529684288176,0.000267715277697,480.92040759,-0.00626040740908,-0.000331839229386,2.46363611641
0.150369699583,-0.0443904749132,0.552450505792,0.000279106927546,501.459247842,-0.00732225526867,-0.000370331228202,2.57543007837
0.150309849424,-0.0445951737681,0.578734909797,0.000292273388577,525.034841386,-0.0084765760574,-0.000411801339474,2.70375324442
0.150309849424,-0.0445951737681,0.578734909797,0.000292273388577,525.034841386,-0.0084765760574,-0.000411801339474,2.70375324442
0.150251664552,-0.0447933022815,0.608062579297,0.000306973939174,551.24799249,-0.00972401636274,-0.000456701987836,2.84643277169
0.150193695383,-0.0449897785418,0.640965768463,0.000323473551589,580.591593931,-0.0111032547666,-0.000507895723881,3.00615150086
0.15013769715,-0.0451788041438,0.676157248244,0.000341124944008,611.934648269,-0.0125765791563,-0.000562593577811,3.1767533548
0.15008394588,-0.0453595791104,0.713036714294,0.000359625564851,644.756180809,-0.0141314710113,-0.000622087432557,3.35540264149
0.150032655104,-0.0455315161389,0.751012814776,0.000378677680424,678.540201615,-0.0157524030098,-0.000685638943895,3.53929080123
0.150032655104,-0.0455315161389,0.751012814776,0.000378677680424,678.540201615,-0.0157524030098,-0.000685638943895,3.53929080123
0.149984059362,-0.0456939563893,0.789466618147,0.000397970038801,712.743142624,-0.017419140827,-0.000754200302803,3.72545916516
0.14993618855,-0.045853426916,0.82971053028,0.000418160771924,748.535223824,-0.0191923762617,-0.000828961594102,3.92027730072
0.149891302818,-0.0460026320713,0.869502481787,0.000438124499487,783.927360553,-0.0209786057902,-0.000907258803008,4.112918518
0.149849572755,-0.0461411473151,0.908253513641,0.000457565558585,818.397399346,-0.022751023784,-0.000990944063189,4.30054070887
0.149811019369,-0.0462690268638,0.945527773501,0.000476265202869,851.558469956,-0.0244876536355,-0.0010783321851,4.48103811871
0.149811019369,-0.0462690268638,0.945527773501,0.000476265202869,851.558469956,-0.0244876536355,-0.0010783321851,4.48103811871
0.149775855103,-0.0463857016092,0.980731018509,0.000493925306604,882.881963058,-0.0261574465811,-0.00117056667835,4.65153349984
0.149741542404,-0.0464993571228,1.01624140237,0.000511739208505,914.481196111,-0.0278681015971,-0.00126747136087,4.82352974768
0.149711298858,-0.046599806616,1.04838960773,0.000527865837276,943.094118213,-0.0294443019206,-0.00136761301025,4.97927135169
0.149688224299,-0.0466766511162,1.0734432726,0.000540433199555,965.396318814,-0.0306909849925,-0.00145188624346,5.10066337457
0.149686660509,-0.0466836057615,1.07488054772,0.000541152896636,966.68617386,-0.0307806865007,-0.00153076714853,5.10768412181
0.149686660509,-0.0466836057615,1.07488054772,0.000541152896636,966.68617386,-0.0307806865007,-0.00153076714853,5.10768412181
0.149712526406,-0.0466550865225,1.03172543504,0.000519444687766,928.839254707,-0.0293361182344,-0.00155459228668,4.90168139777
0.150105667045,-0.0465134426463,0.297186947923,0.000149658531352,287.401994259,-0.00807956195651,-0.00046025372395,1.41030545726
0.151718497961,-0.0404321122073,0.396731743636,0.000202514652916,348.169414284,0.00574301354369,-0.000610120739794,1.7410656443
0.151718497961,-0.0404321122073,0.396731743636,0.000202514652916,348.169414284,0.00574301354369,-0.000610120739794,1.7410656443
0.151617786122,-0.0406677371599,0.404734358054,0.000206439819389,356.174069401,0.00516589214356,-0.000560533771748,1.78463539306
0.151549396128,-0.040923949341,0.344167994771,0.000175410719542,308.443383266,0.00378672231947,-0.000429256146666,1.5248348179
0.151475777405,-0.0411768000282,0.300934257168,0.000153259892978,274.380934102,0.00278294053618,-0.000339821817276,1.33943115831
0.151383183977,-0.0414215330662,0.303489037126,0.000154447201913,277.567697869,0.00227603613988,-0.000298786136672,1.3567768771
0.151281787127,-0.0416608138698,0.331325452522,0.000168493387402,301.581683981,0.00191123753695,-0.000277117529396,1.48748623641
0.151281787127,-0.0416608138698,0.331325452522,0.000168493387402,301.581683981,0.00191123753695,-0.000277117529396,1.48748623641
0.151196611282,-0.0418986623418,0.335324446188,0.000170412148781,305.983570684,0.00136972171828,-0.000256853844431,1.51144593173
0.151114133459,-0.0421371890664,0.338888725602,0.000172110708853,310.016508907,0.000814858126177,-0.00024278290111,1.53339742153
0.151035507559,-0.0423736092707,0.341513907542,0.000173334907195,313.24224574,0.000255278810876,-0.000235950428274,1.55095527272
0.150960874929,-0.0426077157561,0.342856934152,0.000173911718802,315.364356442,-0.000303403789007,-0.000235102881231,1.56250603022
0.150889232606,-0.0428395930609,0.344555841099,0.00017467249635,317.749815447,-0.000859830061685,-0.000239099924217,1.57549020606
0.150889232606,-0.0428395930609,0.344555841099,0.00017467249635,317.749815447,-0.000859830061685,-0.000239099924217,1.57549020606
0.15082027118,-0.0430691697312,0.347059646598,0.000175844385097,320.780634268,-0.00141752072257,-0.000246752503755,1.59198710851
0.150751829266,-0.0432986567914,0.353132609766,0.000178825452644,326.810037476,-0.00200212287835,-0.000258573111543,1.62480545973
0.150686330131,-0.0435255174114,0.359448501566,0.000181930653456,333.032915704,-0.00259903433769,-0.000273170503473,1.65867690541
0.150621712405,-0.0437505331242,0.369366930772,0.000186859011504,342.310637525,-0.00324153336452,-0.00029025596292,1.7091760216
0.150557519137,-0.0439730194591,0.383976875782,0.000194158960886,355.592386151,-0.00395559989911,-0.000309243837192,1.78146926127
0.150557519137,-0.0439730194591,0.383976875782,0.000194158960886,355.592386151,-0.00395559989911,-0.000309243837192,1.78146926127
0.150493753391,-0.0441930113491,0.403118905971,0.000203746978459,372.769881831,-0.00475994626532,-0.000330135524418,1.87496725216
0.150429830737,-0.044412391175,0.4269573877,0.000215702788524,394.015183639,-0.00568151854699,-0.00035550166957,1.99060652065
0.150366806209,-0.04462771469,0.454889681903,0.000229721098661,418.820032819,-0.00672117880053,-0.000384393501997,2.12562058824
0.150304912282,-0.0448381842722,0.486573086915,0.000245627559589,446.902328552,-0.00788613237054,-0.0004174282265,2.27847396569
0.150244625311,-0.0450422577952,0.521432522568,0.000263131421346,477.771521151,-0.0091734359377,-0.000455386294206,2.44649656585
0.150244625311,-0.0450422577952,0.521432522568,0.000263131421346,477.771521151,-0.0091734359377,-0.000455386294206,2.44649656585
0.150186262123,-0.0452389747908,0.558881661041,0.000281936661491,510.923612653,-0.0105766842106,-0.000498570347171,2.62694510195
0.150128078617,-0.0454341905915,0.599818732444,0.000302493256258,547.16387414,-0.012142176969,-0.000547618122377,2.82420270583
0.150072172716,-0.0456210300696,0.642463270832,0.000323906170858,584.925274686,-0.013813851115,-0.000601795136697,3.0297399477
0.150019041874,-0.04579799739,0.685942652737,0.000345736699532,623.440242911,-0.0155639560018,-0.000661644054146,3.23937889714
0.149968813143,-0.0459648069882,0.729653549814,0.000367681707242,662.176337396,-0.0173708814319,-0.000727699775079,3.45022144816
0.149968813143,-0.0459648069882,0.729653549814,0.000367681707242,662.176337396,-0.0173708814319,-0.000727699775079,3.45022144816
0.149921653071,-0.0461210510819,0.772959195641,0.000389421477573,700.569622052,-0.0192084424511,-0.000798768053731,3.65919806768
0.149875233556,-0.0462743476528,0.817747600937,0.000411903983606,740.292325426,-0.0211564123266,-0.000876714402205,3.87541078154
0.149832151607,-0.046416389797,0.86116393271,0.000433696099641,778.813299365,-0.0230921493548,-0.000959432229295,4.08508242039
0.149792627033,-0.0465466148501,0.902529803687,0.000454457586494,815.528161582,-0.024979976963,-0.00104843315525,4.28492330041
0.149756975919,-0.0466641533224,0.941064190438,0.000473796719419,849.741143005,-0.0267774152208,-0.00114269959529,4.47114631482
0.149756975919,-0.0466641533224,0.941064190438,0.000473796719419,849.741143005,-0.0267774152208,-0.00114269959529,4.47114631482
0.149725563674,-0.0467679733739,0.975938377419,0.000491297869068,880.713941478,-0.0284376545108,-0.00124161437484,4.63973284707
0.149695061243,-0.0468686700405,1.01070206212,0.000508742964284,911.594038882,-0.0301201082978,-0.0013451259244,4.80781480265
0.149668292142,-0.0469570669243,1.04190032848,0.000524398285228,939.312435678,-0.0316544757921,-0.0014387633387,4.9586874595
0.149644284637,-0.0470359007008,1.07055974297,0.000538779660434,964.774372998,-0.0330783219495,-0.00153422182781,5.09727809156
0.149626758438,-0.0470942492937,1.09168034181,0.000549377290434,983.545119336,-0.0341475293662,-0.00162719517735,5.19944822758
0.149626758438,-0.0470942492937,1.09168034181,0.000549377290434,983.545119336,-0.0341475293662,-0.00162719517735,5.19944822758
0.149627265235,-0.0470954153838,1.09057425555,0.000548820337954,982.579044557,-0.0341204681084,-0.0016872602443,5.19418983296
0.149631906301,-0.0470840160175,1.08421576745,0.000545626965733,976.953401868,-0.0338396588896,-0.00173584180255,5.16356917098
0.149644762879,-0.0470464776026,1.06771843445,0.000537345127644,962.327429361,-0.0330612203809,-0.00174657959924,5.08395925172
0.149849312607,-0.0469407518687,0.689674130871,0.000347133802153,631.210039734,-0.0207849996071,-0.00113252850512,3.28167030015
0.149962809045,-0.046869431183,0.483813848029,0.000243539729064,451.050829597,-0.0143169628084,-0.00081206674216,2.30105446986
0.149962809045,-0.046869431183,0.483813848029,0.000243539729064,451.050829597,-0.0143169628084,-0.00081206674216,2.30105446986
0.149973513841,-0.0468384933469,0.470698609802,0.000236946003411,439.514443712,-0.0138315468068,-0.000810164230479,2.2382613292
0.14998257202,-0.0468128564497,0.459564988852,0.00023134811915,429.724949528,-0.013425517749,-0.000812732635914,2.18497660976
0.149990661732,-0.0467903231253,0.449570162317,0.00022632245861,420.940108418,-0.0130656362792,-0.000812876449443,2.13716026857
0.149997917525,-0.0467704668709,0.440541174653,0.000221782133278,413.007151773,-0.0127445247413,-0.000810715247154,2.09398077827
0.150004381217,-0.0467531551363,0.432418618369,0.000217697328725,405.87332594,-0.0124592329687,-0.000806825076332,2.055150998
0.150004381217,-0.0467531551363,0.432418618369,0.000217697328725,405.87332594,-0.0124592329687,-0.000806825076332,2.055150998
0.15001026703,-0.0467377000237,0.424957752991,0.000213945053628,399.322856987,-0.0122000624142,-0.000801984953349,2.01949645919
0.1500159559,-0.0467228734723,0.417734632351,0.000210312203644,392.982463922,-0.0119509810518,-0.000796643906185,1.98498537421
0.150021070259,-0.0467098973323,0.411158692489,0.000207004632831,387.212235854,-0.0117268560704,-0.000790814543026,1.95357772659
0.150025692291,-0.046698505879,0.405134532186,0.000203974402779,381.928012046,-0.0115238473958,-0.000784653419333,1.92481542511
0.150029837057,-0.0466886518459,0.399641845339,0.000201211325009,377.111715908,-0.0113409380155,-0.000778369500714,1.89860007796
0.150029837057,-0.0466886518459,0.399641845339,0.000201211325009,377.111715908,-0.0113409380155,-0.000778369500714,1.89860007796
0.150033475406,-0.0466803295622,0.39472981417,0.00019874017963,372.806162422,-0.0111792446108,-0.00077151237134,1.87516472928
0.150041510896,-0.0466562179597,0.385427769797,0.00019406222714,364.636525197,-0.0108535195419,-0.000757204117242,1.83069697443
0.150024765674,-0.0467118861196,0.403315130205,0.000203055304632,380.369051924,-0.0115070285831,-0.000771089219159,1.91632992513
0.149965804061,-0.0469035070819,0.469671549884,0.000236412753623,438.768528539,-0.0139996788397,-0.000833044036106,2.23420127461
0.149909846052,-0.0470847365585,0.535745679906,0.000269620287156,496.99423333,-0.0166132828176,-0.000889611591746,2.55112677515
0.149909846052,-0.0470847365585,0.535745679906,0.000269620287156,496.99423333,-0.0166132828176,-0.000889611591746,2.55112677515
0.14985878011,-0.0472497388563,0.598630712183,0.000301218810463,552.467557092,-0.019216053163,-0.000947573464176,2.85307092443
0.149808652759,-0.04741116867,0.662717650668,0.000333416036465,609.049945004,-0.0219775868765,-0.00100331391777,3.16105176682
0.149763579028,-0.0475561548647,0.722299357403,0.000363345826331,661.691913442,-0.0246404217387,-0.00106485647105,3.44758470371
0.149723928347,-0.0476837531487,0.776209984526,0.000390424016755,709.349506485,-0.0271269927109,-0.00113524118654,3.70698742942
0.149689698591,-0.047794190566,0.823840627235,0.000414345938151,751.473506639,-0.0293845294058,-0.00121392673373,3.93627052494
0.149689698591,-0.047794190566,0.823840627235,0.000414345938151,751.473506639,-0.0293845294058,-0.00121392673373,3.93627052494
0.149661205522,-0.0478866360973,0.864221659013,0.000434625502781,787.198127756,-0.0313440616598,-0.00129799743664,4.1307214718
0.149635224132,-0.0479708859659,0.901653098791,0.000453422932324,820.321101888,-0.0331942374097,-0.00137418318141,4.31101152057
0.149610753649,-0.0480496055194,0.937593848011,0.000471471492917,852.127162162,-0.0349950427037,-0.0014655912114,4.48413353958
0.149608330898,-0.0480604676673,0.940827656124,0.000473094390577,854.997759261,-0.0351812845207,-0.00151486039199,4.49975834698
0.149618925619,-0.0480308152533,0.924643884666,0.000464965886273,840.687797607,-0.0343980912426,-0.00152676160525,4.42186849101
0.149618925619,-0.0480308152533,0.924643884666,0.000464965886273,840.687797607,-0.0343980912426,-0.00152676160525,4.42186849101
0.149834523382,-0.0478924560726,0.520399671421,0.000261716195669,485.261077392,-0.0188443980836,-0.000874728789215,2.48726260499
0.150038456727,-0.0477698735782,0.138395118878,6.96081361346e-05,149.757469587,-0.00488706427153,-0.000238099140011,0.661099242685
0.150051459759,-0.0477316737395,0.119810408596,6.02625060268e-05,133.429926241,-0.00420047175616,-0.000209896116077,0.572227585981
0.150059417131,-0.0477085940362,0.108622738673,5.46363690124e-05,123.603040372,-0.00379159764278,-0.00019818682858,0.51873934168
0.150067018913,-0.0476865893544,0.0979184974921,4.92531360884e-05,114.202770559,-0.00340364422519,-0.000183801023122,0.467573190468
0.150067018913,-0.0476865893544,0.0979184974921,4.92531360884e-05,114.202770559,-0.00340364422519,-0.000183801023122,0.467573190468
0.150074814585,-0.047663940016,0.0869571068539,4.37403805941e-05,104.578595542,-0.00300954195462,-0.000166750801422,0.415188311739
0.150082642374,-0.0476411689294,0.0759916821591,3.82253946932e-05,94.9527746866,-0.00261853171775,-0.000148584508055,0.362794474625
0.150090706266,-0.0476176177011,0.0647373019092,3.25648668081e-05,85.0753183873,-0.00222058781948,-0.000128652374016,0.309030972872
0.150098977853,-0.0475933706632,0.0532387402325,2.67812964538e-05,74.9857012024,-0.0018175813064,-0.000107228658405,0.254112668526
0.150107479928,-0.0475683518309,0.0414729982094,2.08630951764e-05,64.6639300971,-0.00140898994672,-8.44636244631e-05,0.197930738472
0.150107479928,-0.0475683518309,0.0414729982094,2.08630951764e-05,64.6639300971,-0.00140898994672,-8.44636244631e-05,0.197930738472
0.150116180398,-0.0475426615102,0.0294926647605,1.48366940606e-05,54.1563294212,-0.000996928114799,-6.06380414886e-05,0.140737328524
0.15012491883,-0.0475168245258,0.0175185861991,8.81317021549e-06,43.6567235287,-0.000589157043875,-3.6335414695e-05,0.0835874345929
0.150133915425,-0.0474901225035,0.0052625865631,2.64754144074e-06,32.912571675,-0.000176045954296,-1.10008878325e-05,0.02510646444
0.150031404677,-0.0469962790717,0.3171945119,0.000159648296359,305.645678607,-0.00962696435683,-0.000535024910677,1.5096067678
0.14976346588,-0.047200269505,0.79713706529,0.000401116672489,726.152626922,-0.0253913140149,-0.00103868567613,3.79844767664
0.149712057647,-0.0473522050438,0.865411939416,0.000435410101769,786.505105734,-0.0284314320966,-0.00109821892788,4.12694931736
0.149681146729,-0.0474530295605,0.905637878787,0.000455607980169,822.127711693,-0.0303499872419,-0.00119840138315,4.32084499049
0.149681146729,-0.0474530295605,0.905637878787,0.000455607980169,822.127711693,-0.0303499872419,-0.00119840138315,4.32084499049
0.149657005171,-0.0475317435577,0.937652483542,0.000471682093649,850.485758443,-0.0319044015571,-0.0012818051447,4.47519929487
0.14963180805,-0.0476133759581,0.971748440709,0.000488800929589,880.689904501,-0.0335811637853,-0.00138447547217,4.63960201257
0.149613155339,-0.0476745372733,0.997271562848,0.000501614863135,903.305541446,-0.0348595440174,-0.00148538225446,4.76270008557
0.1495923841,-0.0477425357865,1.02602891287,0.000516052144923,928.790968342,-0.036317464185,-0.00158288746077,4.90141857261
0.149575340802,-0.0477984134033,1.04988872191,0.000528030366588,949.939025548,-0.0375420794561,-0.00166253602089,5.01652853374
0.149575340802,-0.0477984134033,1.04988872191,0.000528030366588,949.939025548,-0.0375420794561,-0.00166253602089,5.01652853374
0.149562489792,-0.0478412603614,1.06788482927,0.000537064246667,965.895922104,-0.038481554363,-0.0017092638458,5.10338274093
0.149549897988,-0.0478830923455,1.08566505366,0.000545989690464,981.662135089,-0.0394157707701,-0.00174720769096,5.18919904766
0.149538563942,-0.0479210216673,1.1017567257,0.000554067315359,995.932765601,-0.0402697273566,-0.00178583999646,5.2668748222
0.14953083202,-0.047947334349,1.11273447283,0.000559577624645,1005.67048424,-0.0408597335521,-0.0018142656597,5.3198777247
0.149523782536,-0.0479717590643,1.12274285473,0.000564601166315,1014.54993789,-0.0414038353665,-0.00184800188982,5.36820904677
0.149523782536,-0.0479717590643,1.12274285473,0.000564601166315,1014.54993789,-0.0414038353665,-0.00184800188982,5.36820904677
0.1495171162,-0.0479949398124,1.13221933881,0.000569357630781,1022.95865396,-0.041922222313,-0.00187324023777,5.41397812005
0.14951078138,-0.0480170543009,1.14125814806,0.000573894384358,1030.97919942,-0.0424192226404,-0.00189990811563,5.45763436077
0.149504771507,-0.0480382862571,1.14986378702,0.000578213673917,1038.61553044,-0.0428959580543,-0.00193745710547,5.49919930258
0.149511855583,-0.0480191602418,1.1388492499,0.000572682371036,1028.86870707,-0.0423441141667,-0.00191613976317,5.44614684256
0.149527622386,-0.0479734104485,1.11502017446,0.000560717355614,1007.76745998,-0.0411283284466,-0.00189043227592,5.33129167133
0.149527622386,-0.0479734104485,1.11502017446,0.000560717355614,1007.76745998,-0.0411283284466,-0.00189043227592,5.33129167133
0.149775280177,-0.0478338744855,0.648012259017,0.000325907020816,597.19595809,-0.0232450069176,-0.0011043315311,3.09652990745
0.14993281158,-0.04759925738,0.380127507819,0.000191216011325,361.672315763,-0.0130317324337,-0.000693160313945,1.8145626303
0.149632490059,-0.0478100789549,0.934200144587,0.000469843185571,848.415376225,-0.0334446451135,-0.00133543507724,4.46393009817
0.149588587689,-0.0479501143428,0.997092463808,0.000501422649794,904.107804558,-0.0366013994936,-0.00137230817916,4.76706684488
0.149571184462,-0.0480069133719,1.02248766857,0.000514173495197,926.599555766,-0.0379087924029,-0.00147251314455,4.88949060144
0.149558619919,-0.0480486134203,1.04089136714,0.000523413512764,942.902909069,-0.0388710368809,-0.00155062820726,4.9782305905
0.149558619919,-0.0480486134203,1.04089136714,0.000523413512764,942.902909069,-0.0388710368809,-0.00155062820726,4.9782305905
0.149546820378,-0.0480878497156,1.05826100355,0.000532134171134,958.292135436,-0.039787207827,-0.00161299188148,5.06199493971
0.149535426168,-0.0481257959432,1.07514857995,0.000540612726153,973.25501318,-0.0406847020944,-0.00167538544079,5.14343865148
0.149528091525,-0.0481508106048,1.08601166272,0.000546066379794,982.882153747,-0.0412703732007,-0.00172233031681,5.19583967185
0.14952089587,-0.0481755256124,1.09665957935,0.000551411843153,992.32054247,-0.0418490986376,-0.00175664684072,5.24721330624
0.149514393214,-0.0481981013677,1.1063092705,0.000556256107773,1000.87451253,-0.0423776076779,-0.00179497074591,5.29377300446
0.149514393214,-0.0481981013677,1.1063092705,0.000556256107773,1000.87451253,-0.0423776076779,-0.00179497074591,5.29377300446
0.149509846851,-0.0482143436185,1.11303459078,0.000559632142363,1006.83750079,-0.0427510968615,-0.00182908980475,5.32622985569
0.149503767286,-0.0482354852947,1.12210825028,0.000564187193239,1014.88130015,-0.0432517018002,-0.00186223515671,5.37001266859
0.149501828833,-0.0482437314948,1.12484183691,0.000565558918639,1017.30945645,-0.0434162662782,-0.00188919484882,5.38322924799
0.149499677757,-0.0482527036304,1.12787724952,0.000567082114988,1020.00582593,-0.0435980395772,-0.00190857080887,5.39790572547
0.149498067152,-0.0482598554503,1.13007478905,0.000568184611977,1021.9603892,-0.0437345402101,-0.00191654901063,5.40854451371
0.149498067152,-0.0482598554503,1.13007478905,0.000568184611977,1021.9603892,-0.0437345402101,-0.00191654901063,5.40854451371
0.149497551655,-0.0482632190779,1.13063323476,0.000568464276898,1022.46173505,-0.0437802868187,-0.00192076749236,5.41127336493
0.149500244295,-0.0482565642883,1.12626706616,0.000566271363955,1018.60057359,-0.0435627826389,-0.00192657959726,5.39025686486
0.149502932877,-0.0482500742143,1.12187903362,0.000564067377796,1014.72101191,-0.0433459685619,-0.00192866241396,5.36914021148
0.149501388124,-0.0482570782269,1.12396568941,0.000565114186079,1016.57744474,-0.0434768003791,-0.00193660196793,5.37924487066
0.149499024533,-0.0482668243247,1.12730450811,0.000566789652197,1019.54334428,-0.0436761157352,-0.00194978154273,5.39538841415
0.149499024533,-0.0482668243247,1.12730450811,0.000566789652197,1019.54334428,-0.0436761157352,-0.00194978154273,5.39538841415
0.149498531725,-0.0482700912492,1.12780968569,0.000567042535065,1019.99810273,-0.0437190834205,-0.0019457585752,5.39786368772
0.149500677644,-0.0482653127254,1.12422972573,0.000565244228237,1016.83488358,-0.0435455016782,-0.00194198544866,5.38064612347
0.149499122906,-0.0482726158075,1.12633229237,0.000566298991021,1018.70553846,-0.043679346211,-0.00196001960062,5.39082819404
0.149498309112,-0.0482771457522,1.12729532858,0.000566781651326,1019.56686829,-0.0437491785188,-0.00195543504077,5.39551645653
0.149498522888,-0.0482785370226,1.12667662128,0.000566470125988,1019.02707372,-0.043734905404,-0.00195423774068,5.39257832698
0.149498522888,-0.0482785370226,1.12667662128,0.000566470125988,1019.02707372,-0.043734905404,-0.00195423774068,5.39257832698
0.149499149427,-0.0482783812275,1.12544908485,0.000565853001219,1017.9472214,-0.0436858506443,-0.00195001800004,5.38670063537
0.149501052258,-0.0482742930945,1.12223370708,0.000564237736624,1015.1072445,-0.0435313034017,-0.00194069951827,5.37124249526
0.149498766838,-0.0482832785523,1.12551900688,0.000565886535945,1018.02396741,-0.0437233773476,-0.00194781926259,5.3871183678
0.149501270202,-0.0482774302591,1.12137491002,0.000563804949438,1014.36136677,-0.0435199719414,-0.00194330799639,5.3671826445
0.149500850976,-0.0482807838874,1.12173693012,0.00056398585927,1014.69004935,-0.0435578555304,-0.00194325682309,5.36897168068
0.149500850976,-0.0482807838874,1.12173693012,0.00056398585927,1014.69004935,-0.0435578555304,-0.00194325682309,5.36897168068
0.149499145582,-0.048288197298,1.12410220522,0.00056517263524,1016.79260517,-0.0437028633506,-0.00195158676586,5.38041599995
0.14949915989,-0.0482899722166,1.12380974277,0.000565024986752,1016.54127688,-0.043704028724,-0.00194498663226,5.37904800713
0.149503144891,-0.0482793825706,1.11738510887,0.000561798369131,1010.85853906,-0.0433779170459,-0.00193717776759,5.34811657342
0.149501689232,-0.0482861176213,1.11933585267,0.000562776942186,1012.59472546,-0.0435017080779,-0.00194059334699,5.35756672514
0.149499712771,-0.0482945050469,1.1221053081,0.000564166614263,1015.05565844,-0.0436694022338,-0.0019489353896,5.37096170971
0.149499712771,-0.0482945050469,1.1221053081,0.000564166614263,1015.05565844,-0.0436694022338,-0.0019489353896,5.37096170971
0.149497977774,-0.048302201633,1.1244924276,0.000565364280171,1017.17832228,-0.0438174961001,-0.00195528775405,5.38251547795
0.149500621945,-0.048295513325,1.12017668613,0.000563196669924,1013.36220684,-0.0436009895368,-0.00195060576171,5.36174416573
0.149499172248,-0.0483022625998,1.12211550992,0.000564169240342,1015.08799844,-0.0437247256189,-0.0019517251896,5.37113773797
0.149497782063,-0.0483088396509,1.12397105016,0.000565100007993,1016.73985364,-0.0438441212192,-0.00195525772479,5.38012887063
0.149499733552,-0.048304452947,1.12071688264,0.00056346538347,1013.86418038,-0.0436853607238,-0.00195490900406,5.36447643344
0.149499733552,-0.048304452947,1.12071688264,0.00056346538347,1013.86418038,-0.0436853607238,-0.00195490900406,5.36447643344
0.149501481082,-0.0483009765335,1.1177205325,0.000561960044252,1011.21856407,-0.0435433253849,-0.00194721841982,5.35007620804
0.149500042247,-0.0483076964566,1.11965848809,0.000562932218384,1012.94311132,-0.043666764865,-0.00195300977433,5.35946300726
0.149501234177,-0.0483059219188,1.11753588578,0.000561865627288,1011.07098578,-0.0435709552637,-0.00194891880062,5.34927293182
0.149500309807,-0.048310952017,1.11866537741,0.00056243185033,1012.07987307,-0.0436507847515,-0.00194599448192,5.35476435717
0.149501805309,-0.048308004395,1.11608951444,0.000561137736455,1009.80580679,-0.0435289077609,-0.00193728095672,5.34238649766
0.149501805309,-0.048308004395,1.11608951444,0.000561137736455,1009.80580679,-0.0435289077609,-0.00193728095672,5.34238649766
0.149503319201,-0.0483053321565,1.1134535465,0.000559813334887,1007.47940149,-0.0434066904679,-0.00193303952603,5.32972375414
0.149501415088,-0.048313378039,1.11613990594,0.000561161369426,1009.86596606,-0.0435687212488,-0.00194161822697,5.34271394762
0.14950925752,-0.0482919375405,1.10357745968,0.000554852392335,998.752082383,-0.0429259543688,-0.00193533940366,5.28222050819
0.149529221669,-0.0482333680692,1.07220041202,0.000539095631636,970.984051549,-0.0413013307907,-0.00187437890679,5.13107769073
0.149551755246,-0.0481668712806,1.03721488277,0.000521526656547,940.023533364,-0.0395090325804,-0.00181783338633,4.96255800071
0.149551755246,-0.0481668712806,1.03721488277,0.000521526656547,940.023533364,-0.0395090325804,-0.00181783338633,4.96255800071
0.149621782649,-0.0480671273505,0.913575418625,0.000459389556246,831.058881247,-0.0341942984406,-0.00160312150301,4.3694578049
0.149689674739,-0.0479676119705,0.795029638369,0.000399807161652,726.631727968,-0.0292296618435,-0.00140291536736,3.80105544823
0.149716702284,-0.0478865697398,0.755135430219,0.000379767211938,691.382880076,-0.0273643545283,-0.00134088971314,3.60919415945
0.149737880675,-0.047823694719,0.724171922724,0.000364212393842,664.034077611,-0.0259450753344,-0.00129816577995,3.46033322353
0.149757034172,-0.0477670593094,0.696409827479,0.000350265083514,639.519975414,-0.0246925087816,-0.00125889557058,3.3269017067
0.149757034172,-0.0477670593094,0.696409827479,0.000350265083514,639.519975414,-0.0246925087816,-0.00125889557058,3.3269017067
0.149775172509,-0.0477135523331,0.670343866392,0.000337169225573,616.509799984,-0.0235333587619,-0.00122169819468,3.20165614047
0.149794120645,-0.0476574520377,0.643405463493,0.000323634436275,592.735140617,-0.022350902376,-0.00118203978923,3.07224944892
0.149815142288,-0.0475947122414,0.61390798686,0.000308813191259,566.708454907,-0.0210732405574,-0.00113493860786,2.93058486238
0.149836079017,-0.0475321837441,0.584869139583,0.000294221484587,541.09488037,-0.019835857656,-0.00108861335513,2.79116886115
0.149856741578,-0.0474704044704,0.556539687906,0.000279985310061,516.115734868,-0.0186485160744,-0.00104178430794,2.65520608973
0.149856741578,-0.0474704044704,0.556539687906,0.000279985310061,516.115734868,-0.0186485160744,-0.00104178430794,2.65520608973
0.149874752939,-0.0474169220648,0.532037524992,0.000267671511397,494.5198307,-0.0176396801259,-0.00100208832084,2.5376584746
0.149892039938,-0.0473656647191,0.508726399984,0.000255955516879,473.98085435,-0.016694440818,-0.0009631385488,2.42586377184
0.149907153879,-0.0473212381531,0.488450810984,0.000245764430005,456.12318386,-0.0158854126439,-0.000929974843622,2.32866355453
0.149920219792,-0.0472832586904,0.470966647982,0.00023697578316,440.729758907,-0.0151981989727,-0.000901491690141,2.2448763522
0.149931594632,-0.0472506147078,0.455753213293,0.000229328046975,427.340197796,-0.0146084793344,-0.000876643183559,2.17199628364
0.149931594632,-0.0472506147078,0.455753213293,0.000229328046975,427.340197796,-0.0146084793344,-0.000876643183559,2.17199628364
0.149941625497,-0.0472222201106,0.442326347956,0.000222578000207,415.526856304,-0.0140946015839,-0.000854739862028,2.1076956594
0.149951364657,-0.0471947314925,0.429336058218,0.000216047141078,404.100357481,-0.0136021403037,-0.000833179335509,2.04550063965
0.14995994431,-0.0471709193115,0.417855408771,0.000210274911107,394.004937667,-0.0131721157508,-0.000814184335321,1.9905507513
0.149967510531,-0.0471503175007,0.407681860845,0.000205159574009,385.061618888,-0.0127953749977,-0.000797467262604,1.94187180803
0.149974165657,-0.0471326060903,0.398668330736,0.000200627246071,377.140438596,-0.0124652980609,-0.000782502603231,1.89875641702
0.149974165657,-0.0471326060903,0.398668330736,0.000200627246071,377.140438596,-0.0124652980609,-0.000782502603231,1.89875641702
0.149980107419,-0.0471171608807,0.390558247124,0.000196548989615,370.015217786,-0.0121713505458,-0.000768948752415,1.85997347434
0.149985826439,-0.0471024195828,0.382742191483,0.000192618456239,363.149548375,-0.011889984156,-0.000755776892828,1.82260328324
0.14999090927,-0.0470897036185,0.37572067284,0.000189087291956,356.983545242,-0.0116398070713,-0.000743859953275,1.78904141163
0.149995411886,-0.0470788338237,0.369420178536,0.000185918566145,351.452309329,-0.0114176251298,-0.000733192793846,1.75893461058
0.149999404649,-0.0470695874781,0.363748746938,0.000183066063747,346.474748366,-0.0112196780147,-0.000723528997671,1.7318414907
0.149999404649,-0.0470695874781,0.363748746938,0.000183066063747,346.474748366,-0.0112196780147,-0.000723528997671,1.7318414907
0.150002952224,-0.0470617591045,0.358624177175,0.00018048847312,341.978427019,-0.0110426469617,-0.000714757206617,1.70736778276
0.15000638004,-0.0470543107581,0.353649845854,0.000177986386787,337.614523704,-0.0108716639377,-0.000706170690646,1.68361483298
0.150009428344,-0.0470480731575,0.349138585609,0.000175717102555,333.658013269,-0.0107182034079,-0.00069837380644,1.66207934355
0.15001211846,-0.0470429776756,0.345062600074,0.000173666654575,330.084348668,-0.0105810865236,-0.000691301516619,1.64262770365
0.150014481685,-0.0470389248491,0.341382570032,0.000171815281206,326.858909431,-0.010458747827,-0.000684891749037,1.62507147229
0.150014481685,-0.0470389248491,0.341382570032,0.000171815281206,326.858909431,-0.010458747827,-0.000684891749037,1.62507147229
0.150016570734,-0.0470357468371,0.338033857477,0.000170130488018,323.924805816,-0.0103487208836,-0.000679036933355,1.60910099567
0.150018583733,-0.0470328110112,0.334777479549,0.000168492112887,321.071941193,-0.010242205011,-0.000673312809241,1.59357270705
0.150020361545,-0.0470306265977,0.33180440606,0.000166996183295,318.468147222,-0.0101461425704,-0.000668081866545,1.57940012279
0.150021916467,-0.0470291537151,0.329099404908,0.000165635043989,316.100002183,-0.0100599217711,-0.000663306287706,1.56651018776
0.150023267059,-0.0470283332118,0.32663988284,0.000164397337478,313.947606052,-0.00998267875396,-0.000658950036213,1.55479458512
0.150023267059,-0.0470283332118,0.32663988284,0.000164397337478,313.947606052,-0.00998267875396,-0.000658950036213,1.55479458512
0.150024445342,-0.0470280629619,0.324387212708,0.000163263642977,311.976995081,-0.00991297597342,-0.000654947818093,1.54406844843
0.150025573613,-0.04702795229,0.322194550704,0.000162160122451,310.059133156,-0.00984545982243,-0.000651038911239,1.5336294275
0.150026553306,-0.047028316574,0.320180180751,0.000161146255572,308.297936206,-0.00978441156295,-0.000647446397854,1.52404314209
0.150027392156,-0.0470291306883,0.31833483181,0.000160217381851,306.685245587,-0.00972947525016,-0.000644145857466,1.51526518425
0.150028101627,-0.0470303580179,0.316644809617,0.000159366616264,305.209002661,-0.00968014288226,-0.000641113940331,1.50722991821
0.150028101627,-0.0470303580179,0.316644809617,0.000159366616264,305.209002661,-0.00968014288226,-0.000641113940331,1.50722991821
0.149980775041,-0.0471833953017,0.373696051698,0.000188050956533,355.376001746,-0.0118042867647,-0.000709073942468,1.78029146984
0.149922569859,-0.0473703275724,0.446890842775,0.000224843594421,419.816940585,-0.0146694187682,-0.000779898083312,2.1310468084
0.149842233368,-0.0476263499641,0.553216564133,0.000278276405563,513.554151111,-0.0190925149655,-0.000856883061471,2.64126325783
0.149720551421,-0.0480301457293,0.722375925787,0.000363254727708,662.973568979,-0.0268338733328,-0.000955481507077,3.4545608206
0.149581807324,-0.0485278402677,0.92787651984,0.000466454598847,844.813925725,-0.0374417180825,-0.00128428011166,4.44432721819
0.149581807324,-0.0485278402677,0.92787651984,0.000466454598847,844.813925725,-0.0374417180825,-0.00128428011166,4.44432721819
0.149659328566,-0.0490191804976,0.723962292733,0.000363869287585,666.076343924,-0.0314355431085,-0.00105233068692,3.47144938392
0.149715624796,-0.0495522153861,0.57902910886,0.000290984588639,538.770673232,-0.0270788253503,-0.000883887917842,2.77851808237
0.149553079247,-0.0501475562421,0.891966888074,0.00044822801071,814.840189418,-0.0450426238771,-0.00142875793395,4.2811786326
0.149483970437,-0.0506982898756,1.04429794874,0.000524809122951,948.863890102,-0.0562893275821,-0.00172089567655,5.01067651631
0.14969368455,-0.0511548653615,0.657513436475,0.000330473988518,607.512858057,-0.0373209328619,-0.00111041356156,3.15268532365
0.14969368455,-0.0511548653615,0.657513436475,0.000330473988518,607.512858057,-0.0373209328619,-0.00111041356156,3.15268532365
0.149550115142,-0.0517200957704,1.00255502549,0.000504019948325,910.304123711,-0.0603350580032,-0.00169010562048,4.80079372815
0.149435277587,-0.0522406659378,1.3068293859,0.000657194238364,1176.06761027,-0.0826969965874,-0.00218676988618,6.24735802997
0.149772128909,-0.0526232450175,0.709303043258,0.000356814181354,650.245342786,-0.0466521833173,-0.00107471903504,3.38528043195
0.14998099029,-0.0530603862451,0.391547074845,0.000197049238502,370.865702493,-0.0268398394679,-0.00061546513234,1.86460270626
0.149781269762,-0.0536578423629,0.93831419356,0.000472500945581,846.522953528,-0.0675254532481,-0.00152653122137,4.45362954427
0.149781269762,-0.0536578423629,0.93831419356,0.000472500945581,846.522953528,-0.0675254532481,-0.00152653122137,4.45362954427
0.149878924669,-0.0540751304125,0.869323472557,0.000437988463474,784.22462211,-0.0647723192589,-0.00140398432534,4.11453652791
0.150019010513,-0.0544740804791,0.725595907377,0.000365781791353,657.314412456,-0.0558567206481,-0.00120798622437,3.42375774109
0.150033754753,-0.0549064933279,0.852149729327,0.000429853449784,764.435927264,-0.0677523265095,-0.00145883591169,4.0068256459
0.150010370314,-0.0553249951043,1.06094018493,0.000535525235434,941.470623633,-0.0868723320468,-0.00184342494917,4.97043458734
0.150257646811,-0.0556310584541,0.710088718628,0.000358645891811,637.475583294,-0.0595954152965,-0.00116407144082,3.31577397543
0.150257646811,-0.0556310584541,0.710088718628,0.000358645891811,637.475583294,-0.0595954152965,-0.00116407144082,3.31577397543
0.150187913187,-0.0560628981115,1.03765557986,0.000524482977091,914.730262567,-0.0895248814579,-0.0017177136264,4.82488542918
0.150150958745,-0.0564598302776,1.29730282612,0.000656203726211,1131.90628829,-0.11472601869,-0.00212606372424,6.0069856872
0.150543496991,-0.0566752502984,0.654474075099,0.000331257325056,583.166640621,-0.0590256593905,-0.00100770417528,3.02016761219
0.150766514311,-0.057012939249,0.407907992241,0.000206633183174,372.513780167,-0.0376878382788,-0.000584879863416,1.87357327766
0.150572830938,-0.0575259932438,1.06068376532,0.000537848092301,918.04290271,-0.100640422766,-0.00158824630537,4.84291629955
0.150572830938,-0.0575259932438,1.06068376532,0.000537848092301,918.04290271,-0.100640422766,-0.00158824630537,4.84291629955
0.150807890968,-0.0577436970422,0.744406592347,0.000377721319876,650.435659001,-0.0717894672488,-0.000961493519905,3.38631633288
0.150410223024,-0.0548469230645,0.0983285730469,4.96015012841e-05,113.239192344,-0.00782450054161,-0.000207552622478,0.462328384776
0.150118467647,-0.0550645419805,0.747945056153,0.000377391783972,673.462231202,-0.0602197161779,-0.00134455709559,3.51165114757
0.150118467647,-0.0550645419805,0.747945056153,0.000377391783972,673.462231202,-0.0602197161779,-0.00134455709559,3.51165114757
0.150083106764,-0.0551068753091,0.832993343824,0.00042032800725,746.595556381,-0.0672370504017,-0.00145843206336,3.90971959125
0.15008965538,-0.0550917108572,0.814463584953,0.000410969000432,730.702272025,-0.0656762556143,-0.00145388992388,3.82321162852
0.150095954606,-0.0550780188817,0.796969792613,0.000402134007133,715.690439365,-0.0642083896177,-0.00144115524262,3.74150145263
0.150097090888,-0.0550784157281,0.794970395269,0.000401125610463,713.961545255,-0.06405008869,-0.00145063268484,3.73209099323
0.150096300507,-0.0550840674576,0.798747507805,0.00040303501395,717.185277158,-0.0643796396294,-0.0014677398062,3.74963793149
0.150096300507,-0.0550840674576,0.798747507805,0.00040303501395,717.185277158,-0.0643796396294,-0.0014677398062,3.74963793149
0.150096005056,-0.0550883820022,0.801034011943,0.000404191506847,719.130912494,-0.0645835267112,-0.00147970610356,3.76022812451
0.15009593423,-0.0550920911351,0.802647404592,0.000405008009793,720.499369905,-0.0647306498016,-0.00148995908145,3.76767670846
0.150096327561,-0.0550945384062,0.802859959312,0.000405116911159,720.667035121,-0.0647594348244,-0.00149575117694,3.76858931883
0.150096947614,-0.0550963712177,0.802386269514,0.000404879166505,720.246500104,-0.0647302401142,-0.00149872381185,3.76630032515
0.150097554409,-0.0550982407986,0.801948462874,0.000404659544189,719.856787083,-0.064704087604,-0.00150069028434,3.76417909717
0.150097554409,-0.0550982407986,0.801948462874,0.000404659544189,719.856787083,-0.064704087604,-0.00150069028434,3.76417909717
0.150098089378,-0.0551003069368,0.801724297868,0.000404547837576,719.650267606,-0.0646960149049,-0.00150235799625,3.76305500105
0.150098605929,-0.0551024236523,0.801555411597,0.000404464053775,719.491104985,-0.0646926138604,-0.00150398151697,3.76218867073
0.150099101262,-0.0551045988384,0.801448965704,0.00040441181004,719.385491298,-0.0646945007688,-0.00150525155829,3.76161381001
0.150099589862,-0.0551067929408,0.801361597055,0.000404369202277,719.296248668,-0.0646980085996,-0.00150613906056,3.76112805779
0.150100081931,-0.0551089780232,0.801263091759,0.00040432096848,719.19747124,-0.0647005782884,-0.00150671051837,3.76059040718
0.150100081931,-0.0551089780232,0.801263091759,0.00040432096848,719.19747124,-0.0647005782884,-0.00150671051837,3.76059040718
0.150100576332,-0.055111157059,0.801157302895,0.000404269055173,719.09245681,-0.0647025305467,-0.00150708616878,3.76001880825
0.150101066802,-0.0551133469709,0.801063626336,0.000404223260375,718.997825977,-0.0647055026924,-0.00150744418946,3.75950372777
0.150101558253,-0.0551155344584,0.800966963918,0.000404175957164,718.900640133,-0.0647082258691,-0.0015076746306,3.75897474023
0.150102052979,-0.0551177132575,0.800860450775,0.000404123677748,718.795014178,-0.0647101083897,-0.00150777571229,3.75839981273
0.15010254891,-0.0551198889865,0.800750429038,0.000404069625879,718.68638343,-0.0647116989349,-0.00150778784881,3.75780852999
0.15010254891,-0.0551198889865,0.800750429038,0.000404069625879,718.68638343,-0.0647116989349,-0.00150778784881,3.75780852999
0.150103044633,-0.0551220654669,0.800641272088,0.000404016010832,718.57849563,-0.0647133541202,-0.00150774940766,3.75722129116
0.150103535666,-0.0551242548491,0.8005466741,0.000403969750423,718.483086004,-0.0647162375349,-0.00150773858025,3.75670197167
0.15010402726,-0.0551264428665,0.800450690319,0.000403922790032,718.386488252,-0.0647190044459,-0.00150768981993,3.75617618514
0.150186164735,-0.0549681301874,0.579480123976,0.000292351302288,528.515251573,-0.0463770263263,-0.00109274169591,2.72269729576
0.150288379498,-0.0547149515007,0.285852028462,0.000144162513231,275.545323608,-0.0224878165288,-0.000538972616592,1.34576899017
0.150288379498,-0.0547149515007,0.285852028462,0.000144162513231,275.545323608,-0.0224878165288,-0.000538972616592,1.34576899017
0.150323120636,-0.0546227061916,0.184763387032,9.31690046015e-05,188.22306567,-0.0144420731627,-0.00035031471622,0.87046945702
0.150347830138,-0.0545580379857,0.11359160296,5.72747788409e-05,126.667976332,-0.00883861915161,-0.000218411852601,0.535421945465
0.150355451175,-0.054540473589,0.0926108812642,4.66948582289e-05,108.509436952,-0.0071972336028,-0.000180844092635,0.436584083348
0.150358155887,-0.0545358664226,0.0857814499014,4.32511748409e-05,102.596888292,-0.00666438822305,-0.000169332708504,0.404401777435
0.150364231652,-0.0545216505883,0.0690226271932,3.48006889543e-05,88.0879478099,-0.00535702685295,-0.000138338527252,0.32542886949
0.150364231652,-0.0545216505883,0.0690226271932,3.48006889543e-05,88.0879478099,-0.00535702685295,-0.000138338527252,0.32542886949
0.150370870922,-0.0545057876985,0.0505758378575,2.54994191364e-05,72.114278356,-0.0039209291825,-0.000102562913864,0.238483366551
0.150377657723,-0.0544894749183,0.0316912501292,1.59778067436e-05,55.7576770088,-0.00245405264114,-6.49382747566e-05,0.149453545658
0.150385526363,-0.0544700544431,0.00962592920232,4.85298826755e-06,36.6412063179,-0.000744368099909,-1.99208032259e-05,0.0454016142324
