p,q,pitch_eff,yaw_eff,ext_eff,dev
0.00382273256334,-0.0250575532858,0.0720236801856,-0.0102648596102,-0.061858778438,0.000312823254283
0.00382905004214,-0.0247690617364,0.138040409359,-0.0194554286126,-0.121338088402,0.000599111399159
0.00376990868285,-0.0249427116586,0.0964223628165,-0.0134825336836,-0.0836215568976,0.000418516299119
0.00368846679475,-0.0251359564871,0.0496087149238,-0.00684519886806,-0.0423622332655,0.000215323577829
0.00368444702552,-0.0250900405945,0.0599526659802,-0.00824635180494,-0.0514108548425,0.000260177460255
0.00369730209445,-0.0249471812558,0.0929952579514,-0.0127543132031,-0.0807077974054,0.000403444451934
0.00368646608694,-0.0249232769016,0.0981021589092,-0.0134007534705,-0.085335206449,0.000425537821969
0.00365211517412,-0.0249730298895,0.0856119264878,-0.0116109655614,-0.074186156484,0.000371326535588
0.00362635787271,-0.0249925721435,0.080309788826,-0.0108241605213,-0.0695048371668,0.000348287702765
0.00361791889971,-0.0249442495483,0.0910827825567,-0.012221169256,-0.0791449671285,0.000394935827382
0.00360499625424,-0.0249122333381,0.0979906864062,-0.0130821591147,-0.085398831293,0.000424813088639
0.00358239610785,-0.0248950123702,0.101210028004,-0.0134166344866,-0.0883553305813,0.00043868439183
0.00355941602346,-0.0248509109758,0.11057677027,-0.0145355263081,-0.0968944831399,0.000479158828712
0.00352956496967,-0.0247911946802,0.123319581778,-0.0160317880814,-0.108604592886,0.000534194730088
0.00348745200673,-0.0247555203747,0.130194218053,-0.0166967860642,-0.114998292724,0.000563781930094
0.0034432262215,-0.0247561826049,0.128694417833,-0.01629509197,-0.11369540287,0.000557141113087
0.00339497941248,-0.0247387558823,0.131240479335,-0.016371579731,-0.116116340136,0.000567981168719
0.00335568103136,-0.0246914725821,0.140930770596,-0.0173403647547,-0.12516023286,0.000609712594244
0.00330225359279,-0.024645376902,0.149964720176,-0.018120781372,-0.133683565233,0.000648529441321
0.00324304330164,-0.0246190408114,0.154325767675,-0.0182916957906,-0.137857749429,0.000667133444967
0.00318406440975,-0.024625365818,0.151213483313,-0.0176011593551,-0.135032934728,0.000653481339198
0.00312849498252,-0.0245879978672,0.158282403054,-0.0180724221483,-0.141741818982,0.000683776079613
0.00307351159786,-0.0245279815791,0.170622894577,-0.0190885749721,-0.153463716423,0.000736786199768
0.003009474663,-0.0245121277944,0.172583001197,-0.0188920590727,-0.1554013553,0.000744989529861
0.00294299236956,-0.0245306160911,0.16659438011,-0.0178475085761,-0.149811487361,0.000718933174743
0.00288383900262,-0.0244983604627,0.172539185376,-0.0180869702331,-0.155528506851,0.000744327228453
0.0028273124408,-0.0244398562754,0.184651652712,-0.0189286803214,-0.167150691374,0.000796276018516
0.00276629141468,-0.024434642055,0.184377385228,-0.018487985293,-0.166973008475,0.000794862926299
0.0026976029619,-0.0244606821483,0.176724644406,-0.0172997232293,-0.159743624892,0.000761678240544
0.00263796624515,-0.0244897560364,0.168612822443,-0.0161607432295,-0.152106565391,0.000726566599649
0.00258605314202,-0.0244582830594,0.174716008734,-0.0163933921513,-0.157976252409,0.000752651918529
0.00254151663166,-0.0244225494864,0.181999634305,-0.016756360855,-0.165001414963,0.00078382568743
0.00248694333896,-0.0244406843517,0.176605557206,-0.0159227523421,-0.159918881519,0.000760448121892
0.00243845501875,-0.0244437214986,0.174862274971,-0.0154599276782,-0.158317665501,0.00075279716706
0.00239235865367,-0.0244526832671,0.171815374305,-0.0149088595478,-0.155480599543,0.000739553775737
0.00235384611348,-0.024456944743,0.170032255696,-0.0145189730489,-0.153853992684,0.000731768340893
0.00231785166063,-0.024411896272,0.179751294625,-0.0150844314916,-0.163185035479,0.00077342352884
0.0022790728082,-0.0244004826862,0.181625952648,-0.014979084836,-0.165037391388,0.000781356804808
0.00223829076273,-0.0244072455881,0.179256346858,-0.0145230809547,-0.162831630164,0.000771051427834
0.00219845605748,-0.024438072313,0.171330342626,-0.0136518364861,-0.155320156337,0.000736887434912
0.00216363245698,-0.0244424989926,0.169641124419,-0.0133054288572,-0.153767410532,0.000729531978442
0.00213610344889,-0.0243947886194,0.180210282321,-0.0139255350469,-0.163923023832,0.000774839345819
0.00210359761569,-0.0243859377792,0.181669617105,-0.0138191388195,-0.165382504755,0.000781008474384
0.00206906643161,-0.0244085990313,0.175776338344,-0.0131640708296,-0.159780980106,0.000755610351508
0.00203804377627,-0.0244125436509,0.174306274054,-0.0128602127028,-0.158432460625,0.000749211879997
0.00200989239785,-0.0244177870825,0.172592513933,-0.0125605148043,-0.156848619499,0.000741777022192
0.00198587347013,-0.0244139934599,0.173058741903,-0.0124416772115,-0.157349573873,0.00074371062801
0.00199427668836,-0.024411689521,0.173745005481,-0.0125424687075,-0.158045686679,0.000746667680108
0.00203859206522,-0.0243958963532,0.17820242001,-0.0131410583537,-0.162335876374,0.000765902746602
0.00216949602207,-0.0244173562538,0.175625619525,-0.013795605997,-0.159839035197,0.000755175763506
0.0024520406846,-0.0244230344931,0.180012567205,-0.015986233539,-0.163950092116,0.000774832437197
0.00279820674081,-0.0244238906168,0.187724060718,-0.0190264419736,-0.171185233731,0.000809174568861
0.00331660280576,-0.0244706832179,0.19067033599,-0.0229542482977,-0.173679790647,0.000823990534075
0.00404109619197,-0.0245442579576,0.196792550305,-0.028964634452,-0.178946939848,0.000854144778303
0.00476976912141,-0.024654122913,0.199342384501,-0.0348051367765,-0.180600622834,0.000869819599875
0.00549294166558,-0.024804165838,0.197232639964,-0.03993109432,-0.17761886528,0.000866029765336
0.00626419417359,-0.0249553036029,0.202029765371,-0.0469739353935,-0.18100553303,0.000893901833512
0.00704459817977,-0.0251149510547,0.210572936612,-0.0554742946729,-0.187712731513,0.000939932957349
0.00776903852066,-0.0253148106334,0.212007164075,-0.0621760981201,-0.187480746404,0.000955248603003
0.00844520687723,-0.0255453252291,0.208266011884,-0.0671200647663,-0.182252981734,0.000947723812719
0.00907954859681,-0.0257674166894,0.207362524626,-0.0726135871486,-0.179666895924,0.000953238750655
0.00967589198558,-0.0259723851052,0.210576135164,-0.0793641232887,-0.180868249664,0.000977985423372
0.0102301036725,-0.0261813486861,0.212649721403,-0.085602779081,-0.180947347931,0.00099786615629
0.0107366803429,-0.0264057800036,0.210408745739,-0.0898768660154,-0.177042085056,0.000997592623639
0.0112089139814,-0.0266287967601,0.207861045043,-0.0937208735754,-0.172884513202,0.000995714482648
0.0116518351463,-0.0268347344371,0.208004364236,-0.0985005067268,-0.171195088024,0.00100652890192
0.012061478484,-0.0270297586899,0.208891805144,-0.103411756161,-0.170203108977,0.00102080648107
0.0124381543035,-0.0272258849728,0.2080150702,-0.107257718561,-0.167668897385,0.00102634278662
0.012783839485,-0.0274208174891,0.205746099535,-0.11012992378,-0.163968211137,0.0010246892162
0.0131043008228,-0.027603543808,0.204350834156,-0.113188925808,-0.161113948764,0.0010269454774
0.013402894594,-0.027772726126,0.204137474063,-0.116672373776,-0.159353317836,0.00103477485768
0.0136785281379,-0.0279351165575,0.203638717914,-0.119798712352,-0.157407641646,0.00104084987087
0.0139304375572,-0.0280935026755,0.202162933999,-0.122139089424,-0.154701966222,0.00104155024329
0.0141617642056,-0.0282432590797,0.200665883283,-0.124234175599,-0.152066814313,0.00104167075143
0.0143774770696,-0.0283804649299,0.200158673788,-0.126737394589,-0.150340504495,0.00104650034949
0.0145762078258,-0.02850875112,0.199793920691,-0.12914673117,-0.148805765816,0.00105168048296
0.01475723593,-0.0286334034003,0.198566247372,-0.130828850067,-0.146626283242,0.00105194805245
0.0149232072462,-0.0287453327075,0.198109030628,-0.132805060378,-0.145171910334,0.00105578185936
0.0150757016958,-0.0288500756762,0.19763627383,-0.134613754641,-0.143774131922,0.00105915877303
0.0152144665342,-0.0289501679864,0.196676260443,-0.135940477,-0.142049363581,0.00105955887255
0.0153424660146,-0.0290493855971,0.194926258007,-0.136611642839,-0.139723440148,0.0010554452778
0.0154596518288,-0.0291208637074,0.196403885334,-0.139254591129,-0.14013655136,0.00106800690119
0.0155682372261,-0.0291898374104,0.197461227471,-0.141534214027,-0.140245669748,0.00107812683364
0.0156598728264,-0.0292616266592,0.196412148584,-0.142180310761,-0.138733454091,0.00107642366473
0.0157419880136,-0.0293492495101,0.192117619651,-0.140484490012,-0.134638623088,0.0010569914337
0.0158281959792,-0.0293947696983,0.194545231095,-0.143411072503,-0.136006226232,0.00107368178217
0.015907930835,-0.0294500360281,0.194910507245,-0.144857251942,-0.135726496146,0.00107913072365
0.0159729066694,-0.0294990774709,0.194669666189,-0.145673572236,-0.135056584845,0.0010807145856
0.0160327773493,-0.0295548829222,0.192952065007,-0.14538661202,-0.133240374365,0.001074119873
0.0160900051732,-0.0296066915922,0.191578366103,-0.145292354262,-0.131727281192,0.00106925222686
0.0161470709061,-0.0296504817397,0.191378435192,-0.146019615241,-0.131160759597,0.0010707367012
0.0162015687317,-0.0297058177062,0.189294154118,-0.145372380531,-0.129106158237,0.00106188194838
0.0162572812015,-0.0297304491121,0.191739473628,-0.147969777083,-0.130666006886,0.00107772961175
0.0163065653572,-0.0297656978259,0.192009342232,-0.148928494214,-0.130531270695,0.00108148328748
0.016344983472,-0.0297953257151,0.191931628792,-0.149472964448,-0.130194896867,0.00108285348559
0.016383132402,-0.0298534814365,0.187834565648,-0.147107661751,-0.126670853994,0.00106222752232
0.0164266557878,-0.0298850200772,0.188077736882,-0.147958614505,-0.12655885769,0.00106558507442
0.0164679784983,-0.029913378198,0.188546029437,-0.148944943997,-0.126630810189,0.00107009731539
0.0165101207239,-0.030000660038,0.1809450477,-0.144019717647,-0.120341196547,0.0010302498554
0.0165603543321,-0.030069214135,0.176887736235,-0.141776932474,-0.116803272126,0.00101016001866
0.0166327202162,-0.0301292525576,0.176446750237,-0.142540864495,-0.115913586156,0.00101105040226
0.0167102542929,-0.0302742332793,0.16511735953,-0.135139745892,-0.106610328878,0.000951549017337
0.0168084861718,-0.0303989856442,0.159005756354,-0.131865063549,-0.101244163833,0.000921688120428
0.0169394743692,-0.0305077920697,0.158779518663,-0.13357007929,-0.100037887735,0.000926269784125
0.0170776723423,-0.0306874794223,0.150300497301,-0.12884244776,-0.0926653545176,0.000884388326553
0.0172320413376,-0.0308955385487,0.140423517304,-0.122996816444,-0.0843130301588,0.000834617554226
0.0174120756863,-0.0310873786161,0.13596677337,-0.121762126775,-0.0797200236786,0.000816698970982
0.0176151102023,-0.0313088976661,0.130920699986,-0.120253371088,-0.0745594636896,0.000796164884059
0.0178287502799,-0.0315338842943,0.127280990518,-0.120017520585,-0.0702995592616,0.000784235249551
0.0180434388336,-0.0317529982677,0.125093104975,-0.121059077284,-0.0669803072203,0.000781064136442
0.0182549388325,-0.0319820815197,0.122028869916,-0.121262898251,-0.0630945769379,0.0007725772247
0.0184614251001,-0.0322233541772,0.117711634047,-0.12018244985,-0.0584653915471,0.000756151522513
0.0186714367734,-0.0325084075706,0.109794634403,-0.115542556367,-0.0516948850489,0.000717142341484
0.0188979614241,-0.0327877016471,0.105204949978,-0.114198947569,-0.04686670282,0.000699293687161
0.0191389864257,-0.0330406256104,0.10566645034,-0.118218633028,-0.0447072810692,0.000714731073438
0.0193693965697,-0.0333009848084,0.104895768005,-0.120967208508,-0.0418353083244,0.000722355947562
0.0195776184686,-0.0335745703997,0.101170729844,-0.120253537236,-0.0375683057243,0.000709584850704
0.0197787615102,-0.0338633805075,0.0960501566653,-0.117787722099,-0.0327222504111,0.000686830071684
0.0199859502412,-0.0341361101524,0.0937637156232,-0.118567711116,-0.0292013076647,0.00068362959767
0.0201914883844,-0.0343844241503,0.0940080382791,-0.122384913304,-0.0267611205554,0.000698395214776
0.020383368707,-0.0346318130147,0.0933966890645,-0.12511124618,-0.0239720104158,0.000707005703362
0.0205507517479,-0.0348803567822,0.0906552847364,-0.124842795055,-0.0205693147351,0.000699070080542
0.0207120081549,-0.035120049324,0.0884044867151,-0.125050474987,-0.0176742066261,0.000694218683608
0.0208772506883,-0.0353472969444,0.0878027391553,-0.127478258649,-0.0157185223898,0.000701899915896
0.0210360859722,-0.0355626173471,0.0876946835134,-0.130524739362,-0.014259157231,0.00071317796207
0.0211840077426,-0.035775209249,0.0869138762457,-0.132519432788,-0.0130044321851,0.000718806507488
0.0213196998181,-0.0359828292938,0.0855181976913,-0.133451129402,-0.0118917210745,0.00071889924647
0.0214476490371,-0.0361847584749,0.0839981945458,-0.134059166398,-0.010957236433,0.00071748593893
0.0215699156837,-0.0363780738176,0.0827355698721,-0.134934363436,-0.0102177378085,0.000717760793792
0.0216869913094,-0.0365673484813,0.0814503483521,-0.135688107271,-0.00957475627244,0.000717554428387
0.0218029353355,-0.0367609585046,0.0799702739061,-0.136140334546,-0.00902307922899,0.000715751095204
0.0219155192688,-0.036951128171,0.0785940690179,-0.136691000739,-0.00857249089441,0.000714615375412
0.022022257127,-0.0371330996654,0.0773741267926,-0.137373747372,-0.00818300844339,0.000714405340127
0.0221266979568,-0.0373197507606,0.0758487632231,-0.1375394599,-0.00777976385439,0.00071151403043
0.0222334491293,-0.037512341448,0.0743655260239,-0.137839213175,-0.00747769172257,0.000709276946707
0.022339483848,-0.0377127837914,0.0725895620975,-0.137659811192,-0.00711396805381,0.000704550500185
0.0224547274293,-0.0379298314089,0.0709197956475,-0.13790251992,-0.00688634538909,0.000701761881085
0.0225697622804,-0.0381591941885,0.0688493899664,-0.13748115911,-0.00654576486565,0.000695535909781
0.0226976247027,-0.0384192281844,0.0665892450007,-0.137077046185,-0.0062870866445,0.000689024124935
0.0228275497406,-0.0386752473892,0.065021454224,-0.138025262774,-0.00613606033286,0.000689474779517
0.0229525314991,-0.0389189199544,0.0639063368998,-0.139769690409,-0.00604013096121,0.000694151294948
0.023066765444,-0.0391538693761,0.06255899811,-0.140853311681,-0.00590099983313,0.000695764381786
0.0231709792991,-0.0393809470904,0.0609872579686,-0.141255908024,-0.00571666166711,0.000694239763559
0.0232669375794,-0.0395982835149,0.059391727704,-0.141384413264,-0.00552322210859,0.000691618080688
0.0233579381657,-0.0398062708939,0.0579829161285,-0.141765305753,-0.00535033220992,0.000690446343364
0.0234438610109,-0.0400042352641,0.0567464512631,-0.142375485887,-0.00519683867592,0.000690594415857
0.0235239654998,-0.0401943308308,0.0555205291116,-0.1428496539,-0.00503710554479,0.00069025196567
0.0235979884557,-0.0403761715116,0.0542847746924,-0.143118277851,-0.00486770131646,0.000689088980826
0.0236670249941,-0.0405507343605,0.0530688225454,-0.143273641921,-0.00469242884061,0.000687534406792
0.0237316765075,-0.0407171429277,0.0519307762294,-0.143460242778,-0.00451979933512,0.000686284898492
0.0237923805113,-0.0408766080339,0.0508455905468,-0.143636940535,-0.00434549261652,0.000685120702165
0.0238489282351,-0.0410286688434,0.0498021587009,-0.143763921824,-0.00416663593544,0.000683852699618
0.0239016988126,-0.0411744414683,0.0487802376972,-0.143803934595,-0.00398025173451,0.000682286960486
0.0239508506229,-0.0413132997431,0.0478006801358,-0.143806086593,-0.0037884586108,0.000680660070955
0.0239968928534,-0.041445761789,0.0468713153278,-0.143807450679,-0.0035955216081,0.00067913605134
0.0240403112401,-0.041572144144,0.0460043275367,-0.143856572008,-0.00341009993301,0.000677934242515
0.0240816426433,-0.0416917876381,0.0452400871863,-0.144073677154,-0.00325950526349,0.000677618722956
0.0241267359024,-0.0418245198747,0.0443882345448,-0.144286584106,-0.00313751046259,0.000677158086928
0.0241810339604,-0.0419749939258,0.0436566429001,-0.145305112706,-0.00315147521145,0.000680285756334
0.0242347734244,-0.0421383297168,0.0426220487709,-0.145593439622,-0.00311305324792,0.000679893159705
0.0243002950759,-0.0423369238382,0.041459115868,-0.146260747921,-0.0031659049968,0.000680929248339
0.0243673424148,-0.0425439939277,0.0402767542836,-0.147073375563,-0.00323774857711,0.000682596183624
0.0244298605661,-0.042758897656,0.0387828103888,-0.146898618232,-0.00319726099119,0.000679677517166
0.0244974600871,-0.0429861122251,0.037402921114,-0.147453082764,-0.00323356714038,0.000680070670328
0.0245615372302,-0.0432107761751,0.0360159240891,-0.147908481691,-0.00321681143857,0.000680095802501
0.0246243695003,-0.0434456772913,0.0344790994228,-0.147984856192,-0.00318896705107,0.00067835767155
0.0246873515853,-0.0436827961741,0.0330258268619,-0.148465715846,-0.00318607886454,0.000678521476035
0.0247471604494,-0.0439166417169,0.0315978653178,-0.14896216618,-0.00315197904037,0.000678850139273
0.0248045000785,-0.0441580540725,0.0300402716203,-0.149037953564,-0.00310373883539,0.000677273069511
0.0248609595897,-0.044399254133,0.0285560520301,-0.149448227286,-0.00307986921253,0.000677286712291
0.0249150142284,-0.0446385540923,0.0271028824157,-0.149958278326,-0.00303732624826,0.000677832615544
0.0249666342024,-0.0448893340259,0.0254893734653,-0.149938829548,-0.0029770435337,0.000675977340767
0.0250181837733,-0.0451446445857,0.0239111915439,-0.150258119088,-0.00295442204402,0.000675692832463
0.0250677321116,-0.0454002905352,0.0223535747477,-0.15071899703,-0.00291228087099,0.000676116729641
0.0251165319272,-0.0456616272469,0.0207859603196,-0.151364524124,-0.00290622127712,0.000677401718984
0.0251605440593,-0.0459219853253,0.0191698175077,-0.151604788704,-0.00285718143231,0.000676955844081
0.0252021814218,-0.0461992762222,0.0173987365898,-0.151421762662,-0.0026716946812,0.000674617547604
0.0252447362264,-0.0464836822682,0.0156640481367,-0.15196372656,-0.00241491073309,0.000675563704313
0.0252855760593,-0.0467794342791,0.0138573548549,-0.152667659446,-0.00191196143991,0.000677272065668
0.0253220071851,-0.0470751237361,0.0120265034368,-0.153284524289,-0.00119134224828,0.000678695166966
0.0253626976064,-0.047392765124,0.0101233056675,-0.155464404086,3.65647273622e-05,0.000687052225388
0.0254153118698,-0.0477385899086,0.00811620281351,-0.161391616128,0.00240273218884,0.000711972130819
0.0254670915637,-0.0481111332978,0.00578345726809,-0.167776313184,0.00492992843273,0.000738867768508
0.0254796674298,-0.0484872162118,0.00312735032912,-0.166135794517,0.00701848776605,0.000730526910286
0.0254784547183,-0.0488764177044,0.00045406426301,-0.162257686803,0.00869846904364,0.000712498472633
0.0254965147327,-0.0492567183346,-0.00208379012553,-0.16384523146,0.00995944406839,0.000718641753351
0.0255230072992,-0.0496236423973,-0.00463489546289,-0.168386466115,0.0108603655686,0.000737872048527
0.0255276168705,-0.049977727557,-0.00704029692079,-0.168889031334,0.0112974577565,0.000739543626158
0.0255159324593,-0.0503206771095,-0.00921887664348,-0.166587533359,0.0114142235971,0.000729087358699
0.0255115630508,-0.0506565707597,-0.0114551692663,-0.166848113956,0.0114556821814,0.000729976149584
0.0255145886447,-0.0509844802392,-0.0138421663975,-0.169639764473,0.011451382233,0.000742056673979
0.0255065302074,-0.0513059004621,-0.0160944288807,-0.170714083983,0.0113122101154,0.000746745190981
0.0254863259416,-0.051633188071,-0.0182354345616,-0.170032463951,0.0111864291796,0.000743884373868
0.0254655411004,-0.0519574627509,-0.0204279071014,-0.170086655838,0.0110544980498,0.000744363408828
0.0254475012928,-0.0522764270826,-0.0227709718669,-0.17155157879,0.0109117768433,0.000751131576408
0.025424595914,-0.0525999323069,-0.0251762961788,-0.172921103134,0.0108094594736,0.000757621871435
0.025392627638,-0.0529157329956,-0.0273518756571,-0.17290659943,0.0105943235691,0.000758162877662
0.0253565979068,-0.0532261425487,-0.0294593106582,-0.172674190434,0.0103357494737,0.000757855795725
0.025322427024,-0.0535334388808,-0.0317539577494,-0.173602506469,0.0100838836512,0.00076275281293
0.0252864863842,-0.0538316131692,-0.034029044247,-0.174619897411,0.00976418095255,0.000768135687113
0.0252440816731,-0.0541273628424,-0.0361684563901,-0.174879974788,0.00943545282077,0.00077030319427
0.0251973925345,-0.0544021357806,-0.0379284984099,-0.174037641541,0.0088713537652,0.000767633027369
0.0251389870579,-0.0547058708948,-0.0397165724409,-0.172423728655,0.00833632221961,0.000761779148957
0.0250964975119,-0.054985537624,-0.0420040573835,-0.173881643228,0.0073529710386,0.000769457473422
0.025046808205,-0.0552708158788,-0.0443460327439,-0.175064378772,0.0070417862708,0.000776113935066
0.0249916183041,-0.0555467698174,-0.0464031597268,-0.17526602499,0.00664898423043,0.0007784948887
0.0249397245309,-0.0558116291014,-0.0485123780087,-0.176015940178,0.00569615268893,0.000783323860452
0.0248742516808,-0.0560796305989,-0.0501053323664,-0.174682763523,0.00494989230341,0.000779028038278
0.0248085970837,-0.0563531750812,-0.0520630837977,-0.174450129981,0.00455064246842,0.00077978056916
0.0247571866903,-0.0566219845209,-0.055053501699,-0.177730140398,0.00414072709974,0.000796309719849
0.0246932577428,-0.0568815028934,-0.0571407473564,-0.178141222981,0.00328467629514,0.000800064896455
0.0246152600119,-0.0571262963878,-0.0580215355124,-0.175121857741,0.00224215017652,0.000788399352699
0.0245448013065,-0.0573659914638,-0.0594677852367,-0.174044155239,0.001315957488,0.000785471366571
0.0244872720943,-0.0576077635524,-0.0621221987838,-0.176454424659,0.000436327848716,0.000798373812948
0.0244313205138,-0.0578271678706,-0.0644131761583,-0.178179893064,-0.000579242192041,0.000808113035344
0.02434953473,-0.0580417465144,-0.0647302631513,-0.174434234171,-0.00164605941758,0.000793121163379
0.024269072149,-0.0582554721747,-0.0651956987561,-0.171284216692,-0.00286432475559,0.000780816683534
0.024206789277,-0.0584696478172,-0.0672943015195,-0.172526579777,-0.00404728422277,0.000788540167521
0.0241518795455,-0.0586787222066,-0.0700433709897,-0.175435180189,-0.00515903949049,0.000803934589104
0.0240898146856,-0.0588794256064,-0.0721533396189,-0.176710617217,-0.00602545137477,0.00081191973629
0.0240186666516,-0.0590736672337,-0.0734769191409,-0.17606267564,-0.00663733177665,0.000811122907785
0.0239486035919,-0.0592620644831,-0.0748377527632,-0.175601969456,-0.00714596885227,0.000811182655995
0.0238837999979,-0.0594442193729,-0.0765602240872,-0.176101900585,-0.00763657860945,0.000815658436364
0.023821732343,-0.0596191227241,-0.0783802926663,-0.176917406583,-0.00809307813642,0.000821582540296
0.023759791391,-0.0597846997742,-0.0799703998173,-0.177324117964,-0.00845477942399,0.000825577747889
0.0236974048706,-0.0599416793816,-0.0812824524794,-0.177225876811,-0.00872321694673,0.000827184550014
0.023636505322,-0.0600921841115,-0.0825562602593,-0.177143858339,-0.00895483964451,0.000828831657617
0.0235788317409,-0.0602348799178,-0.0838737828012,-0.177285297133,-0.00916959884959,0.000831461343323
0.0235234644744,-0.0603702514731,-0.0851610187362,-0.177474732268,-0.00935696583402,0.000834260616719
0.0234697638379,-0.0604985644845,-0.0863592285055,-0.177582420112,-0.00950429146893,0.000836621429632
0.0234177511491,-0.0606192981666,-0.0874301597698,-0.177543765593,-0.00960849619349,0.000838224895685
0.0233679107005,-0.0607335316599,-0.0884579634725,-0.177521461695,-0.00968514983104,0.00083984171312
0.0233199503399,-0.0608427656429,-0.0894777673085,-0.177562294414,-0.00975101999008,0.000841710389129
0.0232731916921,-0.0609462163723,-0.0903669822669,-0.177435164973,-0.00982411628946,0.000842724559762
0.0232273332326,-0.0610459222546,-0.0911942948117,-0.177246858261,-0.0099114408532,0.000843413158413
0.023181595394,-0.0611511194348,-0.0923753964757,-0.177656808473,-0.0100615121352,0.000847043234231
0.0231350681539,-0.061258828594,-0.0936721747834,-0.178230707494,-0.01025027932,0.000851526195168
0.0230865270853,-0.0613619506128,-0.0945879278592,-0.178119020087,-0.010372579556,0.000852716429306
0.0230340242022,-0.0614664667137,-0.0952569412762,-0.177491663264,-0.0104310932339,0.00085150412671
0.0229820828233,-0.061570429908,-0.0960069726947,-0.177029977046,-0.0105016748172,0.000851090066173
0.0229320885587,-0.0616684643335,-0.096658419551,-0.1764892059,-0.0105879356621,0.000850213311574
0.0228772453528,-0.0617574873775,-0.0963671442124,-0.174331380836,-0.0104721446309,0.000841458798679
0.022817771607,-0.0618498344395,-0.0959752918341,-0.17190624705,-0.00987589670019,0.000831495099233
0.022771664235,-0.0619431238554,-0.0969723997676,-0.172080660551,-0.00967802431181,0.000834006326206
0.022718816082,-0.062019423674,-0.0962426918656,-0.169404583216,-0.00945832980023,0.000822506376619
0.0226616399355,-0.0621111685052,-0.0961648557796,-0.167637634987,-0.00891075677228,0.000815667061842
0.0226184120549,-0.0622040696383,-0.0975725762868,-0.168559685948,-0.0087619823336,0.000821819665187
0.0225728513308,-0.062278172123,-0.0975355907803,-0.167230651463,-0.00868744480641,0.000816754773909
0.0225160325266,-0.0623656958499,-0.0973396769804,-0.165366720676,-0.00818193898354,0.000809366394569
0.0224572230133,-0.0624527602759,-0.0969191775913,-0.16315016122,-0.00774198530068,0.00080023825768
0.0224072576624,-0.0625250107423,-0.0964102767804,-0.161077709831,-0.00757269380271,0.000791499930413
0.0223668488486,-0.0626163377096,-0.0982808652006,-0.162785094424,-0.00737016427751,0.000801552006941
0.0223281835094,-0.0627072032259,-0.100308718827,-0.164749097797,-0.00736072172742,0.000812892904772
0.0222785231739,-0.0627753742414,-0.0996170367624,-0.16246395126,-0.00732681753592,0.000803038098035
0.0222242702795,-0.0628462081244,-0.098633541129,-0.159672877033,-0.00727916630249,0.00079073116656
0.0221949576488,-0.0629144499589,-0.100113835722,-0.161084109258,-0.00762083398642,0.000798969390431
0.0221652715724,-0.0629905177953,-0.102254029849,-0.163405512048,-0.0076603870589,0.000811898893037
0.0221257241678,-0.063045772761,-0.101771215907,-0.161742757339,-0.00789796844937,0.000804810243339
0.0220825876675,-0.0630971171298,-0.100621055555,-0.159066096993,-0.00812322242614,0.000792627521569
0.0220523782658,-0.0631656742749,-0.102202444745,-0.160573227457,-0.00832285130985,0.000801444643383
0.022025813737,-0.0632298803084,-0.103870843261,-0.162277944945,-0.00863355864665,0.000811178498178
0.021986895743,-0.0632801960927,-0.10319773386,-0.160406266945,-0.00878414719733,0.000802947028026
0.0219337624127,-0.0633320383033,-0.101178041229,-0.156339975132,-0.00855012925766,0.000783865957754
0.0218576645674,-0.0634013356271,-0.0980934168592,-0.150314028682,-0.00773829732427,0.000755376892888
0.0217910730127,-0.0634908317343,-0.0976018441219,-0.148159129975,-0.00708581385749,0.00074647842102
0.0217332712432,-0.0636124844759,-0.100529971782,-0.150900683561,-0.0068041185456,0.000762673689659
0.0216528480112,-0.063739793817,-0.101513690737,-0.150481044779,-0.00632173377707,0.000763274451232
0.021554196561,-0.0638599506666,-0.100042333264,-0.146417021507,-0.00559907571686,0.000745433718588
0.0214391916755,-0.0639953079211,-0.0980195017467,-0.141395730582,-0.0048740041697,0.000722982999505
0.0213354926169,-0.0641438656119,-0.0984037906292,-0.139870550021,-0.00444862340411,0.000718405762368
0.0212050270993,-0.0643038356383,-0.0969194376714,-0.135477830379,-0.00374275388582,0.000699476548079
0.0209999935919,-0.0644761331926,-0.0883554322908,-0.120929518198,-0.00214065037623,0.000628587447956
0.0208105993109,-0.0646731919921,-0.0838308004089,-0.112244788341,-0.000943882832934,0.000587671357669
0.0206424156508,-0.0649448967322,-0.0890429506895,-0.11615031792,0.00068144193477,0.000613467269538
0.0203685924192,-0.0652003403838,-0.0813457951868,-0.102966648528,0.00288139677613,0.000549580540702
0.0200588941338,-0.0654654059499,-0.0707080479147,-0.08666359261,0.00436524803212,0.000468043323024
0.0198029265492,-0.0657760557456,-0.0720867704874,-0.0854932549212,0.0068441354126,0.000467470304876
0.0195568777248,-0.066119371772,-0.0789890464489,-0.090543678184,0.00976058277578,0.000501748028109
0.0192690724453,-0.066426922173,-0.0778799500658,-0.0863440949893,0.0112896824336,0.000485112160425
0.0189440670337,-0.0667058557218,-0.0697646215043,-0.0748195190125,0.0112810872827,0.000426446713804
0.0186696002157,-0.0670109707578,-0.0715029755997,-0.0742719546956,0.012308243536,0.00042944497241
0.0184358578255,-0.067336459866,-0.081616562675,-0.0822124679348,0.0144619498244,0.000482201959227
0.0181723771387,-0.0676206570367,-0.0839906191089,-0.0821334307436,0.0149978127728,0.000488700942303
0.0178808086202,-0.0678531743445,-0.0768129613129,-0.0730469439998,0.0132817172003,0.000440805062275
0.0176110615038,-0.0681174391357,-0.0773117580386,-0.071445398668,0.0129745372667,0.000437581179765
0.0173958226253,-0.0683849658837,-0.0857750167691,-0.0772519636011,0.0136879290744,0.000479672319281
0.0171548950784,-0.06861860286,-0.0875111287868,-0.0768353664537,0.0134161565323,0.000483763449644
0.0169049104573,-0.0688406482741,-0.0871050570438,-0.0745699671091,0.0125610147007,0.00047621747913
0.0166598202788,-0.0690544225234,-0.0869282636429,-0.0726025148699,0.0117929373493,0.000470284576015
0.0164239397331,-0.0692507208983,-0.0861275271152,-0.0702674116311,0.0110307160453,0.000461464976168
0.0162166704181,-0.0694755539247,-0.0936598870335,-0.0746550821224,0.0111723685093,0.000497148471065
0.0159989296583,-0.0696725253169,-0.0964072187669,-0.0751349707794,0.0105751512828,0.000507280216898
0.015763500988,-0.0698370068685,-0.0926481222784,-0.0706305414605,0.00926003493568,0.000483488650287
0.0155446498779,-0.0700044611183,-0.0919670819687,-0.0686271156412,0.00838556713493,0.000476197565971
0.0153543556132,-0.0701864946884,-0.0975431046831,-0.0713142096655,0.00801139519964,0.000501403381284
0.0151623700344,-0.0703577067594,-0.101865145888,-0.0729855026468,0.00758137906895,0.000519963218275
0.014954471668,-0.0705017678097,-0.100644742403,-0.0706730307283,0.00699861795895,0.000510239984089
0.0147500657866,-0.0706370405808,-0.0989427045365,-0.0681217589792,0.00652119531124,0.000498353225076
0.0145639156295,-0.0707810630671,-0.101215625892,-0.068371693548,0.00624274178585,0.000506683326791
0.0143875521355,-0.0709244017851,-0.104950725541,-0.0695962088525,0.00603253025293,0.000522341273741
0.014206171715,-0.0710523592778,-0.106003805095,-0.0690216941135,0.00577598403015,0.000524638159357
0.0140232359804,-0.0711659401042,-0.104879690027,-0.0670781522697,0.00553521905731,0.000516301730311
0.0138501235707,-0.0712798087611,-0.105243585599,-0.0661520987239,0.00535222143822,0.000515474716328
0.013688387325,-0.0713965699813,-0.10768646394,-0.0665598130858,0.00521329570123,0.000524925300559
0.0135290728101,-0.0715048565549,-0.109258716069,-0.0664347018834,0.00507944656298,0.000530171466606
0.0133696215924,-0.0715907986916,-0.107067765673,-0.0641036834531,0.0047597875828,0.000517379752657
0.0132193227733,-0.0716933786737,-0.109356547026,-0.0644474155737,0.00488359015766,0.000526201465841
0.0130776981625,-0.0717792099995,-0.109519210364,-0.0636239423241,0.0045905102283,0.000525048350782
0.0129360552279,-0.071875148266,-0.111991323048,-0.0640889150158,0.00465084623406,0.00053483709321
0.0128002622011,-0.0719447013199,-0.110354388239,-0.0623080485644,0.0044694744424,0.000525267881418
0.0126657284932,-0.0720248545099,-0.111176894278,-0.0618974971195,0.00457559259327,0.000527354746751
0.0125424986157,-0.072108604053,-0.113967889673,-0.062609022154,0.00463483099473,0.000538861557368
0.0124202989436,-0.0721750084403,-0.113619684087,-0.0616422092643,0.00438953889722,0.00053566919266
0.0122981605433,-0.0722222708567,-0.109670133881,-0.0588094789633,0.00389190168137,0.000515715811023
0.0121904034603,-0.0723018520003,-0.113773163324,-0.0602699594998,0.00397251821482,0.000533530171331
0.0120926584404,-0.0723709887282,-0.116891153051,-0.0612503849041,0.00382090969691,0.000546849009535
0.0119831031643,-0.0724184854605,-0.114808349907,-0.0595016421334,0.00357996242517,0.000535846744804
0.0118795734106,-0.0724542569864,-0.111019455442,-0.056967162921,0.00313324381763,0.000517108830014
0.0117925369932,-0.0725182591657,-0.114589725422,-0.0582146417744,0.00301114320066,0.000532630725468
0.0117080284758,-0.0725806232613,-0.118273317275,-0.0595004143703,0.00297021417213,0.00054864010462
0.0116184976395,-0.0726237642076,-0.117643154063,-0.0586333098085,0.00265976216236,0.000544715245547
0.0115242192958,-0.0726604769422,-0.115473820231,-0.0570035089457,0.00246848886256,0.000533664584482
0.0114412373748,-0.0727113962917,-0.117327751168,-0.0573817407909,0.00238239739664,0.000541241355165
0.0113605279484,-0.0727546136652,-0.117892900133,-0.0571533825685,0.00219366813767,0.00054293846503
0.01127647972,-0.0727929300966,-0.117290715758,-0.0563548794165,0.00206200995158,0.000539251863586
0.011197806011,-0.0728317134773,-0.117371782279,-0.0559135906384,0.0019447402104,0.000538763710743
0.0111238394209,-0.0728707374043,-0.118017084098,-0.055762206035,0.00183510192005,0.000540908411383
0.0110524500507,-0.0729089114075,-0.118798231629,-0.0556857166984,0.00172678181441,0.000543700296936
0.0109822933725,-0.0729437148848,-0.119072711898,-0.0553834188512,0.00161144227602,0.000544201078829
0.0109130092382,-0.0729698199344,-0.117687369201,-0.0543401893331,0.00143923566572,0.000537185961909
0.0108165424164,-0.0730054001652,-0.115874587887,-0.052953775668,0.00144792538637,0.000527943700481
0.0106451506368,-0.0730427301951,-0.107779524432,-0.0483992688884,0.00164780692081,0.000489552064098
0.010447012392,-0.0731209380865,-0.106133206755,-0.0466124475386,0.00220371312452,0.000480202570947
0.0102002927017,-0.0732213118754,-0.105247981525,-0.0449338243443,0.00289901630733,0.000473936079488
0.00988776485668,-0.0733370387436,-0.102639330231,-0.0422622855715,0.00373031525011,0.000459526657348
0.00959146107119,-0.0734576707794,-0.103256165647,-0.0410276193438,0.0044821821147,0.00045982768777
0.00931205001605,-0.0735833654419,-0.106999251596,-0.0410583384664,0.00508951852566,0.000474187239431
0.00903860553368,-0.073691937119,-0.108247091865,-0.0401369176114,0.00545477590679,0.000477584456337
0.00877188683596,-0.0737746879392,-0.105067442172,-0.0376823798218,0.00549461444557,0.000461691134173
0.00851544367684,-0.073874178507,-0.107084195215,-0.037131312075,0.00583296402697,0.000468726345572
0.00827017419741,-0.0739717724078,-0.110028094021,-0.0369086738597,0.0060358700779,0.000479904702238
0.00803216182838,-0.0740412808251,-0.107789757237,-0.03502316674,0.00587174490497,0.000468652835616
0.00779893573577,-0.0741199547661,-0.108643753273,-0.0341682201917,0.00601549809319,0.000470895551336
0.00757938293191,-0.0742047168732,-0.112264973519,-0.0341983753577,0.00619289696361,0.000485202381142
0.00736367462287,-0.0742563632727,-0.108893052523,-0.0321676630588,0.00574615264427,0.000469459574525
0.00715766658088,-0.0743196498441,-0.109287040991,-0.0313068854559,0.00553427708087,0.000470040343772
0.00695943345303,-0.0744002202837,-0.114822084016,-0.0318793874471,0.00581777136934,0.000492672569872
0.00676760789059,-0.0744602955478,-0.116196049533,-0.031302058222,0.00560535766789,0.000497539758015
0.00657505651001,-0.0744849693114,-0.109597055144,-0.0286643899775,0.00491191453967,0.000468425947419
0.00639263149183,-0.074545593296,-0.112579703582,-0.0285606113412,0.00496750250458,0.000480249532781
0.00622328345257,-0.0746057312412,-0.116475017302,-0.0287001767054,0.00497283286566,0.000496014012879
0.0060567977754,-0.0746403065416,-0.114615876137,-0.0274556677985,0.00447970747624,0.000487381403808
0.00589149740222,-0.0746827021933,-0.115135464701,-0.0267859690384,0.00430305016393,0.00048885105513
0.00573585264902,-0.0747220185408,-0.115703840854,-0.026169892663,0.00410878886406,0.00049059111431
0.00558574193711,-0.0747604662681,-0.116600919089,-0.0256469532998,0.00392593466644,0.000493759943256
0.00543991106978,-0.0747917870408,-0.116244098073,-0.0248737321174,0.00368572992437,0.000491664694175
0.00530169419582,-0.0748133604101,-0.114094958011,-0.023777693137,0.00332362423358,0.000482071842176
0.00516760751165,-0.074860615833,-0.11862112265,-0.024052002257,0.00335941572849,0.000500631879794
0.00504163362133,-0.0748934243117,-0.120147056911,-0.0237398769787,0.00315459727265,0.000506592553248
0.00491300781695,-0.0749060897022,-0.116927438066,-0.0225065345389,0.00284406538156,0.000492579682222
0.00479211305664,-0.0749274244332,-0.116329372072,-0.0218245030865,0.00265954284932,0.000489642983368
0.00467716713744,-0.074969457139,-0.121199827332,-0.0221566046535,0.00271935786185,0.000509692899363
0.004564493791,-0.0749912853253,-0.121377030261,-0.0216379051373,0.00256795969107,0.000510050088399
0.00445505132607,-0.0749982152313,-0.118143476774,-0.0205541088284,0.00224627571344,0.000496139754675
0.00435051858515,-0.0750183176078,-0.118509290652,-0.0201196077079,0.00213191285665,0.000497339288203
0.00425143325397,-0.0750388009957,-0.119267591982,-0.019772895783,0.00199740380168,0.000500211928042
0.00415578029895,-0.0750733996117,-0.123765573824,-0.0200299076365,0.0020390981781,0.000518737677106
0.00406213324797,-0.0750743221801,-0.120159502844,-0.0190099338626,0.0017723509954,0.000503375735556
0.0039710955262,-0.075070242691,-0.115607481019,-0.0178845335036,0.00159151951208,0.000484072750433
0.00388890091483,-0.0750903066102,-0.117263494869,-0.0177524225981,0.00148185290347,0.000490776312381
0.00381148208443,-0.0751257735051,-0.122957538699,-0.0182186212852,0.0014967419763,0.000514354290848
0.00373301630803,-0.0751362505642,-0.122566327421,-0.0177808359427,0.00135646917692,0.000512508556691
0.0036542469907,-0.0751383470235,-0.120189920493,-0.0170683140447,0.00119152289987,0.000502380270389
0.00358348672672,-0.075160656908,-0.12307759764,-0.0171256223735,0.00112215984452,0.000514251560038
0.00351099813737,-0.0751663102354,-0.121869849367,-0.0166123066749,0.000956733314068,0.00050903481857
0.00344208330358,-0.07518312918,-0.12362023489,-0.0165097787974,0.000905771513912,0.000516159795254
0.00337792327452,-0.0751850220445,-0.121838800795,-0.0159689551238,0.000711342645333,0.000508587964803
0.00331508066263,-0.0751883166183,-0.120518016901,-0.0155011835669,0.000567745218456,0.000502940204387
0.00325305091003,-0.0752064172551,-0.122954778361,-0.0155078710992,0.000547831836083,0.000512944861097
0.00317548161036,-0.0752125068618,-0.121968632729,-0.0150141011733,0.000432486420259,0.000508659266278
0.00305659173304,-0.0752299280941,-0.122725963159,-0.0145318724972,0.000470243045335,0.000511521030967
0.00292100479418,-0.0752374674627,-0.120701526426,-0.0136547553337,0.000446726245992,0.000502783939534
0.00275626156257,-0.0752369546899,-0.116099314557,-0.0123944862467,0.000397097249543,0.000483291726984
0.00257254485813,-0.0752648392775,-0.118393379934,-0.0117835411032,0.000554115922351,0.000492444126737
0.00237636443021,-0.0752997960557,-0.122509517471,-0.0112471735443,0.00077197987347,0.000509145160344
0.00216104783383,-0.0753168756807,-0.122126887862,-0.0101893317931,0.000857747327461,0.000507168298612
0.00194535151659,-0.0753230886037,-0.119438720608,-0.00896861948887,0.000847380615611,0.000495680848699
0.00173150879886,-0.075340566565,-0.120058104819,-0.0080185827164,0.000931565984924,0.000497941866045
0.00150731946473,-0.0753602419635,-0.121513320249,-0.00705941890952,0.00102801646595,0.000503684405121
0.00127297111209,-0.0753666614965,-0.119988853857,-0.00588575901788,0.00102095334486,0.000497125286077
0.0010400920657,-0.0753829874528,-0.121491087534,-0.00486605729315,0.00108833535075,0.000503132767801
0.000802758698476,-0.0753867634599,-0.120311008174,-0.00371878147146,0.00105534679601,0.000498088935812
0.000571748423081,-0.0754075144209,-0.123980881203,-0.00272710767214,0.00115858030402,0.000513138686327
0.000320240435505,-0.0754105065074,-0.123610497515,-0.0015227711964,0.00111512333517,0.000511527013266
7.63617531504e-05,-0.0754158695406,-0.124439240492,-0.000365469723648,0.00108655599855,0.000514922529277
-0.00023003890937,-0.0754080111744,-0.122607308355,0.00108516122805,0.00094720502071,0.000507384225988
-0.00049108438802,-0.0753758410474,-0.115307531862,0.00218171722155,0.000630942895008,0.000477302365781
-0.000749188655601,-0.075374301042,-0.116371107143,0.00335936131915,0.000546914242619,0.000481832024359
-0.00102063478275,-0.0754222255091,-0.130671278765,0.00512841699735,0.000828696405877,0.000541159952387
-0.00131285209413,-0.0754338467295,-0.136743068822,0.00689985439291,0.000824817468723,0.000566581402874
-0.00160977842379,-0.0754232639484,-0.138074024996,0.00854662558837,0.000612489502578,0.000572497399302
-0.00190612014194,-0.0754120803693,-0.140063681607,0.010270690576,0.000375872245669,0.000581231368293
-0.00222684008672,-0.0753941380776,-0.14168119999,0.0121465754411,6.46340924631e-05,0.00058857112241
-0.00255929717416,-0.0753640526671,-0.141499037515,0.0139597605137,-0.000356183076827,0.000588583498138
-0.00289259326082,-0.075330001565,-0.141391076526,0.0157882984475,-0.000820365891254,0.000589012502126
-0.0032269679622,-0.075297727119,-0.142804918604,0.0178135230097,-0.00129959450323,0.000595889005841
-0.00355087837232,-0.0752625610146,-0.144199691432,0.0198221464134,-0.00182086294353,0.000602782212913
-0.00386803737318,-0.0752193640185,-0.144347366007,0.0216539779497,-0.00240480812179,0.00060456881164
-0.00417305526276,-0.0751719716671,-0.143941910384,0.0233424157093,-0.00301906097239,0.000604098213433
-0.0044657017514,-0.0751275337435,-0.144632361911,0.0251460956489,-0.00364189980057,0.000608261954382
-0.00474719574961,-0.0750840208197,-0.145865001456,0.0270083147301,-0.00428594162483,0.000614756219056
-0.00501394746555,-0.0750358377165,-0.146023157338,0.0286150332378,-0.00494466808886,0.000616760363732
-0.00526626892801,-0.074984495721,-0.145393665,0.029990693062,-0.00560197444549,0.000615446740221
-0.005506734744,-0.0749369177216,-0.145683845204,0.0314861304544,-0.00626578002735,0.00061801765094
-0.00574023662387,-0.0748926434201,-0.146949265087,0.0331684341019,-0.00695688459391,0.000624752774693
-0.00596592869112,-0.0748450117061,-0.147497135905,0.0346711831335,-0.00765337883658,0.000628480680417
-0.00618109705346,-0.0747845276944,-0.144879467898,0.035375825803,-0.00828276472893,0.000618742744034
-0.00638943244555,-0.0747121087674,-0.139508620516,0.0353228847557,-0.0088115233339,0.00059722498666
-0.00659507474884,-0.0746570866022,-0.138540342936,0.0362924321232,-0.00945001985188,0.000594460576314
-0.00681884481298,-0.0746165561815,-0.142496201528,0.0386615527829,-0.0103463533493,0.000612955986269
-0.00705131007391,-0.0745556226668,-0.142686411461,0.0401378264938,-0.0111729345813,0.000615488415372
-0.00729337218526,-0.0744730028689,-0.138995501734,0.0405868436398,-0.0118727442535,0.000601449713155
-0.00756587608097,-0.0743805240815,-0.135702292639,0.0412709473899,-0.0126782949964,0.000589348002009
-0.00784358360064,-0.0743002025262,-0.136313080069,0.043127807227,-0.0137506252147,0.000594229542441
-0.00811182149604,-0.074214712856,-0.135808469944,0.0446030340872,-0.0147634729032,0.000594297191213
-0.00836993793922,-0.0741134575733,-0.131717944856,0.0448349094951,-0.0154844382931,0.000578683874861
-0.0086418955106,-0.0740134005774,-0.129659765626,0.045769013189,-0.0164141411973,0.000572072441332
-0.0089545647735,-0.0739010551196,-0.12883242393,0.0473556608477,-0.0176362818586,0.000571297200868
-0.00927892128346,-0.0737837462694,-0.128839417621,0.0493282126749,-0.0190433515199,0.000574444036657
-0.00959753008512,-0.0736527609328,-0.126447844529,0.0503675795459,-0.0202061743593,0.000567002564564
-0.00991785364838,-0.0734901394828,-0.118510248022,0.0491398355642,-0.0206396895902,0.000534749216071
-0.0102428700029,-0.0733484007687,-0.116593466548,0.0502490967951,-0.0218576008597,0.000529452003261
-0.0105777822152,-0.0732343054979,-0.122414008187,0.0547614829927,-0.0243933829645,0.000559460406855
-0.0109022782491,-0.0730980275081,-0.123694740794,0.0573854933466,-0.026317678023,0.000569128255053
-0.0112100356072,-0.0729305485896,-0.118107808484,0.0567764855344,-0.0269997535801,0.000547277343472
-0.0115229386485,-0.0727604054156,-0.11359288964,0.0565746292312,-0.0278360461709,0.000530284288513
-0.011841830806,-0.0726251449954,-0.117642893508,0.0605903369697,-0.0305104982438,0.000553217926107
-0.0121473682451,-0.0724915956634,-0.121615604234,0.0646524362616,-0.0332829971197,0.000576067645771
-0.0124219463287,-0.0723237669888,-0.116752396873,0.0639764606743,-0.0339247670425,0.000557151655526
-0.012686595769,-0.0721593521832,-0.112429344069,0.0634156480377,-0.0345658646377,0.000540509187825
-0.0129584067385,-0.072020251901,-0.114394727774,0.0663451657695,-0.0369195110941,0.000554006097548
-0.0132217945098,-0.0718851269084,-0.116914982696,0.0696347763901,-0.0395055412627,0.000570353290683
-0.0134643322714,-0.0717272200683,-0.113763971414,0.0695335205994,-0.0403849128177,0.000559133859919
-0.0136982639318,-0.071551867969,-0.107298746695,0.0673002375116,-0.0401083827788,0.000531480870996
-0.0139413854125,-0.0714044781661,-0.107488848307,0.0691161679494,-0.0419967395375,0.000536510394247
-0.0141908884056,-0.0712813336867,-0.113178364388,0.0745265734277,-0.0459383216649,0.000569150948428
-0.014426027727,-0.0711330945677,-0.113515553017,0.0765517715993,-0.0480642304261,0.000575337619842
-0.0146413868185,-0.0709605514299,-0.108174731418,0.0746898024916,-0.0479464811356,0.000552724965635
-0.0148813610039,-0.070797717083,-0.107842677401,0.0763097999205,-0.049924410866,0.00055579196926
-0.0151763989376,-0.070631309097,-0.113755993373,0.0827864819255,-0.0550883584218,0.000592209829375
-0.015467052137,-0.0704358195889,-0.115276769903,0.0863661794164,-0.058664825641,0.000606705213673
-0.0157291547523,-0.0702018299589,-0.108440474329,0.0836445166255,-0.0583041365288,0.000577314176849
-0.0159995256982,-0.0699741615733,-0.104550567256,0.0830282912787,-0.0592525344064,0.000563239552523
-0.0162895968796,-0.0697748418055,-0.108089606357,0.0883282634691,-0.0641991221202,0.000589277015749
-0.0165697866353,-0.0695447866402,-0.106823705029,0.0899097936826,-0.0667816209695,0.000589881953212
-0.0168265474636,-0.069288831014,-0.100141184413,0.0868101834752,-0.0660815583078,0.000560406913597
-0.0170935577725,-0.0690563267976,-0.098924581304,0.0882524034892,-0.068570337219,0.000561009050409
-0.0173697696717,-0.0688344866614,-0.101068407864,0.092772116084,-0.0734090335596,0.000580990530587
-0.0176259273987,-0.0686057127801,-0.10073817679,0.0950673524449,-0.0766613210618,0.000587035448002
-0.0178581033607,-0.0683650917604,-0.0968899607613,0.0939459032198,-0.0773011428869,0.000572434716595
-0.0180883031706,-0.0681330774604,-0.0946903700964,0.0942761974651,-0.0790313241445,0.000567205090035
-0.0183244220035,-0.0679088370197,-0.0948397829639,0.0969436179714,-0.0826667060251,0.000576119189479
-0.018553916794,-0.0676623244606,-0.0922729844535,0.0969385230662,-0.0842379517369,0.000569003887007
-0.0187758287677,-0.06741202726,-0.0891684917825,0.0962700318742,-0.0852460044105,0.000558368904158
-0.019001583528,-0.067177241579,-0.0889701866633,0.0986442106254,-0.0888170529058,0.000565692787894
-0.0192235855357,-0.0669479236922,-0.0895507486422,0.101914666586,-0.0932212562322,0.000578169498413
-0.0194265229649,-0.0667149234486,-0.0881448977578,0.102904970344,-0.0956627376757,0.000577877313865
-0.0196156510708,-0.0664783615502,-0.085398619168,0.102240691549,-0.096617929191,0.000568601802985
-0.0198057268022,-0.0662594053498,-0.0850723715934,0.104340550898,-0.100037377876,0.000575039194025
-0.0199924550411,-0.0660530103252,-0.086032905839,0.10799973533,-0.104915245734,0.000590172813136
-0.0201600890023,-0.0658360455629,-0.0842774531126,0.108278312375,-0.106691348221,0.000586888475156
-0.0203152683376,-0.0656182887111,-0.0815243196739,0.107158518911,-0.107105709518,0.000576332433381
-0.0204752355795,-0.0654184083455,-0.0813076183647,0.109241039713,-0.110551329698,0.000583274337319
-0.0206338921417,-0.0652317618043,-0.0824130087006,0.113077134288,-0.115718499099,0.000599664133038
-0.0207727087527,-0.0650426331367,-0.0814400540871,0.114046462091,-0.118080444873,0.000600964891
-0.0208956035688,-0.064846736763,-0.0785124425216,0.112207106751,-0.117623205024,0.000587665746472
-0.0210241781731,-0.0646646368053,-0.0776108658646,0.113127491519,-0.119896480445,0.000589058052956
-0.0211569353092,-0.0644938226963,-0.0782736461622,0.116302251866,-0.124481193322,0.000602255337977
-0.0212771668393,-0.0643215523291,-0.0777179109891,0.117675434677,-0.127232017594,0.000606175571471
-0.0213819522879,-0.0641394708605,-0.0750619992846,0.115847410546,-0.126649655682,0.000593713751369
-0.0214907813721,-0.0639384999783,-0.071743797268,0.113076383946,-0.125126853818,0.000576368257098
-0.0216181327938,-0.0637434730804,-0.071036566577,0.114399507356,-0.127991035366,0.000579933476033
-0.0217524446648,-0.0635464096143,-0.0711396878304,0.117139723321,-0.132477057931,0.000590584085901
-0.0218802966037,-0.0633036126092,-0.0678718245896,0.114710928461,-0.131539710763,0.000574825732865
-0.0220169048693,-0.0630496535125,-0.0651926170881,0.113288211814,-0.131750795648,0.000564165432884
-0.0221717776916,-0.0628067702997,-0.0653558061868,0.116796725436,-0.137554734449,0.000578110186677
-0.022331484259,-0.0625394138534,-0.0648715890956,0.119561439026,-0.142769576535,0.000588039216729
-0.0224770138136,-0.0622560443978,-0.0625759828549,0.119113379561,-0.144370468793,0.000582173424046
-0.0226164729423,-0.0619744035813,-0.0602885503789,0.118550286064,-0.145809110268,0.000575970412396
-0.022762857792,-0.0616991698898,-0.0593747491733,0.120648091519,-0.150449057359,0.000582807368011
-0.0229090930461,-0.0614417286953,-0.0596452871723,0.125097816193,-0.157952198741,0.000601124497068
-0.0230356666312,-0.0611927811651,-0.0588865194277,0.127348092424,-0.162771814934,0.000609009893724
-0.0231418300048,-0.0609512841852,-0.0570219144185,0.127028123513,-0.164341534138,0.000604835356938
-0.0232431175922,-0.0607238377342,-0.0556288291946,0.1275149544,-0.166835124518,0.000604732886598
-0.0233466129812,-0.0605144952444,-0.0553652146224,0.130409726146,-0.172332690682,0.000616208716756
-0.0234404744882,-0.0603165978865,-0.0549402562476,0.132821971855,-0.177184514975,0.00062552710871
-0.0235164473268,-0.0601259592859,-0.0535492598872,0.13273541073,-0.178736226277,0.000623244362777
-0.0235866109204,-0.0599458532638,-0.0522553041672,0.13267320844,-0.180235976407,0.000621239650928
-0.0236726114066,-0.0597799335161,-0.0527577762096,0.137105733743,-0.187665963469,0.000640316400628
-0.0237656286547,-0.0596204903419,-0.0540371520119,0.143716362222,-0.198079473788,0.000669501111011
-0.0238286648715,-0.0594581298702,-0.0531001020936,0.144475740093,-0.200680687944,0.000671496220429
-0.0238684403806,-0.059298860093,-0.0507280180697,0.14108122101,-0.197566777294,0.000654370607382
-0.023921836653,-0.0591544033136,-0.0498847844125,0.141663645084,-0.199759561177,0.000655804803366
-0.0239898792725,-0.0590248800174,-0.0505500810462,0.146417303545,-0.207639488204,0.000676584408084
-0.0240454645881,-0.0588990530474,-0.0505047689282,0.14910572751,-0.212674391876,0.000687865053073
-0.024077866918,-0.058774039264,-0.0489930132366,0.147334005158,-0.211470862724,0.000678683090187
-0.024107844714,-0.0586573085905,-0.047627953689,0.145754565988,-0.210434375678,0.000670496543733
-0.0241514259982,-0.058553576359,-0.0475446441668,0.147900609325,-0.214559190357,0.000679501436251
-0.0241939859974,-0.0584576275027,-0.0476240872267,0.150449191849,-0.219216216083,0.000690402272221
-0.0242214536045,-0.0583638132663,-0.0468340685287,0.150153683495,-0.219804110779,0.000688323206317
-0.0242416625333,-0.0582751775603,-0.0457641031086,0.148780826362,-0.218785968251,0.000681385007145
-0.0242687402743,-0.058194893322,-0.0453570829998,0.149398805841,-0.220556072411,0.000683608114866
-0.0242998320898,-0.058121781591,-0.0453864572074,0.151340956802,-0.224189393868,0.000691921621265
-0.0243227330168,-0.0580518562193,-0.0450134451924,0.151850991232,-0.225724342192,0.000693735180528
-0.0243374264493,-0.0579847861191,-0.0442398023968,0.150892778002,-0.225089508232,0.000688895037702
-0.0243547860086,-0.0579238272018,-0.0437869247788,0.150886258288,-0.225783490347,0.000688437587095
-0.0243761983743,-0.0578683685165,-0.0437097540564,0.15207393982,-0.228182045465,0.000693451113631
-0.0243940489705,-0.0578106748591,-0.0433795510453,0.152429325282,-0.229385149738,0.000694668158281
-0.0244062531556,-0.0577192777641,-0.0419602416521,0.149710269289,-0.226368853303,0.000681704530189
-0.0244288507696,-0.0576001415699,-0.0405444028285,0.14764243214,-0.224551607352,0.000671544852677
-0.0244757735586,-0.0574654231724,-0.0401746744896,0.149887718066,-0.229328916295,0.000680859320203
-0.024549235835,-0.0572698513757,-0.0399545002212,0.154566392812,-0.238440407017,0.000700795139833
-0.0246188696175,-0.0570424285309,-0.0389218972318,0.15719181598,-0.244876111158,0.000711258841435
-0.0246726042124,-0.0568006774186,-0.0369217639908,0.156278149402,-0.246096519464,0.000705739278333
-0.024740071592,-0.0565196819564,-0.0350143056528,0.156948922246,-0.250187433062,0.000707233368464
-0.0248184425768,-0.0562288127226,-0.0335675114925,0.160236158528,-0.258569429033,0.000720514229181
-0.0248867182871,-0.0559274191649,-0.0316318657094,0.161755346848,-0.26439239531,0.000725897985868
-0.0249446140463,-0.0556159523935,-0.0292840394165,0.161523048046,-0.267576107911,0.000723517888946
-0.0250007441311,-0.0552913839177,-0.0268681194115,0.161338553342,-0.271009736407,0.000721440774959
-0.0250624121141,-0.0549379515763,-0.0244389151359,0.162358517483,-0.276809889471,0.000724781612073
-0.0251255100469,-0.0545884434157,-0.0222304313066,0.164964030058,-0.285346954368,0.000735340815617
-0.0251819552165,-0.0542533831376,-0.0200730462837,0.167659724407,-0.294040527435,0.000746470361765
-0.0252257331905,-0.0539249882808,-0.017738150688,0.168814782647,-0.300144298111,0.000750900954941
-0.0252589052751,-0.0536126862299,-0.0154123628393,0.169001004359,-0.30444023639,0.000751194636531
-0.025297214125,-0.0533190287269,-0.0134084265014,0.171536189639,-0.312746421015,0.00076205401287
-0.0253366468948,-0.0530424423664,-0.0115612924275,0.175376677966,-0.323331738219,0.000778818733475
-0.0253612929424,-0.0527818681856,-0.00962785040999,0.176921027655,-0.329707637459,0.000785509839625
-0.0253774746187,-0.0525342569191,-0.00771671669922,0.177388079179,-0.334016856391,0.000787519204324
-0.0253920992594,-0.0523019035307,-0.00592834165117,0.17821050998,-0.338823751149,0.00079118332795
-0.0254044746141,-0.0520874510049,-0.00426835805961,0.179159881171,-0.343673118649,0.000795474858216
-0.0254129505866,-0.051888812568,-0.00271081095543,0.179760864678,-0.347692123186,0.000798273348665
-0.0254196453794,-0.0517005688979,-0.001232174641,0.180267510338,-0.351271349539,0.000800679179827
-0.0254249060853,-0.0515056204796,0.000282115974676,0.180414489701,-0.353779050869,0.000801483848325
-0.0254286032352,-0.0513066759744,0.00180137997033,0.180192293692,-0.355136259496,0.000800642420596
-0.0254319118182,-0.0510989406042,0.00336422230175,0.17993221766,-0.356130389001,0.000799644858172
-0.0254368073391,-0.0508615682691,0.00514495847864,0.180135816152,-0.357996685577,0.000800760553579
-0.0254424877149,-0.0506172243451,0.00698428301748,0.180778324895,-0.360513927901,0.000803870466467
-0.0254447234177,-0.0503794567812,0.00875438099264,0.180975770881,-0.36189547747,0.000805037739921
-0.0254442092064,-0.0501495783146,0.0104427332161,0.180867230406,-0.362442203455,0.000804875428046
-0.0254509917762,-0.0499201636901,0.0122489857087,0.182728684733,-0.366815213691,0.000813525489301
-0.0254669121679,-0.049702528234,0.014154126953,0.18683126572,-0.375419705797,0.000832168223001
-0.0254698374672,-0.04949121763,0.0158828890255,0.188450948553,-0.379148200452,0.00083982883638
-0.0254561216001,-0.0492785054333,0.0173782278748,0.186906796701,-0.376782825968,0.000833491124776
-0.0254455137939,-0.049062729139,0.0189760086561,0.186426045727,-0.376524055418,0.000831947461503
-0.0254441622468,-0.0488401865347,0.0208800863379,0.188403391169,-0.381173259497,0.000841441425644
-0.0254405303039,-0.0486090558052,0.0228950263568,0.190414660708,-0.385984813219,0.000851201027474
-0.0254284052147,-0.0483680334231,0.0248944615696,0.191270321366,-0.388733449027,0.000855947164592
-0.0254164448335,-0.0480972128397,0.0273252588099,0.193305336528,-0.394245658189,0.000866216630938
-0.0253987107325,-0.0478222071742,0.0297501109899,0.194730088963,-0.398562272425,0.000873892419389
-0.0253695088538,-0.047557118822,0.0317890558997,0.193996180538,-0.398414493666,0.000871942575646
-0.0253373313966,-0.0472961562426,0.0337420698721,0.193024754301,-0.397677392747,0.000868977646113
-0.0253103694977,-0.0470434805378,0.0358445503617,0.193391219828,-0.399446569702,0.000872043009069
-0.0252851483342,-0.0468041125691,0.0379208299959,0.194161604622,-0.401828481093,0.000876919262546
-0.0252557180816,-0.0465761094554,0.0397631100279,0.194117059821,-0.402461891112,0.000878127900134
-0.0252233878394,-0.0463588910692,0.0414081177119,0.193518127111,-0.401898524382,0.000876827253177
-0.0251926238691,-0.046152340174,0.0430305489456,0.193251948931,-0.401922417687,0.000877010641093
-0.0251642236187,-0.0459561314672,0.0446702295952,0.193448635563,-0.402809653435,0.000879269148901
-0.0251357385831,-0.0457754610806,0.0461171098986,0.193341936703,-0.402944932442,0.000880081380277
-0.0251064724422,-0.0456085682813,0.0473522918254,0.192812318166,-0.402130262239,0.000878905782352
-0.0250788106727,-0.0454515910977,0.0485495390361,0.192474449946,-0.401671101573,0.000878558518162
-0.0250535919562,-0.0453055144488,0.0497254826143,0.192418510588,-0.401732363756,0.000879437240821
-0.0250292287312,-0.0451685758291,0.0508298508482,0.192363640206,-0.401779050542,0.000880277577714
-0.0250048466487,-0.0450404799444,0.0518141602281,0.192113640642,-0.401415596628,0.000880181379644
-0.024981041237,-0.0449198570879,0.0527292818736,0.191828949116,-0.400984832984,0.00087988762138
-0.0249586002405,-0.0448049226158,0.053648965094,0.191730181926,-0.400951533604,0.000880418553261
-0.0249370857472,-0.0446954563772,0.0545497512465,0.191716801603,-0.401106312046,0.0008813148822
-0.0249155987431,-0.0445914854237,0.0553748824319,0.191583113329,-0.401020533056,0.000881630586978
-0.0248942648546,-0.0444927723443,0.056132164447,0.191355302104,-0.400752454527,0.000881484424832
-0.0248739050934,-0.0444007754237,0.0568256680222,0.19110286797,-0.400401699135,0.000881173461835
-0.0248544786112,-0.0443079080951,0.0576352848083,0.191208038974,-0.400883484045,0.00088253960391
-0.0248354082579,-0.0442117671621,0.0585840032453,0.191664176034,-0.402197996379,0.000885581734953
-0.02481410762,-0.0441163118491,0.0594239258229,0.191741526547,-0.402796181162,0.000886899021041
-0.0247908362083,-0.0440210338331,0.0601734503961,0.191505798605,-0.402793555034,0.000886791713939
-0.0247674956718,-0.0439235019293,0.0610098899313,0.191477511876,-0.403294795866,0.000887687539431
-0.0247448029978,-0.0438197937733,0.0620792052427,0.1920066912,-0.405055946934,0.000891252695991
-0.0247202109961,-0.043719630388,0.0629663933391,0.192036334079,-0.405738584395,0.000892486572511
-0.0246935652706,-0.0436233020639,0.0636479636025,0.191520416239,-0.405249381251,0.000891164177805
-0.0246682276324,-0.0435292956769,0.0643711788967,0.191207416452,-0.40513760125,0.000890763833628
-0.0246449049464,-0.0434291303484,0.0654312665279,0.191744743901,-0.406910414441,0.000894406524895
-0.0246199232347,-0.0433016940366,0.0672253359474,0.193678026555,-0.412098076094,0.000904932166122
-0.0245876766866,-0.0431631972359,0.0689256993249,0.194938540211,-0.416090349818,0.000912531157972
-0.0245441156015,-0.0430150140174,0.0702304074238,0.194706045115,-0.417190158284,0.000913358166403
-0.0244973630913,-0.0428458895794,0.0720310547689,0.195295431949,-0.42032943763,0.000918358411238
-0.0244493770195,-0.0426771089069,0.0737946178638,0.195761382597,-0.423084068489,0.000922823629084
-0.024397759581,-0.0425140759698,0.0751758554773,0.195311467501,-0.423727135825,0.000922951392409
-0.0243458900709,-0.0423549813713,0.0764621902004,0.194719385383,-0.423916943552,0.000922380706913
-0.0242962031491,-0.0421878887491,0.0782678675923,0.195276928904,-0.426668786175,0.000927396669142
-0.0242457445871,-0.0419942104868,0.0811017150202,0.197716393545,-0.433956359984,0.00094182200518
-0.024186238585,-0.0417942601231,0.0836347202083,0.19909913922,-0.439117762836,0.000951475650473
-0.0241155777811,-0.0416042606318,0.0850637684502,0.197941336493,-0.438649644959,0.000948983681295
-0.0240439140183,-0.0414139271237,0.0865338576705,0.196892692837,-0.438373752872,0.000947059577139
-0.0239779412233,-0.0412272725471,0.0884044207811,0.196893373458,-0.44019866164,0.000950132443799
-0.0239144214601,-0.0410486932238,0.0902476627854,0.197001965812,-0.442058106552,0.000953645717423
-0.0238501978165,-0.0408790550574,0.0917640750841,0.196556586945,-0.442538819006,0.000954397099202
-0.0237860415844,-0.0407115924427,0.0933163968496,0.196221364816,-0.443277109356,0.000955702233472
-0.0237233094012,-0.0405297981235,0.0957957848155,0.197525081593,-0.447999344179,0.000965302776274
-0.0236578701976,-0.0403476584637,0.0982214170223,0.198618045862,-0.452322827301,0.000974010611624
-0.0235851264368,-0.0401727821985,0.0998278888899,0.19808709824,-0.452992000019,0.000974774496852
-0.0235103466663,-0.0400019565966,0.101186203149,0.197124004078,-0.4526420183,0.000973404151133
-0.0234388877674,-0.0398355041621,0.102738068196,0.196651722146,-0.453298755758,0.000974395758827
-0.0233709063106,-0.0396699559687,0.104679748129,0.196956274231,-0.455686258557,0.000979252231842
-0.0233030711785,-0.0395127217978,0.106321693884,0.196822120123,-0.45694277755,0.000981841032349
-0.0232342650064,-0.0393674593663,0.107342515435,0.195735434479,-0.455842114263,0.000979507993026
-0.0231684936711,-0.039231418555,0.108233175486,0.19460888785,-0.454490187812,0.000976797685672
-0.0231078058603,-0.0390922721881,0.109884753484,0.194835470354,-0.456343525251,0.000980932824448
-0.0230495112442,-0.0389507222333,0.112021133762,0.195867025888,-0.460149853416,0.000989217721898
-0.0229872331769,-0.0388164097599,0.113488992329,0.195779127372,-0.461357866639,0.000991821601428
-0.0229218466108,-0.0386884574422,0.114392582667,0.194787613153,-0.46044408367,0.000989793612615
-0.0228588504772,-0.0385663724101,0.115258892335,0.193856212519,-0.45957616642,0.000987950229585
-0.0228007619308,-0.0384453674536,0.116616763959,0.193810441624,-0.460745234058,0.000990576702675
-0.0227451749353,-0.0383288266472,0.118024589519,0.193926435612,-0.462222956168,0.000993955897896
-0.0226889202796,-0.0382187761562,0.119046088095,0.193491107384,-0.462352066355,0.000994423486364
-0.0226330595228,-0.0381115809443,0.120009497257,0.193003377239,-0.462368178372,0.000994588666516
-0.0225795945981,-0.0380084384718,0.121019799263,0.192670343798,-0.462695427628,0.000995466395215
-0.0225280139686,-0.037911240644,0.121889979031,0.192217905951,-0.462643212684,0.000995604622958
-0.0224784226467,-0.037820376322,0.122597724991,0.191620832821,-0.46215165238,0.000994856337068
-0.0224313146471,-0.0377320812886,0.123443418935,0.191296927478,-0.46229025709,0.000995462242876
-0.0223866201374,-0.0376458146465,0.124453021284,0.191271785979,-0.463126607194,0.000997574705223
-0.0223426729662,-0.0375656692007,0.12517278676,0.190891064682,-0.463042000805,0.00099771521879
-0.0222995452248,-0.0374911456293,0.125634953128,0.190205211804,-0.462162722124,0.000996143698201
-0.0222594144078,-0.0374204870472,0.126175191503,0.189720251596,-0.461706808949,0.000995513690982
-0.0222223355433,-0.0373526081074,0.126870096782,0.189532609903,-0.461919134674,0.00099635779738
-0.0221870395545,-0.0372884504365,0.127522993728,0.189346431829,-0.462092489483,0.000997121302953
-0.022152526427,-0.0372266740854,0.128130849296,0.189128496097,-0.462197873878,0.000997671885252
-0.0221190524241,-0.0371669256136,0.128740353739,0.188945993539,-0.462393720625,0.0009983661277
-0.0220865053674,-0.0371107921127,0.1292141888,0.18862037492,-0.462203062481,0.000998223230213
-0.0220552442605,-0.0370580940328,0.129598112694,0.188221281762,-0.461791883613,0.000997606737706
-0.0220260785595,-0.0370081657099,0.130021513491,0.187935197784,-0.461613947476,0.000997507072828
-0.0219987950984,-0.0369606649151,0.130484899379,0.187755026151,-0.461658817764,0.000997898205132
-0.0219726892299,-0.0369157229298,0.130903594198,0.187553660363,-0.461623862992,0.000998111824008
-0.0219475672843,-0.0368735190807,0.131242853943,0.187282389251,-0.461392202108,0.000997886086104
-0.0219237922512,-0.0368337670831,0.131559891284,0.187022867444,-0.461163268034,0.000997655803168
-0.0219014342107,-0.0367958750604,0.131903125214,0.18683673886,-0.461091313589,0.000997761389718
-0.0218803723556,-0.0367600775249,0.132241623785,0.186681591476,-0.461072299754,0.000997973325788
-0.0218601802166,-0.0367262470804,0.132538093478,0.186499407819,-0.460968813663,0.000997989648612
-0.0218409429927,-0.0366944676895,0.132794394406,0.186294866424,-0.46079164336,0.000997831749495
-0.0218227963585,-0.0366643544201,0.133051926421,0.186122507894,-0.460675745487,0.000997797457915
-0.021805666715,-0.0366356938195,0.133317480815,0.18598833184,-0.460637477534,0.000997924526642
-0.0217894216639,-0.0366087035542,0.133559561032,0.185849911291,-0.460571072859,0.000997982365622
-0.0217738542675,-0.0365830931541,0.133777869463,0.185701314663,-0.460468554532,0.000997948264509
-0.021759127059,-0.0365589629623,0.133981202038,0.185557557486,-0.460363514564,0.000997897840753
-0.0217451985635,-0.0365361051608,0.13417981134,0.185429941364,-0.460285298628,0.000997896746095
-0.0217320795743,-0.0365144588658,0.134378496334,0.185324379455,-0.460247934363,0.000997977971988
-0.0217196447255,-0.0364940806733,0.13455923332,0.185215559122,-0.460190091689,0.000998005614601
-0.0217077793031,-0.0364747934801,0.134722469357,0.185101006579,-0.460107694053,0.000997971493418
-0.0216965823665,-0.0364566042471,0.13487794061,0.184995025994,-0.460035251288,0.000997951173066
-0.0216859916618,-0.03643932008,0.135032978221,0.184904793018,-0.459991875033,0.000997988186622
-0.0216759642663,-0.0364229714677,0.135180359104,0.184820363934,-0.459953210519,0.000998028842731
-0.0216664312529,-0.0364075411509,0.13531367216,0.184732157297,-0.459896317898,0.00099802273555
-0.0216573890165,-0.0363929639743,0.135437176882,0.184645215429,-0.45983402896,0.000997998355753
-0.0216488756164,-0.0363792033627,0.135557506099,0.184568445768,-0.459788261327,0.000998004036772
-0.0216408128247,-0.0363661352683,0.135675340878,0.184500588801,-0.45975708936,0.000998036716869
-0.0216302696653,-0.0363536862091,0.135483406384,0.183997347434,-0.458676251642,0.00099573725074
-0.0216185686982,-0.0363409949456,0.135193199893,0.183347688676,-0.45726230001,0.000992667847395
-0.0216089503689,-0.0363266032049,0.135259587837,0.183179851134,-0.457035125633,0.000992213100028
-0.0216005266429,-0.0363112233445,0.135531943485,0.183289231755,-0.457489895918,0.00099326484423
-0.0215922262096,-0.0362968105405,0.13574197168,0.183327187031,-0.457753102893,0.000993906788232
-0.0215816653879,-0.0362839507977,0.135589518124,0.182875090955,-0.456811618178,0.000991890657817
-0.0215705453312,-0.0362713369264,0.13536194348,0.182320317464,-0.455626655478,0.000989319926514
-0.0215610700302,-0.0362572730336,0.135425399574,0.182155049241,-0.455402756801,0.000988869547384
-0.0215522456882,-0.0362425218686,0.135613971433,0.182155453185,-0.455589095907,0.000989324499774
-0.0215439333201,-0.0362285018114,0.135799955024,0.182165792439,-0.455783734712,0.000989809869091
-0.0215355157052,-0.0362157590854,0.13587437796,0.182041197553,-0.455630025348,0.000989535243332
-0.0215273881898,-0.0362038196431,0.135917879458,0.181887571325,-0.455393705509,0.000989080640645
-0.0215201768287,-0.0361922315737,0.136033417914,0.181842674501,-0.455414776543,0.000989195967465
-0.0215135458806,-0.0361810620995,0.136179383862,0.181848468943,-0.455551815493,0.000989569470292
-0.0215069885054,-0.0361707526262,0.136266387457,0.181786456767,-0.455512213126,0.000989554078858
-0.0214907691351,-0.0361608102165,0.135286746944,0.180222765465,-0.451847222281,0.000981499436409
-0.0214549795317,-0.0361478204727,0.132452989665,0.175991991268,-0.441815884565,0.000959265165939
-0.0214194269072,-0.0361225223679,0.130642426965,0.172994991283,-0.435001119804,0.000943993725851
-0.0213739345515,-0.0360795412124,0.129154040886,0.170162869838,-0.428809375634,0.000930106540025
-0.021289364019,-0.0360248913149,0.124253895713,0.162464500631,-0.410656263416,0.000890291736806
-0.0211888481982,-0.0359483445597,0.119395975701,0.15458271443,-0.39231297711,0.000849934438856
-0.0210870696766,-0.0358377006721,0.117254997137,0.149975112556,-0.382501655738,0.000828080983212
-0.0209902987312,-0.0357009301863,0.11783626642,0.14869743659,-0.381073967504,0.000824953944702
-0.020894636006,-0.0355570369717,0.119269383144,0.148438595754,-0.382258500556,0.000827629281524
-0.0207985214836,-0.0354190537086,0.120278857886,0.147702899411,-0.382141628513,0.000827575720137
-0.0207035038805,-0.0352889320057,0.12083976004,0.146508616693,-0.380712814058,0.000824791582873
-0.0206099030844,-0.0351635514627,0.121270017671,0.145223960735,-0.378991986316,0.000821383984161
-0.0205162206088,-0.0350406802402,0.121608786062,0.143865599124,-0.377089188987,0.000817509583289
-0.0204230116682,-0.0349198660298,0.121943236075,0.142539249979,-0.375255677853,0.0008137628826
-0.0203286497692,-0.0348003964834,0.122133882101,0.141066844562,-0.373014547781,0.000809159026288
-0.0202341859805,-0.0346819839681,0.122346316427,0.13964507838,-0.370912856966,0.000804813922499
-0.0201312601753,-0.0345640342996,0.121654587912,0.137167346332,-0.366055803225,0.000794460076314
-0.0200227237276,-0.0344439263896,0.120654337311,0.134331868525,-0.360296698348,0.000782083822592
-0.0198984744675,-0.034316181423,0.118770909491,0.130408345677,-0.35187260812,0.000763650773686
-0.0197405749778,-0.0341772414424,0.11430903421,0.123476533624,-0.335721040572,0.00072806251345
-0.0195975075162,-0.0340160332397,0.11400655786,0.121089753616,-0.331786380814,0.000719213290129
-0.0194773704684,-0.0338369950089,0.118439489747,0.123721389357,-0.341452805241,0.000740276208894
-0.0193427233764,-0.0336710345293,0.120100384586,0.123394519158,-0.343074355764,0.000743837371674
-0.01919545031,-0.0335252945992,0.118375702146,0.119687639182,-0.335246480808,0.000726782094792
-0.0190591811644,-0.0333798830086,0.118102699603,0.117585042624,-0.331688680164,0.000719138834254
-0.0189410593584,-0.0332260540494,0.121099147911,0.118786472768,-0.337291284384,0.000731622098671
-0.0188255319051,-0.0330805123947,0.123703068364,0.119624880162,-0.341812928382,0.000741841439532
-0.0187025907207,-0.0329536959958,0.12351687372,0.117834487757,-0.338779025248,0.000735569926274
-0.0185816438945,-0.0328346164331,0.122856423507,0.115685972666,-0.334613788272,0.000726803534879
-0.0184735739259,-0.0327119892412,0.124293438283,0.11558146825,-0.336227904853,0.000730705106894
-0.0183730720674,-0.0325903610116,0.126676462159,0.116386319705,-0.340422468471,0.000740294425715
-0.0182664108299,-0.0324807327614,0.127073358978,0.115388879172,-0.339365876548,0.000738360887016
-0.0181562149789,-0.0323810403532,0.126008597961,0.113124160879,-0.334552392282,0.000728135938626
-0.0180511144366,-0.032278575014,0.12602404129,0.111867833116,-0.3326718838,0.000724300714095
-0.0179504088103,-0.0321709723043,0.127383070867,0.111797487801,-0.334386478152,0.000728194369648
-0.0178514205379,-0.032067169106,0.128618010898,0.111639962499,-0.33581649588,0.000731466282711
-0.0177526538016,-0.0319718862133,0.128924323823,0.110727168325,-0.334894408733,0.000729627694166
-0.0176515644527,-0.0318816230552,0.128429203448,0.109154186867,-0.33194151521,0.000723353773415
-0.0175500529386,-0.0317903146011,0.128150808301,0.107773245884,-0.329590594206,0.000718343358221
-0.0174384037668,-0.0316948522411,0.127380472016,0.105911181949,-0.325956697693,0.000710388515488
-0.0173119554008,-0.0315957758775,0.125509170011,0.103060871753,-0.319475810884,0.000696092579861
-0.0171943531126,-0.0314874014405,0.126059572573,0.102229915161,-0.319166860614,0.000695357916819
-0.0170836888923,-0.0313726863489,0.128432190861,0.102870933474,-0.323420666243,0.000704693924526
-0.0169670867837,-0.0312678927063,0.128931826759,0.102014820467,-0.322977552415,0.000703777722718
-0.0168466088089,-0.0311725044198,0.127843523915,0.0999463970911,-0.318636980958,0.000694337668937
-0.0167299725084,-0.0310749431131,0.127655272419,0.0986169064013,-0.316586183091,0.000689915514499
-0.0166235348028,-0.0309719501447,0.129557817174,0.0989328788846,-0.319721906585,0.000696913811575
-0.016519966534,-0.0308736537805,0.131271885712,0.0991264423643,-0.322401532774,0.000702980860905
-0.0164139126903,-0.0307881086659,0.131014151835,0.0978778315508,-0.320313663768,0.000698630678935
-0.0163106780354,-0.0307072340124,0.130534052147,0.096517122372,-0.31776059669,0.000693263342065
-0.0162158599776,-0.0306232465412,0.131593369774,0.0963334007877,-0.318990490456,0.000696204560868
-0.0161261579952,-0.0305405249416,0.133170637061,0.0965544944704,-0.321498530383,0.000701975750215
-0.0160358972076,-0.030465929133,0.133596919104,0.0959698778063,-0.321278004379,0.000701767922488
-0.0159465034661,-0.0303983313601,0.133186251382,0.094828073731,-0.319118881819,0.000697293298741
-0.0158544091976,-0.0303301586992,0.132668812419,0.093601465401,-0.316740196944,0.000692245730848
-0.015760697405,-0.0302580316607,0.132720864527,0.092754458744,-0.315779723932,0.00069012112933
-0.0156699024883,-0.0301837372636,0.133546437852,0.0924552081425,-0.316681040957,0.000692054729922
-0.0155806662071,-0.0301118877257,0.134265764221,0.0920993972615,-0.317340755428,0.00069349701175
-0.0154922507026,-0.0300451254107,0.134378523551,0.091356332648,-0.316592596128,0.000691893861044
-0.0154053310353,-0.0299811051755,0.134321018291,0.0905234504628,-0.315475163672,0.000689494218899
-0.015320697436,-0.0299168912319,0.134637469361,0.0899583991563,-0.315258040445,0.000689068919099
-0.0152385851725,-0.0298531739015,0.135241318369,0.0896019276925,-0.315731788941,0.00069017049449
-0.0151579537475,-0.0297921090709,0.1356689531,0.0891479178946,-0.315813742533,0.000690432985993
-0.0150778589621,-0.0297342583426,0.135730202317,0.0884713448887,-0.315077205365,0.000688885912745
-0.0149974014569,-0.0296778097522,0.13561795109,0.0876888526248,-0.313973672671,0.000686484244913
-0.0149163476694,-0.0296207921853,0.135618722306,0.0869771706186,-0.313154258065,0.000684657649903
-0.0148347061952,-0.0295629557711,0.135773063325,0.086359536037,-0.312705223236,0.000683604292681
-0.0147526447493,-0.0295052817221,0.135934669091,0.0857467438572,-0.312283961751,0.000682597464772
-0.0146701149758,-0.0294484389071,0.135986658147,0.0850681115091,-0.311622279979,0.000681057605868
-0.0145871058908,-0.0293919982796,0.135997407717,0.084365855236,-0.310876306898,0.000679326086341
-0.014503550911,-0.0293354615649,0.136043290514,0.0836851296682,-0.310219555476,0.000677779025974
-0.014419433085,-0.0292788059548,0.136126943343,0.0830268434606,-0.30965643454,0.000676427915584
-0.0143348442455,-0.0292222767113,0.136216399167,0.0823726898384,-0.309112633377,0.000675117032386
-0.014249756586,-0.029166051841,0.136278770901,0.0817033849928,-0.308513277907,0.000673684759411
-0.014164155868,-0.029110065475,0.136324326108,0.0810250786175,-0.307881961615,0.000672181894822
-0.0140776919588,-0.0290541067339,0.136358900806,0.0803383720016,-0.307237158976,0.000670629777316
-0.0139903322608,-0.028998142965,0.136385919021,0.0796451534298,-0.30658627641,0.000669045204538
-0.01390242713,-0.0289421183228,0.136445058617,0.0789706239851,-0.306010162771,0.000667628537402
-0.0138139574082,-0.0288861276217,0.136518211313,0.0783041996884,-0.305466959357,0.000666291091539
-0.0137249840322,-0.0288303256128,0.136586043583,0.0776355751126,-0.304913863924,0.000664940301208
-0.0136366517335,-0.0287748960134,0.136715819524,0.0770105896845,-0.30448318562,0.000663923554018
-0.0135512761542,-0.0287204784444,0.136944616026,0.0764673855798,-0.304172556103,0.000663467721939
-0.0134697767388,-0.0286670398258,0.137379906447,0.0760684734013,-0.304233130275,0.000664098030318
-0.013375363032,-0.0286146455275,0.136392898606,0.0748174649284,-0.30114159976,0.000657703542001
-0.0132539267805,-0.0285597265902,0.133207889928,0.0722265833816,-0.293194828981,0.000640397355263
-0.0131312917505,-0.0284910269452,0.132527705238,0.0709690559889,-0.290798647392,0.000635099626212
-0.0130083596151,-0.0284068952805,0.134752533524,0.0712096534,-0.294739304138,0.000643622025601
-0.0128743191744,-0.0283279347024,0.135106280106,0.0704059366762,-0.29456694472,0.000643095309937
-0.0127309833322,-0.0282571427606,0.133227217076,0.0684321312656,-0.289545681023,0.000631939589195
-0.0125658434367,-0.0281807827246,0.130426109488,0.0658925946406,-0.282527140858,0.000616225064233
-0.0123949384077,-0.028088410571,0.130281960828,0.0646496848148,-0.28126201006,0.000613003670537
-0.0121948096305,-0.0279827549435,0.130075899788,0.0631977555135,-0.279780326028,0.000609142370209
-0.0119468843262,-0.0278758109407,0.125973606793,0.0596645738737,-0.269901837976,0.000586668545229
-0.0116961379038,-0.0277539379345,0.124969774789,0.0576241333532,-0.266668978222,0.00057875489995
-0.0114446685075,-0.0276136384548,0.128003344882,0.0573882636003,-0.271957086057,0.000589509406238
-0.0111758430963,-0.0274803175682,0.128728058143,0.0560210244826,-0.272258844692,0.000589507420313
-0.0109067584175,-0.0273598771381,0.127559902181,0.0538866192332,-0.26856236737,0.000581021816251
-0.0106482905345,-0.0272382121421,0.128212055413,0.0525963097814,-0.268703792405,0.000581053732559
-0.0104007128436,-0.0271137412326,0.13099668567,0.0522054435946,-0.273284046283,0.000590875243725
-0.0101581340439,-0.0270011972036,0.13239407705,0.0512824429349,-0.274951402148,0.000594540928419
-0.00991864916599,-0.0269023174647,0.131838466024,0.0496531630626,-0.272597120344,0.000589581141188
-0.00968706961691,-0.0268062020923,0.131917644899,0.0483253501937,-0.271607639673,0.000587627195422
-0.00946420220772,-0.026707764282,0.133715310589,0.047658095681,-0.27418476303,0.000593439521209
-0.00924757204989,-0.0266153916355,0.135245408614,0.046917613249,-0.276230171959,0.000598151297401
-0.00903454114114,-0.0265336019362,0.135306181211,0.0457011859441,-0.275310216516,0.000596462198626
-0.00882705039171,-0.0264572482554,0.135094722786,0.0444406276268,-0.273891732538,0.000593691255398
-0.0086270906017,-0.0263798163342,0.136109794255,0.0436199201634,-0.275004459203,0.000596411008308
-0.00843352849623,-0.026304240415,0.137603972105,0.0429748378091,-0.277111539411,0.000601303977942
-0.00824415841694,-0.0262368022959,0.138029527864,0.0420231613052,-0.277097104141,0.000601601057421
-0.00805924840507,-0.0261759068197,0.137716911775,0.0408856119305,-0.275647041168,0.000598768546551
-0.0078809173061,-0.0261150894335,0.138186499396,0.0400176122838,-0.275807218078,0.000599423147366
-0.00770867443948,-0.0260541994903,0.139410571879,0.0393915894427,-0.277505399168,0.000603414747928
-0.00754060575951,-0.0259984261463,0.140089196021,0.0386325928859,-0.278141144022,0.000605101200411
-0.00737644171881,-0.0259490659241,0.139894538747,0.0376637432662,-0.277077253008,0.000603080462157
-0.00721764014323,-0.025901125829,0.140002379016,0.0368098816817,-0.276653070451,0.000602432101872
-0.00706411962839,-0.0258524323235,0.140862497562,0.0361769050871,-0.277743396572,0.000605075136836
-0.00691491660341,-0.0258065232794,0.141603731781,0.0355332772805,-0.278619755365,0.000607254048773
-0.0067695680633,-0.0257659117543,0.141617310863,0.0347330685302,-0.278090646546,0.000606362711201
-0.00662841755337,-0.0257277981309,0.141532254742,0.0339365747955,-0.277398697471,0.000605100757671
-0.00649209568299,-0.0256890902298,0.142062395491,0.0333113367595,-0.277939858268,0.000606515904059
-0.00636010963069,-0.0256516014025,0.142750265623,0.0327428879731,-0.278809189224,0.000608644550365
-0.00623163206384,-0.0256178700716,0.142957885554,0.0320849147346,-0.278759184255,0.000608763339501
-0.00610671522283,-0.0255871286963,0.142848269793,0.0313792609753,-0.278113579804,0.000607570942726
-0.00598608537044,-0.0255564663474,0.143109696569,0.0307780808152,-0.278214819626,0.000607995820729
-0.00586922733891,-0.0255259947056,0.143671759243,0.0302589977443,-0.278917310562,0.000609730176678
-0.00575571528843,-0.0254980757303,0.143959731349,0.0297003205799,-0.279102513487,0.000610331778251
-0.0056453494231,-0.025472980579,0.14389031232,0.0290878936114,-0.278612053712,0.000609448982059
-0.00553864271878,-0.0254484702251,0.143993352056,0.0285308283214,-0.278475513758,0.000609327939308
-0.00543530306237,-0.0254238226538,0.14440693976,0.0280515023715,-0.278954569203,0.000610547607692
-0.0053350869993,-0.0254006856207,0.144729290071,0.0275705167237,-0.27926977233,0.00061140630338
-0.00523783992928,-0.0253800642555,0.144712563735,0.0270428805684,-0.27894427451,0.000610857459595
-0.00514343100128,-0.0253603069763,0.144723632288,0.0265368424055,-0.278686903419,0.000610449334054
-0.00505199537641,-0.025340324887,0.145012263437,0.0260964993231,-0.278977186439,0.000611233744942
-0.00496357380511,-0.0253211259553,0.145338580101,0.0256780119093,-0.279351273424,0.000612197885327
-0.0048777036537,-0.0253039097019,0.145395331332,0.0252265920653,-0.279217087913,0.000612045735236
-0.00479208978121,-0.0252878522298,0.145277720197,0.0247481259365,-0.278763686671,0.00061116768011
-0.00470701622411,-0.0252715107995,0.145330941819,0.0243019428573,-0.278653229106,0.000611017194607
-0.00460412821068,-0.0252538164474,0.145097045893,0.0237152246184,-0.278030482716,0.000609584320283
-0.00448003436331,-0.0252356846263,0.144284896296,0.0229291357585,-0.276344326411,0.000605640696126
-0.00435387049961,-0.0252139531099,0.144374646489,0.0222767475925,-0.276389826925,0.000605491777512
-0.00422729730821,-0.0251895659767,0.145195825456,0.0217299294217,-0.277820219734,0.000608423203925
-0.0040995036773,-0.0251686662223,0.145281814639,0.0210671644944,-0.277826721662,0.000608284792744
-0.00397328047875,-0.025150885162,0.144817413159,0.0203383416815,-0.276766090212,0.000605867783464
-0.00384925936293,-0.0251319344039,0.144837472465,0.0196909690965,-0.276628030596,0.00060550376272
-0.00372797250655,-0.0251111729094,0.145503568009,0.0191420771296,-0.277718190069,0.000607864519191
-0.0036086366647,-0.0250926534241,0.145828037207,0.018556800688,-0.278149328016,0.000608817650339
-0.00349263071295,-0.0250776793502,0.145538257933,0.0179139205332,-0.277403782071,0.000607232239602
-0.00338044421196,-0.0250628023757,0.145459615852,0.0173189662811,-0.277063453166,0.000606554392946
-0.00324669666985,-0.0250453327532,0.145550037432,0.0166321129532,-0.277093364138,0.000606522477065
-0.003059876464,-0.0250271080612,0.144676312506,0.0155683531839,-0.275396229138,0.000602326569676
-0.0028515539243,-0.0250073312595,0.143994116409,0.0144271064818,-0.274109301933,0.00059890595989
-0.00263829872206,-0.0249817553194,0.14494500009,0.0134212517673,-0.275919212435,0.000602309739579
-0.00241496585992,-0.0249571335368,0.145842665101,0.0123479658589,-0.27761267809,0.000605508476639
-0.00219404649052,-0.0249398481601,0.145425848058,0.0111779502602,-0.276758852847,0.000603303945968
-0.0019584605849,-0.0249235283188,0.144968810675,0.00993929823413,-0.275839671022,0.000600953953711
-0.00168579087733,-0.0249036968804,0.145375139491,0.00857190364967,-0.276636306691,0.000602171225283
-0.00140120231226,-0.0248845833083,0.146142219479,0.00715633015384,-0.278137875179,0.000604933182353
-0.00111652420072,-0.02486965423,0.146607643316,0.0057167543742,-0.279054364619,0.000606520483029
-0.000832025946239,-0.0248595020736,0.146627225394,0.00425871377768,-0.279109281067,0.000606339429247
-0.000529223960818,-0.0248502546161,0.147071731103,0.00271591268189,-0.279985980049,0.000607981540159
-0.000196904561127,-0.0248431930929,0.147783347657,0.00101504815571,-0.281403936563,0.00061080471597
0.000181377561403,-0.0248411181505,0.14833690147,-0.00093840543255,-0.282524762883,0.000613084608593
0.000513803972321,-0.0248435181852,0.148862957559,-0.00266795843203,-0.283598318279,0.000615363012454
0.000854500562999,-0.024849762719,0.149507366684,-0.00445738871001,-0.284905005661,0.000618243482974
0.00119130392252,-0.0248574206597,0.150805618429,-0.00627026052876,-0.287471078767,0.000623938458479
0.00151555010557,-0.0248339196646,0.160501203945,-0.00848155453043,-0.306150160087,0.000664505007196
0.00182998741023,-0.0247948334683,0.174481724819,-0.0111163288413,-0.332860110555,0.000722999312793
0.00213241470749,-0.0248518337342,0.165415731645,-0.012312334617,-0.314947061154,0.000686110686764
0.00244798662313,-0.0249232912287,0.153989206264,-0.0132004904199,-0.292582085503,0.00063947536149
0.00277387016464,-0.0249295210442,0.159921391649,-0.0155397488309,-0.303844533056,0.000664999671349
0.00314862924493,-0.0249401887423,0.167121829615,-0.0184436584667,-0.31760522956,0.000696144206311
0.00353832798219,-0.0249632732446,0.172972465258,-0.0214757166629,-0.328749800501,0.000721983583716
0.0039414556961,-0.0250101884019,0.174736693836,-0.0242192514965,-0.331897849879,0.000731092256127
0.00438514891307,-0.0251029308734,0.168812153443,-0.0261384866452,-0.320529536356,0.000708376586556
0.00483770262411,-0.0251720140468,0.17064387192,-0.029240060664,-0.323991686936,0.000718435545862
0.00531603327243,-0.0252446098535,0.174793400443,-0.0330200187502,-0.332046342811,0.000738734289892
0.00588533339877,-0.0253114208764,0.186915017508,-0.0392112606291,-0.355496136349,0.0007939285644
0.00646479001153,-0.0254692272171,0.181424284749,-0.0420996661395,-0.345224731845,0.000775091605654
0.00704631313647,-0.0256329101137,0.177875459711,-0.0453190220711,-0.338696476315,0.000764841633712
0.0076401284602,-0.025767124499,0.184847556261,-0.0513773007673,-0.35241531374,0.000800487691455
0.00824590611813,-0.0259072086684,0.194346324464,-0.0586769033226,-0.371073127747,0.000848280091476
0.00889294414536,-0.026109543942,0.196419120517,-0.0645516427662,-0.375495493582,0.000865380515247
0.00953598490182,-0.0263471336898,0.194415891562,-0.0692673545025,-0.372080168418,0.000865394870728
0.0101701381807,-0.026583570441,0.195767019024,-0.0752121043993,-0.37518197195,0.000881010296475
0.0108226335463,-0.026817008303,0.202936915075,-0.0838911769008,-0.38963505125,0.000924356176333
0.0114497679027,-0.0270787824205,0.20577079861,-0.0911218745757,-0.395733707917,0.00094923754353
0.0120229945865,-0.0273692639278,0.201491019555,-0.0950088398522,-0.387995211851,0.000941488255477
0.0125607214471,-0.0276530765594,0.198306163581,-0.0990462088753,-0.382379201603,0.00093862523107
0.0130716032138,-0.0279116987801,0.199975027894,-0.105277757609,-0.386238506711,0.000958730809868
0.0135475948909,-0.0281638170853,0.201665419507,-0.111427670693,-0.390153420283,0.000979160023635
0.0139788094772,-0.0284254621739,0.199126070074,-0.115031493842,-0.385773594745,0.000978922904974
0.0143782356319,-0.0286826210892,0.19591835695,-0.11794573464,-0.380063373655,0.000974995630072
0.0147538790844,-0.0289190365043,0.19535670216,-0.122160649853,-0.379537533578,0.000983814716078
0.0151059051291,-0.0291433742002,0.19563932222,-0.126730884103,-0.380668651215,0.000996710687266
0.0154272775131,-0.0293653755163,0.194165699021,-0.129961469403,-0.378322898085,0.0010003535987
0.015646830017,-0.0303521906086,0.0635449902584,-0.045435093611,-0.122927862234,0.000335127978123
