x,y,z,fx,fy,fz,time,dist
0.167702531667,0.00117237198193,-0.0459954943242,0.0,0.0,0.0,0.0,0
0.167702531667,0.00117237198193,-0.0459954943242,0.0,0.0,0.0,0.001,0
0.167890534658,0.00116187679583,-0.0461969092283,0.0,0.0,0.0,0.021,0
0.167849626747,0.00118170440961,-0.0463496231045,0.0,0.0,0.0,0.041,0
0.167861976732,0.00122854046279,-0.0463068604046,0.0,0.0,0.0,0.06,0
0.167874952224,0.00127346108495,-0.0462617522335,0.0,0.0,0.0,0.08,0
0.16788792597,0.0013183604992,-0.0462165589698,0.0,0.0,0.0,0.101,0
0.167900887336,0.00136318882537,-0.046171318844,0.0,0.0,0.0,0.12,0
0.167913836682,0.00140794289976,-0.046126030552,0.0,0.0,0.0,0.141,0
0.167926773074,0.00145262390504,-0.0460806976826,0.0,0.0,0.0,0.16,0
0.16793969764,0.00149723064072,-0.0460353161081,0.0,0.0,0.0,0.181,0
0.167952609333,0.00154176396213,-0.0459898898299,0.0,0.0,0.0,0.201,0
0.167965508815,0.00158622341854,-0.0459444164622,0.0,0.0,0.0,0.22,0
0.167978396512,0.00163060794713,-0.0458988944876,0.0,0.0,0.0,0.241,0
0.167991271436,0.00167491863969,-0.0458533276924,0.0,0.0,0.0,0.261,0
0.168003188276,0.00172546720006,-0.0458128384979,0.0,0.0,0.0,0.28,0
0.168014540333,0.00177798062371,-0.0457756794792,0.0,0.0,0.0,0.3,0
0.168035431115,0.00183245108373,-0.0457035057683,0.0,0.0,0.0,0.32,0
0.168082150187,0.00188719126302,-0.0455359786071,0.0,0.0,0.0,0.341,0
0.168141740687,0.00194069221062,-0.0453198241802,0.0,0.0,0.0,0.36,0
0.168215766034,0.00199518780914,-0.0450487750555,0.0,0.0,0.0,0.381,0
0.168307126052,0.00204915432402,-0.0447106245892,0.0,0.0,0.0,0.401,0
0.168404065687,0.00210252387537,-0.0443483900807,0.0,0.0,0.0,0.421,0
0.168503197774,0.00215614808727,-0.0439745250898,0.0,0.0,0.0,0.441,0
0.168604194871,0.00220951650281,-0.0435899140078,0.0,0.0,0.0,0.46,0
0.168706178677,0.0022630564965,-0.0431977377343,0.0,0.0,0.0,0.481,0
0.168811757001,0.0023166979158,-0.0427874931767,0.0,0.0,0.0,0.501,0
0.168919191494,0.00237005988408,-0.0423655072078,0.0,0.0,0.0,0.521,0
0.169028047092,0.00242364387337,-0.0419332288671,0.0,0.0,0.0,0.54,0
0.169138023556,0.0024770263822,-0.0414914896907,0.0,0.0,0.0,0.561,0
0.169248442573,0.00253053556396,-0.0410428224152,0.0,0.0,0.0,0.581,0
0.169364674531,0.00258435580829,-0.0405646116437,0.0,0.0,0.0,0.6,0
0.169484634631,0.00263769871764,-0.0400644427055,0.0,0.0,0.0,0.62,0
0.169606930178,0.00269133924643,-0.0395475409857,0.0,0.0,0.0,0.64,0
0.169730474001,0.0027446647394,-0.0390178563942,0.0,0.0,0.0,0.661,0
0.169853772719,0.00279809617752,-0.0384815054519,0.0,0.0,0.0,0.681,0
0.169976633115,0.00285138202361,-0.0379390363316,0.0,0.0,0.0,0.7,0
0.170097826221,0.00290450631961,-0.0373958088641,0.0,0.0,0.0,0.721,0
0.170217386631,0.00295715709443,-0.0368516736199,0.0,0.0,0.0,0.74,0
0.170334491128,0.00300904029833,-0.0363104786313,0.0,0.0,0.0,0.761,0
0.170449398385,0.00306043194739,-0.0357711605798,0.0,0.0,0.0,0.781,0
0.170561853233,0.00311102631472,-0.0352350552387,0.0,0.0,0.0,0.801,0
0.170671956367,0.00316113341008,-0.0347018555355,0.0,0.0,0.0,0.821,0
0.17078046713,0.00321058428653,-0.0341679224291,0.0,0.0,0.0,0.84,0
0.170887017879,0.00325930028088,-0.0336351068363,0.0,0.0,0.0,0.861,0
0.170991739404,0.00330740928128,-0.0331028131675,0.0,0.0,0.0,0.881,0
0.171094872741,0.00335482847476,-0.0325698210004,0.0,0.0,0.0,0.901,0
0.171196413555,0.00340154545545,-0.0320361382864,0.0,0.0,0.0,0.92,0
0.171296341146,0.00344754079231,-0.0315018629398,0.0,0.0,0.0,0.941,0
0.171394683239,0.00349281125576,-0.0309668296686,0.0,0.0,0.0,0.961,0
0.171493198148,0.0035377283993,-0.0304211221366,0.0,0.0,0.0,0.981,0
0.171591639862,0.00358146939318,-0.0298655479832,0.0,0.0,0.0,1.0,0
0.171689339322,0.00362462066992,-0.0293034932542,0.0,0.0,0.0,1.021,0
0.171786016458,0.00366672483339,-0.0287362521251,0.0,0.0,0.0,1.041,0
0.171880871644,0.00370797689802,-0.0281684138913,0.0,0.0,0.0,1.06,0
0.171975770697,0.00374876648676,-0.027588351268,0.0,0.0,0.0,1.08,0
0.172070152211,0.00378822273354,-0.0269988367342,0.0,0.0,0.0,1.1,0
0.172164128618,0.00382713612822,-0.0263985420618,0.0,0.0,0.0,1.121,0
0.172257893134,0.0038647753975,-0.0257854165996,0.0,0.0,0.0,1.141,0
0.172349931905,0.00390127146787,-0.0251689085723,0.0343730392116,-0.0506019288259,-0.37522732953,1.161,0.000353604400464
0.172408499458,0.00391357330139,-0.0247729185777,0.0691690111186,-0.104456082792,-0.784410018858,1.181,0.000738692685566
0.172408679581,0.00387411131064,-0.0247862482282,0.0674260910084,-0.100804277195,-0.764294834366,1.201,0.000719594838427
0.172386502684,0.00380249558158,-0.0249604993859,0.051366298368,-0.0747351533071,-0.573334425893,1.221,0.000539746513398
0.172380211395,0.00376528715343,-0.025021146915,0.0454491036978,-0.0653216545612,-0.504848500867,1.241,0.000475219284987
0.172388540631,0.00375338296049,-0.0249778100586,0.0490430294366,-0.0704882768666,-0.547452488683,1.261,0.000515241396846
0.17239862126,0.00374197958015,-0.0249218291731,0.0537097562558,-0.0772593425529,-0.603211292971,1.28,0.000567619010812
0.172402424382,0.00372281168823,-0.0249096204773,0.0544467066027,-0.0780323137941,-0.612680399427,1.301,0.000576448761974
0.172410006762,0.00370263115873,-0.0248646966338,0.0580118503106,-0.0829332221293,-0.655878042617,1.32,0.000616968328085
0.172419145681,0.00367773595389,-0.0248083774934,0.0624556942703,-0.0889998132224,-0.710202967085,1.34,0.000667907099719
0.172424769934,0.00364339199883,-0.024777986518,0.0645408296295,-0.0913112755967,-0.736401050398,1.361,0.000692372436076
0.172423536406,0.0036036895018,-0.0247997174895,0.062129741426,-0.0869006251189,-0.707942957521,1.381,0.000665490965312
0.17242882812,0.00356772030255,-0.0247731297311,0.0638735902497,-0.0886300548569,-0.730078340078,1.401,0.00068612924906
0.172436545683,0.0035339436745,-0.024728982481,0.0671153012172,-0.0925242523881,-0.770783064177,1.421,0.000724193771168
0.172444738012,0.00350030943618,-0.0246823209709,0.0705384160846,-0.0966266021054,-0.814188766919,1.44,0.000764774985323
0.172449883458,0.00345419576029,-0.0246606227973,0.0717050614825,-0.0971262745443,-0.830033263047,1.461,0.000779435604779
0.172454922342,0.00341218369701,-0.0246372625444,0.0730712349073,-0.0979665495412,-0.848301142428,1.48,0.000796381666896
0.172464560447,0.00336920043344,-0.0245789578615,0.0772965539904,-0.102714964311,-0.90282922205,1.501,0.000847303833082
0.172467689003,0.00331707318334,-0.0245698201555,0.0773745876414,-0.101352942055,-0.90518142604,1.52,0.000849271734202
0.172466618532,0.00326491533749,-0.0245897012136,0.0750988053712,-0.0967841774309,-0.877502115851,1.541,0.000823110309246
0.172467599688,0.00321612804713,-0.0245960257455,0.0739686949255,-0.0939396481884,-0.864417523885,1.56,0.000810646538976
0.172466569487,0.00316856230309,-0.0246151275092,0.071817524685,-0.0898221996644,-0.838308265348,1.581,0.00078599984887
0.172467082654,0.00318375422609,-0.0246175277046,0.0717543203214,-0.0901916996746,-0.837661226354,1.6,0.000785450483671
0.1724672376,0.00326261650053,-0.0246105519278,0.073230372607,-0.0943328209702,-0.855179210222,1.621,0.000802176979999
0.172457891644,0.00355470722024,-0.0246401374346,0.0744161835502,-0.104058406618,-0.86482632899,1.64,0.000812494371182
0.172435231319,0.00430225090637,-0.024686706131,0.0813330201939,-0.136431430415,-0.935144111182,1.661,0.000882557345917
0.172392774362,0.00521254197002,-0.0248158342481,0.0867582739256,-0.173453013584,-0.976288230542,1.681,0.000927712788831
0.172335474473,0.00608376544778,-0.0250229319666,0.0881712670582,-0.201316633158,-0.962893501471,1.701,0.000922356311461
0.172271787985,0.00691809533279,-0.0252519076258,0.089857636509,-0.227857546382,-0.949644448097,1.72,0.000917896418743
0.17220592721,0.0077200755335,-0.0254758832563,0.0939492811058,-0.259583626114,-0.960736589913,1.741,0.000937790378817
0.172134868909,0.00849048686863,-0.0257175767589,0.0983518778733,-0.291454492302,-0.97117937289,1.76,0.00095813956378
0.172059152323,0.00922285311749,-0.0259782027116,0.102476629919,-0.321379074848,-0.975309693034,1.781,0.000973183039795
0.171979998696,0.00992202323767,-0.0262505206865,0.106845919686,-0.35103550996,-0.979052928802,1.801,0.000988671327362
0.171897351696,0.0105873530831,-0.0265373595149,0.110926792333,-0.378522153285,-0.977462000112,1.82,0.000999507549467
0.171813141377,0.0112184909223,-0.0268287769989,0.115318439991,-0.405947996261,-0.977063004859,1.841,0.00101211213069
0.171726808646,0.0118200069323,-0.0271282904385,0.119689801241,-0.432218629262,-0.974634088209,1.86,0.00102320728348
0.171637115595,0.0123910598719,-0.0274456432055,0.122867857407,-0.452725337518,-0.960362758176,1.881,0.00102232625598
0.171547308175,0.0129353604524,-0.0277607815622,0.12667440376,-0.474580169861,-0.950935021044,1.9,0.00102675820277
0.171458690821,0.0134538914467,-0.0280667336533,0.131651750659,-0.500162022801,-0.950359868476,1.921,0.00104096697536
0.171369803525,0.0139463497192,-0.0283740949944,0.136611882099,-0.524830294149,-0.948586738731,1.94,0.00105427621422
0.171281566721,0.0144085206458,-0.0286808611034,0.141227144738,-0.547239678095,-0.943833287598,1.96,0.00106444625856
0.171193880676,0.0148439063469,-0.0289872301063,0.145500842743,-0.567454853455,-0.936391647194,1.981,0.00107169042719
0.171107313487,0.0152560906768,-0.0292893882066,0.149876523607,-0.587391208345,-0.92959174168,2.001,0.00107970187267
0.171020405786,0.0156452959945,-0.0295964213851,0.15332331902,-0.602772187245,-0.916465374084,2.021,0.0010804419008
0.1709293051,0.0160147345676,-0.0299291268211,0.15392342444,-0.605558227028,-0.884852414966,2.04,0.00105954662132
0.170838741985,0.0163735710755,-0.0302565382091,0.155376981065,-0.611371857678,-0.85957215653,2.061,0.0010457200977
0.170744341616,0.0167275998076,-0.0305993936612,0.156204559593,-0.613988982481,-0.830367275681,2.081,0.00102724047862
0.170638321455,0.0170773962941,-0.0309997215425,0.152312323356,-0.596352500435,-0.773761119694,2.1,0.000975348504481
0.170531203353,0.0174365922508,-0.0313921553295,0.151663844091,-0.591770182797,-0.736531778312,2.12,0.000946877099582
0.170417424028,0.0178070390922,-0.0318038663994,0.152066565039,-0.590902427953,-0.704286223722,2.14,0.000925040080145
0.170287708398,0.0181834288809,-0.0322916082944,0.147420152798,-0.568853562198,-0.646252432571,2.161,0.000870246567849
0.170149917133,0.0185893577346,-0.0327949099876,0.14713921881,-0.563953988068,-0.608964168549,2.181,0.000843023459686
0.170004778065,0.0190161485514,-0.0333101134971,0.151318210799,-0.576048394381,-0.589939314697,2.2,0.000841734485645
0.169851796751,0.0194452398735,-0.0338498569563,0.156797175413,-0.592237435065,-0.574044691295,2.221,0.000846448375983
0.169692967591,0.0198553692548,-0.0344145361665,0.160805932231,-0.601628352108,-0.551231962347,2.24,0.000841962741909
0.169523412336,0.0202361432392,-0.0350334996327,0.158862259858,-0.587000454068,-0.506858809683,2.261,0.000804877037986
0.169353131409,0.0206135484592,-0.0356425166291,0.16133486734,-0.588943066888,-0.479019131444,2.281,0.000792371566867
0.169186267613,0.0209889480864,-0.0362217315696,0.170589207058,-0.615867358999,-0.472222080052,2.301,0.000814473264589
0.169021913974,0.0213346354015,-0.0367929649176,0.17969876735,-0.641310223213,-0.463822514905,2.32,0.000835043671874
0.168861424114,0.0216448587889,-0.0373546711837,0.187279364773,-0.660354368848,-0.450850046358,2.341,0.000847940331422
0.168706032697,0.0219170785624,-0.0379041822752,0.19247289504,-0.670236014698,-0.432398363081,2.36,0.000850007628419
0.168557016344,0.0221544844342,-0.0384354408598,0.195755021004,-0.673112302808,-0.410856099147,2.381,0.000844321939388
0.16841218782,0.0223816703661,-0.0389452611572,0.201893058619,-0.685918748712,-0.396278965919,2.4,0.00085190218907
0.168271575766,0.022599210194,-0.0394342155426,0.210760002627,-0.707893770408,-0.387251674867,2.421,0.000871388072113
0.168134816538,0.0227976135551,-0.0399102308448,0.219451596141,-0.728745664391,-0.377518725561,2.441,0.000889884751406
0.168002837819,0.0229694873893,-0.0403744285159,0.225870490444,-0.741461930974,-0.363830810831,2.46,0.000898952630279
0.167875976607,0.0231200235632,-0.0408232898458,0.231005265025,-0.749695344325,-0.348573216335,2.481,0.000903163547029
0.167753384476,0.023259371337,-0.0412553263812,0.23698024564,-0.760632534587,-0.335132374921,2.5,0.000911129964069
0.167636120341,0.0233836809099,-0.0416691162793,0.24268203556,-0.770626292831,-0.321894371108,2.521,0.000918453300359
0.167523492706,0.0234943654898,-0.0420673331031,0.247990496239,-0.779291603351,-0.308641394002,2.541,0.000924625395333
0.167417829704,0.0235715025333,-0.0424524333611,0.247437543833,-0.76923551745,-0.289067242127,2.561,0.000909164612419
0.167319356066,0.0236145637115,-0.0428244287542,0.240352568523,-0.738977238284,-0.263671720675,2.58,0.000870508781781
0.167219059919,0.0236811627261,-0.0431841277355,0.241454586735,-0.734863049961,-0.248504011652,2.6,0.00086297645074
0.167116234661,0.0237810271812,-0.0435306834255,0.253586985746,-0.764933853521,-0.244641461683,2.621,0.000895647458657
0.167018521695,0.0238582678271,-0.0438669628107,0.261737738731,-0.782387526731,-0.236607097826,2.64,0.000913756400122
0.166925472548,0.0239115460626,-0.0441958299395,0.265116594209,-0.785104477236,-0.224360200502,2.661,0.000914927859932
0.166836182595,0.0239504180173,-0.0445157890187,0.266124801519,-0.780737726573,-0.210637874581,2.68,0.000908123854782
0.166749901799,0.0239854458074,-0.0448242192427,0.267602847991,-0.777999661554,-0.197974684983,2.701,0.000903454639876
0.166665058668,0.024018703036,-0.0451258969708,0.269928440469,-0.777849632562,-0.186316766919,2.721,0.000901978290537
0.166583179197,0.0240353802015,-0.0454234228908,0.268712446909,-0.767345055486,-0.172642337885,2.74,0.00088872504081
0.166504866474,0.0240443803278,-0.0457100153228,0.266485390813,-0.754252545774,-0.15919298159,2.761,0.000872693811216
0.166431232768,0.0240242878539,-0.0459930454123,0.256671623778,-0.719631284944,-0.142167436199,2.78,0.00083202230883
0.166385204669,0.0238010230167,-0.0462798576819,0.186488793366,-0.515232677327,-0.0955319061728,2.801,0.000595790217954
0.16634352713,0.0235781529589,-0.0465481119349,0.115567670649,-0.31477857744,-0.0547574387058,2.821,0.000364109540975
0.166277952563,0.0235313146908,-0.0468104519237,0.0986672588329,-0.26619556176,-0.0429519764768,2.841,0.000307841219606
0.166201748761,0.0235563481646,-0.0470728430579,0.104994016684,-0.281109909806,-0.0416739908908,2.861,0.000324963111252
0.166124224422,0.0235712524083,-0.0473432663907,0.109215981353,-0.290043099991,-0.0391068839343,2.88,0.000335213499291
0.166055717785,0.0235065184894,-0.047620139242,0.0890995102289,-0.234162924912,-0.028456478446,2.901,0.000270684810136
0.165990016904,0.0234280477145,-0.047892141886,0.065192525351,-0.169515700337,-0.0183837366139,2.921,0.000196030207749
0.165916656414,0.0233986766181,-0.0481649004096,0.0580078641092,-0.149428152827,-0.0142027781372,2.942,0.00017285849143
0.165833929057,0.0233993800051,-0.0484533667402,0.0620141433082,-0.158311288872,-0.0127802099768,2.96,0.00018320426245
0.165746167459,0.0234031451918,-0.0487556656079,0.0686683215991,-0.173663689441,-0.0114123021325,2.981,0.00020108099142
0.165654455685,0.0233932642568,-0.0490755973952,0.0727296853027,-0.182053039428,-0.00907728026136,3.0,0.000210966576495
0.165557190224,0.0233685891143,-0.0494188193114,0.0741848794782,-0.183588996094,-0.00603219152183,3.021,0.000212988191713
0.165458551956,0.0233394656397,-0.0497661431344,0.0761610846089,-0.186298663378,-0.00290931851373,3.041,0.000216431017415
0.165358216467,0.0233082103092,-0.0501174324153,0.0795449435535,-0.192293289627,0.000358627722823,3.06,0.000223759804886
0.165259559961,0.0232721578093,-0.0504628035805,0.0830246079991,-0.198364937479,0.00378917841485,3.081,0.000231251253917
0.165160901492,0.0232312677081,-0.0508078559358,0.0868078219452,-0.204963467853,0.00745744031185,3.1,0.000239442011244
0.165063377428,0.0231839926526,-0.0511496255164,0.0901720704588,-0.2103882485,0.0112721253392,3.12,0.000246347898378
0.164967414519,0.023131585874,-0.0514862523417,0.093379456531,-0.215299926593,0.0151999632821,3.142,0.000252734151565
0.164873086468,0.0230753805819,-0.0518169982414,0.0967722849179,-0.220507195725,0.0192758740222,3.162,0.000259547295515
0.164780305381,0.0230147870843,-0.0521424937143,0.100103306449,-0.22543298702,0.0234608609035,3.181,0.000266112937251
0.164688685034,0.022949593656,-0.0524641358687,0.103338696873,-0.229997930438,0.0277473004257,3.2,0.000272340001165
0.164598307151,0.0228795278863,-0.0527818495491,0.106317628747,-0.233855891245,0.0320703149688,3.22,0.000277816389396
0.164508918398,0.0228060460506,-0.0530958479307,0.109540007701,-0.238123632507,0.0365681296565,3.241,0.000283865772182
0.164420565116,0.0227287713876,-0.053406205228,0.112830056217,-0.242403170076,0.041195728139,3.262,0.000290020412575
0.164333866995,0.0226476387808,-0.0537111255056,0.115914757652,-0.246124397601,0.045826195504,3.281,0.000295592660997
0.164249013842,0.0225630090998,-0.0540099431953,0.11877081367,-0.249263361538,0.0504183360877,3.3,0.000300544194352
0.164165426714,0.0224747376363,-0.0543045642746,0.121491936543,-0.252017253162,0.0550121187887,3.321,0.000305113187341
0.164082805522,0.0223839827289,-0.0545954664109,0.124520671877,-0.255309967631,0.0598100040029,3.341,0.000310417913924
0.164001357733,0.0222902995081,-0.0548822649342,0.127594466144,-0.258588178153,0.0646963359278,3.36,0.000315792153769
0.163915976452,0.0222328884297,-0.0551643271043,0.145363653096,-0.291577680888,0.0774341756351,3.381,0.000357588371926
0.163828876526,0.0222393631199,-0.0554244308608,0.185617516808,-0.369525533174,0.103125098498,3.401,0.000454787621729
0.163750739989,0.0222664241269,-0.0556487755397,0.229501235835,-0.454267378469,0.131935477621,3.421,0.000560726812809
0.163687068608,0.0222989777003,-0.055827787833,0.269274109878,-0.530767593588,0.158876981938,3.441,0.000656653876454
0.163640335025,0.0223414870358,-0.0559527231384,0.304688959275,-0.599243415079,0.182924353289,3.461,0.000742434002364
0.163610645618,0.0223737961665,-0.0560316385092,0.329101308243,-0.646502456776,0.199713698515,3.481,0.000801669501675
0.163595135509,0.022401361737,-0.0560707907989,0.345377437252,-0.678388148664,0.210682660604,3.501,0.000841468923413
0.163591165516,0.0224401417402,-0.056070889844,0.359539065175,-0.707180702365,0.219248659349,3.521,0.000876866632799
0.163593295681,0.0224827751022,-0.0560516863891,0.371975751162,-0.733169452193,0.22614773607,3.541,0.000908475795492
0.163598978248,0.02252469385,-0.0560222476476,0.382491167437,-0.755677572967,0.231509699284,3.56,0.000935601730612
0.163603993233,0.0225597851374,-0.055997802272,0.391255287389,-0.77453755497,0.235943913368,3.581,0.000958298468913
0.163603210256,0.0225985283741,-0.0559896441166,0.40391497102,-0.800917112463,0.243225748946,3.6,0.000990463534396
0.163602581453,0.0226473821643,-0.0559776316242,0.419620273777,-0.833811679826,0.252155482284,3.62,0.00103050378302
0.163610181043,0.0226801728625,-0.055948176744,0.426588828476,-0.849452340487,0.255232896937,3.641,0.00104906361562
0.163625083906,0.0226963908377,-0.055904111089,0.425143499254,-0.848289599814,0.252788782388,3.661,0.0010467875788
0.163642564609,0.0227083456732,-0.0558541569164,0.421246289212,-0.842250562716,0.24870539264,3.68,0.00103845598278
0.163659683341,0.0227241407283,-0.0558036285461,0.41872968824,-0.839065843459,0.245426141755,3.7,0.00103361821763
0.163676432085,0.0227446939862,-0.0557521551754,0.417875209418,-0.839350621089,0.243081679594,3.721,0.00103301056717
0.163692272831,0.0227669552801,-0.0557025869982,0.417996824183,-0.841593970327,0.241365198867,3.741,0.00103483111143
0.163707115912,0.022787047344,-0.0556568000536,0.417946728471,-0.843342747086,0.239685598606,3.76,0.00103611830725
0.163711774833,0.0228030902977,-0.0556422860582,0.421226337834,-0.850909870681,0.241037148846,3.781,0.00104503754556
0.16371514842,0.0228155612375,-0.0556323801715,0.423940572988,-0.857117352044,0.242230671146,3.8,0.00105238252677
0.163712122282,0.022819239217,-0.0556448333084,0.426832988255,-0.862872925127,0.244364800223,3.821,0.00105957082455
0.163707653344,0.0228185578711,-0.055662700607,0.428996702767,-0.866877929529,0.246294604066,3.84,0.00106473138902
0.16369105893,0.0228118269877,-0.0557192096703,0.434835403134,-0.877128099164,0.25180364019,3.861,0.00107819557316
0.16365607009,0.022793315626,-0.0558345038378,0.445551698725,-0.895245349474,0.262472169073,3.881,0.00110238106859
0.163609690188,0.0227580053292,-0.0559898548957,0.456727094354,-0.9125474038,0.275193938528,3.901,0.00112646836188
0.163555123892,0.0226910197619,-0.0561808783409,0.462612939103,-0.91719292058,0.286378131744,3.92,0.0011359576732
0.163521135918,0.0222142019506,-0.0564740134203,0.334734421308,-0.647786922267,0.216528870647,3.941,0.000809271522709
0.163462154609,0.0216436779588,-0.0568703768333,0.189544437124,-0.355563679092,0.129545106113,3.961,0.000449555779719
0.163298697603,0.0213567208544,-0.0574513895981,0.189649861956,-0.346140884533,0.138742175601,3.98,0.000443415416203
0.163067089141,0.0211716274363,-0.0581794576639,0.267314413932,-0.474274990138,0.210703974289,4.0,0.000617052608136
0.162863212485,0.0208808305036,-0.0588581425379,0.306406978468,-0.527160269952,0.257358394804,4.02,0.00069759677689
0.16269602144,0.0204883614876,-0.0594616737374,0.300585577801,-0.500529641361,0.266160562684,4.041,0.000674435669864
0.162536620559,0.0200842197419,-0.0600388311156,0.293448788747,-0.472880568548,0.272298769397,4.06,0.000649366988752
0.16237044641,0.0197102489306,-0.0606157041094,0.30701179663,-0.479136407576,0.297420866935,4.081,0.000671006950646
0.162204934941,0.0193427894219,-0.0611806573325,0.329290593653,-0.497801189941,0.331761762891,4.1,0.000711510762603
0.162053136287,0.0189555397641,-0.0617079361012,0.342579748739,-0.501571978619,0.357306201171,4.121,0.000732132941753
0.161913513502,0.01855368422,-0.062200631885,0.348616235346,-0.494259138644,0.374964899856,4.14,0.000737230703825
0.161780810615,0.0181513170924,-0.0626688421419,0.354775182676,-0.487143095525,0.392351215562,4.161,0.000742886913698
0.161651816546,0.0177540672338,-0.0631198166561,0.36479438428,-0.485203402209,0.413845530584,4.18,0.00075689661585
0.16153075661,0.0173466119956,-0.063547504781,0.370680849607,-0.477388126873,0.430412518623,4.201,0.00076235917481
0.161420841963,0.0168838036472,-0.0639560498128,0.357998898534,-0.445122082834,0.424830320184,4.22,0.000729382367512
0.16131170252,0.0164017986931,-0.0643613436083,0.345377655701,-0.4138436347,0.418460700527,4.241,0.000697183961013
0.161193240241,0.0159313250372,-0.0647806950016,0.350247568185,-0.404143184195,0.43307392372,4.261,0.000701053791706
0.161072361809,0.0154629715809,-0.0651992476794,0.364077901898,-0.404212557281,0.458973733395,4.281,0.000723029489076
0.160960691275,0.0149632598303,-0.0655961982117,0.36775925305,-0.391962123374,0.472002186178,4.3,0.000724574654521
0.160860682218,0.0144033474808,-0.065971517532,0.352607783693,-0.359192183911,0.460224376361,4.321,0.000688850800509
0.16075658467,0.0138414754387,-0.0663500651967,0.347962957431,-0.338143669698,0.461582117628,4.34,0.000674429771599
0.160643582333,0.0132715158943,-0.0667446476569,0.358349547412,-0.331269389386,0.483056264195,4.361,0.000689498708223
0.160531127349,0.0126666385234,-0.0671372042765,0.368986007437,-0.323025330948,0.505154074914,4.38,0.000704867729538
0.160425867378,0.0120420674693,-0.0675083120158,0.375883583336,-0.31057872112,0.521995518586,4.4,0.000713085974576
0.160326863075,0.0113845082111,-0.0678622647741,0.377976702097,-0.293262367175,0.531948931143,4.421,0.000712193895831
0.160230218177,0.0107113893965,-0.0682047810292,0.383203601651,-0.277908167128,0.546096103286,4.441,0.000717464985288
0.160135392212,0.0100045334744,-0.0685395617114,0.389874610876,-0.262402725384,0.562255473532,4.461,0.000725525714832
0.160044336617,0.00922194658159,-0.0688667592051,0.390790201627,-0.240968673316,0.570073246726,4.48,0.000722723172641
0.159953978472,0.00841743274613,-0.0691844710337,0.398884868846,-0.223154443233,0.588168426911,4.501,0.000733572455727
0.159861186132,0.00760158978444,-0.0694981552695,0.42005919354,-0.210922579684,0.625701824345,4.521,0.000768830137674
0.159775698718,0.00677472984478,-0.069785207456,0.442441530563,-0.196884033367,0.66502861798,4.541,0.000806423907492
0.159703471639,0.00591556175492,-0.0700337917796,0.456526493523,-0.176550561117,0.691575107006,4.56,0.000828888035334
0.159648808116,0.00498316629465,-0.0702357185209,0.454143724751,-0.14742006479,0.692453012505,4.581,0.000821387020544
0.159580205385,0.00404338893956,-0.0704554972864,0.482502101275,-0.126522026283,0.740405512933,4.6,0.000870445488391
0.159519591895,0.0030805447722,-0.0706452339838,0.513220570327,-0.10212902232,0.79176465634,4.621,0.000924151673802
0.159474832768,0.00206749595211,-0.0707874321925,0.535803836634,-0.071353322433,0.829920680857,4.641,0.000963495625851
0.159448157244,0.00105348200943,-0.0708741636278,0.549760461956,-0.0372407800975,0.853638335492,4.66,0.000987821732815
0.159427794388,6.9545278172e-05,-0.07093206323,0.570447629349,-0.00254761207593,0.887065094491,4.68,0.00102512180782
0.15940754611,-0.000990196781733,-0.070974800058,0.605927463069,0.038479345723,0.942942466582,4.701,0.00109018546191
0.159399431531,-0.00198012477058,-0.0709760432196,0.639266869003,0.0811398741529,0.994366851047,4.72,0.00115230874915
0.159396542753,-0.00294301245415,-0.0709535436428,0.678674273128,0.128006685092,1.05433237477,4.741,0.00122659002923
0.159407588344,-0.00386987855151,-0.0708891227687,0.71108212387,0.176483376678,1.10204936383,4.76,0.00128913942375
0.159448807491,-0.00473803928598,-0.070748438472,0.712724348122,0.217148360774,1.10003466502,4.781,0.00129587331898
0.159501034789,-0.00555823089343,-0.0705756102993,0.70744569424,0.253703809226,1.08640577621,4.8,0.00129033843115
0.159548449625,-0.00633180878921,-0.0704078295451,0.713981534041,0.292578702006,1.09080403258,4.82,0.00130708774339
0.159598253795,-0.0070617324356,-0.0702301071754,0.721953338479,0.331017096349,1.09687549396,4.841,0.00132695710333
0.159659736571,-0.00774421953331,-0.0700229136392,0.718169729833,0.362553360025,1.08423567777,4.86,0.00132520508345
0.159723088416,-0.00838384403505,-0.0698091870331,0.714203681827,0.391949134807,1.07111602409,4.881,0.00132325377538
0.159781153361,-0.0089889904594,-0.0696054625685,0.718711871851,0.424506160828,1.07081689887,4.901,0.00133740554848
0.159837598206,-0.00955879558227,-0.0694044155702,0.726098928398,0.457752757342,1.07466961564,4.921,0.00135720088083
0.15989657255,-0.0100874990736,-0.0691981993937,0.729739401621,0.48738907524,1.07270443498,4.94,0.00136999632835
0.159966995325,-0.010575276949,-0.0689670218907,0.718425315624,0.505391094067,1.04819027377,4.96,0.00135426546143
0.160036439459,-0.0110362579284,-0.0687380219006,0.708274167317,0.522382114406,1.02558783905,4.98,0.00134063238369
0.160114534355,-0.0114740237138,-0.0684888599285,0.688333123942,0.530581358732,0.988562073493,5.001,0.00130810581376
0.160214001097,-0.0118943205191,-0.0681887230545,0.644952173571,0.518819724147,0.917287499092,5.02,0.001230258764
0.160298690496,-0.0123199649629,-0.0679182337868,0.623096380546,0.522166108719,0.877994643008,5.04,0.00119375159189
0.160384505085,-0.0127444563659,-0.0676416434784,0.603666539103,0.526386681514,0.842344104853,5.061,0.00116190324398
0.160473316314,-0.0131653960092,-0.0673544997739,0.584081279516,0.5293473385,0.80659048385,5.08,0.0011296868223
0.160579551617,-0.0135769576787,-0.0670237447151,0.547865353993,0.515819239974,0.747558664283,5.101,0.0010647961115
0.160719523678,-0.0139938665385,-0.0666061046253,0.481158007738,0.471501145514,0.646630714386,5.121,0.000939784863469
0.160838997689,-0.0144499503174,-0.0662238855652,0.449574782608,0.458748126013,0.595191645666,5.141,0.000883587304877
0.160936675554,-0.0149358839225,-0.0658828034223,0.452373537276,0.480441069858,0.590315437003,5.161,0.000895681474133
0.161068938328,-0.0154141454294,-0.0654530389741,0.423935497486,0.469067151137,0.543270475142,5.181,0.000845709236473
0.161210372883,-0.0158914916441,-0.0649938511405,0.39276285167,0.45262917716,0.49329702103,5.201,0.000789848362244
0.16134737674,-0.0163842503794,-0.0645348865964,0.376492148511,0.451820980468,0.462908668285,5.221,0.000763957942751
0.161509402167,-0.016887068829,-0.0640028102993,0.346564896575,0.433818080911,0.415356573528,5.241,0.00071019195092
0.161669932091,-0.0174047379276,-0.0634613857646,0.330232586606,0.431176469927,0.384972282659,5.26,0.000684179912519
0.161807881381,-0.0179331817826,-0.0629656455004,0.344820434061,0.468744081589,0.391133876862,5.281,0.000722963718681
0.161942119187,-0.0184378507899,-0.0624778555808,0.363532670792,0.51331155778,0.400828069387,5.3,0.000771484553153
0.162085108143,-0.0188903989788,-0.0619748281711,0.367955557275,0.538202515397,0.393553312567,5.321,0.000790086127638
0.162234205912,-0.0193030968672,-0.0614603961227,0.363360889373,0.54943628238,0.376173788382,5.34,0.000789309088661
0.162380078559,-0.01969274632,-0.060954450482,0.361191670892,0.563621254007,0.361434165031,5.361,0.000793804451379
0.162523459979,-0.0200634442651,-0.0604544107615,0.361428745758,0.58121125603,0.349005903258,5.381,0.000803764169468
0.162667698578,-0.0204097942518,-0.0599534985419,0.359728495513,0.595345858723,0.334458766405,5.401,0.000809520205044
0.162808219024,-0.0207359713292,-0.0594631808874,0.360019000585,0.612325934062,0.321772678402,5.421,0.00081983954061
0.16294458579,-0.0210421397724,-0.0589852583294,0.362045870411,0.631933476255,0.310576642411,5.441,0.000834246338499
0.163078135923,-0.021325511353,-0.0585176489252,0.363608468243,0.650413095448,0.298849188769,5.461,0.000847672949636
0.163212909774,-0.0215816924917,-0.0580512683033,0.360639340152,0.660316260421,0.283227048079,5.48,0.000850455802031
0.163349244754,-0.0218143833756,-0.0575840949754,0.353901640595,0.662630524974,0.264708340874,5.5,0.000844126243072
0.163479284558,-0.0220388814076,-0.0571329659323,0.352004252911,0.673376581884,0.250254014986,5.521,0.000849245761258
0.16360680941,-0.0222503610963,-0.0566894484251,0.351056261954,0.685596236817,0.236503398942,5.54,0.000856685193852
0.163732750284,-0.02244463865,-0.056252779591,0.349052395885,0.695320960569,0.222072243787,5.56,0.000861475753953
0.163857592886,-0.0226202738579,-0.0558225306318,0.345115619435,0.700621485476,0.20655215019,5.581,0.000861297024018
0.163989928809,-0.0227790810677,-0.0553728763479,0.335951697162,0.695060986581,0.187550949573,5.601,0.000848070372092
0.164122089392,-0.0229354347113,-0.0549202050335,0.329486732474,0.694703396004,0.170253877534,5.621,0.00084164641353
0.164253602351,-0.0230895236478,-0.0544659837961,0.325918262909,0.700262328343,0.154473369563,5.64,0.000842755630167
0.164391550067,-0.0232308614623,-0.05399303421,0.3194182626,0.699476497884,0.136823994032,5.66,0.000836485267668
0.16452569062,-0.0233669548862,-0.0535291057532,0.316071828793,0.705119153562,0.120866990653,5.681,0.000838383620833
0.164666282869,-0.0234625029558,-0.053058384664,0.301529754458,0.684617419407,0.100924172848,5.701,0.000809795231739
0.164806589876,-0.0235380408394,-0.052592698084,0.284403081323,0.65672736225,0.0814134042442,5.721,0.000773215324645
0.164946710967,-0.0236299363852,-0.052115655491,0.275901234616,0.648497084018,0.0648769706903,5.74,0.000760170947086
0.165109278014,-0.0236753690897,-0.05158312917,0.251344442432,0.601641867145,0.0443586583267,5.761,0.000702312741142
0.165274416801,-0.0237067809981,-0.0510425890611,0.226541058575,0.552209482217,0.0260383224609,5.781,0.000642250516678
0.16544906629,-0.0237189776552,-0.0504735756304,0.198934713901,0.494038402634,0.00951992988058,5.801,0.000572742080571
0.165628516316,-0.0237309236175,-0.0498815789616,0.175951684794,0.445553354516,-0.00432626981465,5.82,0.000515109505705
0.165813538467,-0.0237444732396,-0.0492624399103,0.158547833139,0.409802486817,-0.0163859844997,5.841,0.00047272049507
0.16602018929,-0.0237184093706,-0.0485799502091,0.13336268954,0.352251396774,-0.0258710255599,5.861,0.000405709846972
0.166225825389,-0.0237079682035,-0.047882663968,0.120538164516,0.325696159288,-0.0350554531481,5.88,0.000374833636397
0.166443635014,-0.0237014079172,-0.047129410382,0.116278815338,0.322096081579,-0.0465651400564,5.9,0.000370733101704
0.166690711643,-0.0236537736202,-0.0462782393238,0.108922738001,0.310066720042,-0.0578735736182,5.921,0.000357418317246
0.166942014287,-0.0235926583587,-0.0454010021695,0.108149481595,0.316646599033,-0.0729275459835,5.94,0.000366073461908
0.167195341513,-0.0235328888576,-0.0444967866443,0.118297568168,0.356695110785,-0.0982758805874,5.961,0.000414205151181
0.167463639009,-0.0234152976525,-0.0435460336429,0.124263415127,0.38608352968,-0.125112094047,5.98,0.000451239999305
0.167734182131,-0.0232313937405,-0.0425994077581,0.123301099237,0.394237295344,-0.147420958502,6.0,0.000464662273771
0.168019809114,-0.0229289563814,-0.0416333648787,0.105424766476,0.346305697307,-0.148149397348,6.021,0.000412708443105
0.168328192301,-0.0225043121835,-0.040613776222,0.0758552154177,0.255863107206,-0.12498546192,6.04,0.000309414798386
0.168633760664,-0.0221008242601,-0.0395611742962,0.0680608710668,0.23627785117,-0.130593814461,6.061,0.000290732105889
0.16893044983,-0.0217436625472,-0.0384859061436,0.0841041039305,0.301296010974,-0.186568491971,6.081,0.000378126656393
0.16921939354,-0.0213510853851,-0.0374289305328,0.101694103459,0.375614479436,-0.258458259532,6.1,0.000482029291788
0.169499352337,-0.0208805619568,-0.0364214380004,0.110154367079,0.418148048654,-0.317638895427,6.121,0.000550172372036
0.169777098874,-0.0203471778164,-0.0354237278492,0.116492156325,0.453825673097,-0.379620107393,6.14,0.000614305663479
0.170044344545,-0.0197747174953,-0.0344606842684,0.122374174493,0.488313756142,-0.447910745959,6.161,0.000681919650354
0.170292294255,-0.0191670103726,-0.0335762039913,0.123827089922,0.504151118508,-0.504116614623,6.18,0.000727651713699
0.170520346086,-0.0185361204376,-0.0327715101754,0.12187994097,0.504320491742,-0.546874604597,6.201,0.000753424628139
0.170731383102,-0.0179015328445,-0.0320254276016,0.12024149906,0.504263370532,-0.590602412633,6.22,0.000780875720078
0.170925345903,-0.0172720267916,-0.0313376904711,0.119044941849,0.504618889422,-0.635893101225,6.241,0.000810848145226
0.171103920354,-0.0166470050557,-0.0307037846327,0.117877182953,0.503660663813,-0.680787670912,6.26,0.000840664385598
0.171266580155,-0.0160274872237,-0.0301301236207,0.11566005558,0.496526010981,-0.717724185026,6.28,0.000861483677383
0.171415102896,-0.015417796918,-0.0296083104459,0.113065677351,0.486268810915,-0.749805441818,6.301,0.000877596917936
0.171551359387,-0.0148220256864,-0.0291288544154,0.110816057568,0.476279971104,-0.781813811965,6.321,0.000894711213597
0.171675797398,-0.0142422059348,-0.0286912131137,0.108673853761,0.465602007552,-0.812015918817,6.34,0.000910827028399
0.171788743673,-0.013679247042,-0.0282960495674,0.106275681995,0.452711076465,-0.83721379313,6.361,0.000922470238877
0.17189217065,-0.0131313620811,-0.0279350428119,0.103922265115,0.439097755364,-0.859937904627,6.38,0.000932419907049
0.171987518671,-0.0125871262972,-0.0276067487229,0.10086929875,0.421464720958,-0.873858977599,6.401,0.000933719654982
0.172075772525,-0.0120544056295,-0.0273030516111,0.0980922747716,0.404361178946,-0.88727858032,6.421,0.000935481088957
0.172158202967,-0.011533423129,-0.0270172532715,0.0959646560215,0.389472214416,-0.904419861451,6.44,0.000941972671897
0.172236848423,-0.0109875905892,-0.0267525592809,0.0924725942627,0.367714538299,-0.906601083042,6.461,0.000933215074437
0.172311430388,-0.0104385427506,-0.0265016046439,0.0892606688822,0.346560231789,-0.909062836556,6.48,0.000925514631076
0.172383725744,-0.00987975316365,-0.0262551931586,0.0867618825568,0.327636134369,-0.917520748871,6.501,0.000924425443735
0.172456034281,-0.00925681257839,-0.0260170299219,0.0828535574725,0.30148199214,-0.910101737724,6.521,0.000907274454714
0.172526323592,-0.00861099323839,-0.0257828157366,0.0796286608073,0.277191413393,-0.908287377712,6.541,0.000896359640917
0.172595943228,-0.00793472387112,-0.025543821372,0.0776159732575,0.256175861974,-0.919928597799,6.561,0.000899100245764
0.172662058497,-0.00723466841471,-0.025315131299,0.0760158363815,0.235228028529,-0.935076783897,6.581,0.000905696657682
0.172722683626,-0.00650234225035,-0.0251106932676,0.0737823772229,0.210668255939,-0.939456263787,6.601,0.000902372542015
0.172779895985,-0.00569210120125,-0.0249246494051,0.0707212510995,0.181321467676,-0.930567314738,6.62,0.000886686568089
0.172833338807,-0.00486551860947,-0.0247403495095,0.0695196212046,0.156115322397,-0.944186571758,6.641,0.000893350093135
0.172882277517,-0.00401842733324,-0.0245616190201,0.0698675159079,0.132575225478,-0.977687762229,6.661,0.000919496032572
0.172921618755,-0.00311793932277,-0.0244268896809,0.0689898646614,0.10349699432,-0.988873899037,6.681,0.000925340562154
0.172950533907,-0.00221848465585,-0.0243324302743,0.0679426082297,0.0735458050995,-0.991239333691,6.701,0.000924107163312
0.172966724948,-0.00132912656032,-0.0242938241237,0.0657325547104,0.0429685517782,-0.968081959641,6.722,0.000900340753955
0.172973773964,-0.000452565461146,-0.0242861639179,0.0638820802274,0.014268310934,-0.944382435311,6.741,0.000877256177501
0.172975518247,0.000454420826732,-0.0242831923044,0.0640279598006,-0.0143718946259,-0.947463678308,6.76,0.000880114218058
0.172968654037,0.0014479712007,-0.0242989740193,0.0657471616856,-0.0468654765691,-0.969023070922,6.781,0.000901434084549
0.172945585586,0.00246087885855,-0.0243902409289,0.0656080262081,-0.0785885279854,-0.952729816836,6.8,0.000888998908218
0.172909902294,0.00342881158654,-0.0245343407275,0.0645954382997,-0.105969011241,-0.91683922009,6.821,0.000859349662818
0.172863352855,0.00437041717928,-0.0247214957724,0.0631744185117,-0.129220477308,-0.870708704753,6.84,0.000820912919684
0.172811234884,0.00527802282888,-0.0249166911362,0.0634146221193,-0.152919023069,-0.846640044174,6.861,0.000803882085673
0.172746895897,0.0061631704618,-0.0251658833277,0.0621218384658,-0.16992889024,-0.797717909241,6.881,0.000763818773633
0.172677486344,0.00703119709808,-0.0254215070381,0.0626112051383,-0.189549681506,-0.771971246088,6.9,0.000746321629898
0.172605941246,0.00787545328902,-0.0256664382876,0.0660113171439,-0.217149660071,-0.781727777833,6.921,0.000763856025652
0.172526720586,0.00869617365358,-0.0259399770209,0.0693799729771,-0.243943441966,-0.786392621192,6.94,0.000777533953053
0.172442586352,0.00948506919849,-0.026228529872,0.0733322692646,-0.271978547109,-0.794236982488,6.961,0.000795339298713
0.172353757785,0.0102432597811,-0.0265322466334,0.0777127520704,-0.300815965883,-0.803069221002,6.98,0.000815182691846
0.172258124716,0.0109673738645,-0.0268679618347,0.080847668791,-0.323386922349,-0.794829335812,7.0,0.000818595727644
0.172159091944,0.0116642787906,-0.0272132495179,0.0845628857312,-0.347200632699,-0.790438119765,7.021,0.000826622618899
0.17205783453,0.0123346772454,-0.0275618416663,0.0892701153038,-0.374254293645,-0.793437416586,7.04,0.000843143290768
0.171953855816,0.0129747926229,-0.0279204757968,0.0940662871025,-0.400667366452,-0.794666278872,7.061,0.000858630105062
0.171845204459,0.0135843727738,-0.0283021944651,0.0976165652573,-0.420331458556,-0.782541226135,7.08,0.000860408590727
0.171728133953,0.0141676233783,-0.0287283304711,0.0980662731526,-0.42464025243,-0.743184771387,7.1,0.000832546357088
0.171609885593,0.0147409631653,-0.0291485746038,0.100679564727,-0.437776893912,-0.72188261952,7.121,0.000824667274721
0.171491843788,0.0153013687701,-0.0295566866262,0.105917058712,-0.461973719717,-0.719573683886,7.14,0.000838835849986
0.171367245928,0.0158377232906,-0.0299979671814,0.108878050929,-0.474675799335,-0.6989607986,7.16,0.000832507104584
0.171240002629,0.016356168736,-0.0304476574391,0.112114150266,-0.487701925998,-0.679807291966,7.181,0.000828099240514
0.171103544864,0.0168583119164,-0.0309409015619,0.112495112168,-0.48671872869,-0.64169145497,7.2,0.000800971538251
0.170968396074,0.0173628383754,-0.0314168576522,0.117337344708,-0.505334697733,-0.630788797787,7.22,0.000807651364717
0.170823910045,0.0178455601221,-0.031939729976,0.118540245053,-0.506554478718,-0.597971561349,7.24,0.000787073116666
0.170664840522,0.0183211529072,-0.0325271302694,0.115948448585,-0.490018710156,-0.545191153435,7.261,0.000740269760238
0.170505201836,0.018807331033,-0.0330938042347,0.119875791631,-0.50158952948,-0.526087793617,7.28,0.000738099341097
0.170347295437,0.0192965757357,-0.0336324862783,0.13065872022,-0.541892539268,-0.536381743625,7.301,0.000778405740104
0.170188214093,0.0197577913075,-0.0341770216096,0.141323898078,-0.580293499898,-0.542411124141,7.321,0.000815273050176
0.170027807831,0.020178962589,-0.0347358576152,0.149148399635,-0.605298402393,-0.534507888701,7.34,0.000833233085683
0.169864320114,0.0205747583996,-0.0353097160769,0.155787308446,-0.624121110339,-0.520311924133,7.361,0.000842932849484
0.169701291229,0.0209523083456,-0.0358778875811,0.164006855164,-0.648520677169,-0.510488195234,7.38,0.000860694824505
0.16953961842,0.0213086602266,-0.0364385931921,0.173362553258,-0.676532159812,-0.502958635429,7.4,0.000883638603326
0.169377806567,0.0216424123073,-0.0370005404584,0.182688025545,-0.703250362929,-0.49355425938,7.421,0.000905121721052
0.16921844198,0.0219491749605,-0.0375552312382,0.191678892519,-0.727692005092,-0.482214123869,7.44,0.000924168783646
0.169062625936,0.0222280818212,-0.0380992174447,0.20007707444,-0.749039816766,-0.468844591411,7.461,0.000939914858473
0.168909345177,0.0224861165918,-0.0386340059467,0.208699677602,-0.770499300883,-0.455461963113,7.481,0.000956353661978
0.168760520854,0.0227208539676,-0.0391535584542,0.217210238274,-0.790963795053,-0.441724520674,7.501,0.000972204948342
0.168616990147,0.0229317121784,-0.0396556966085,0.225240827139,-0.809204111826,-0.427178560893,7.521,0.000986002759455
0.168478807151,0.0231207076096,-0.0401401308632,0.232801122105,-0.825389894162,-0.412078066678,7.54,0.00099796290094
0.168346673189,0.0232887856534,-0.0406044113977,0.239836495621,-0.839504941932,-0.39666457551,7.561,0.00100809632069
0.168220537378,0.0234352825383,-0.0410501284046,0.245686996067,-0.849292117949,-0.380022474376,7.581,0.00101369182036
0.168100601248,0.0235636497511,-0.0414753840507,0.250828574009,-0.856659671028,-0.363277133,7.601,0.00101704649595
0.167986411328,0.0236738331339,-0.0418828652184,0.254735088453,-0.859838844157,-0.345741380532,7.62,0.00101603005735
0.167876988583,0.0237697999897,-0.0422749206884,0.257891539195,-0.860595322273,-0.328164487038,7.641,0.00101268817818
0.16777118508,0.0238628615474,-0.0426503399186,0.262828721706,-0.867617371099,-0.313700686229,7.66,0.00101714387274
0.167671147955,0.0239387481498,-0.0430091516777,0.265889445604,-0.868493515081,-0.297904780503,7.681,0.00101485405057
0.167577241397,0.0239936613923,-0.0433525436949,0.265760666513,-0.859056825776,-0.279715839518,7.701,0.00100099614669
0.167485695329,0.0240631366078,-0.0436722390769,0.271556040939,-0.869606756189,-0.268916701251,7.72,0.00101074236045
0.167391804902,0.0241380107233,-0.043994693232,0.279971648558,-0.888247287059,-0.260049304866,7.741,0.00102996643848
0.167303330191,0.0241938541562,-0.0443046068751,0.285140782402,-0.89631680644,-0.248472791926,7.76,0.00103721319244
0.167220056955,0.0242303239947,-0.0446032829084,0.286657818446,-0.892784404258,-0.234341112894,7.781,0.00103133774459
0.167138496709,0.0242595112718,-0.0448973801849,0.287362141158,-0.886759802104,-0.219995657578,7.801,0.00102281055699
0.167057689428,0.0242916198928,-0.04518512738,0.289981617269,-0.886911076913,-0.207541907352,7.821,0.00102158473658
0.16697910901,0.0243220832894,-0.0454636304502,0.293307969317,-0.88941002539,-0.196039065572,7.84,0.00102324529401
0.16690254174,0.0243511766256,-0.0457336610854,0.297336095023,-0.894167470195,-0.185337504313,7.86,0.00102766403809
0.166828726081,0.0243821724198,-0.0459910505719,0.302955433899,-0.903985314624,-0.17605222714,7.881,0.00103804057144
0.166754936454,0.0243835491559,-0.0462622567473,0.300985564021,-0.89012004024,-0.161844961755,7.901,0.00102140860644
0.166678794172,0.0243692056531,-0.0465484860735,0.295287733621,-0.864769800893,-0.145532795652,7.921,0.00099177256776
0.166598701527,0.0243622479793,-0.0468428561218,0.292605214039,-0.848502265135,-0.130929785379,7.941,0.000972678782242
0.166511864421,0.0243425512961,-0.0471655168078,0.287294336757,-0.823912043415,-0.114555809693,7.96,0.000944218266998
0.166422214893,0.024327334716,-0.0474934334586,0.284529044915,-0.806948789902,-0.0996359133927,7.981,0.000924658882979
0.166331221147,0.0242861599768,-0.0478365881641,0.275432446006,-0.771642299348,-0.0827764865421,8.001,0.000884323245574
0.166231250961,0.0242003180979,-0.0482328498482,0.254755020625,-0.703082333484,-0.062320096593,8.021,0.000806168243918
0.166129846493,0.0241426541491,-0.0486177020834,0.244030224035,-0.664197896454,-0.0467185280379,8.041,0.000762097892102
0.166021920025,0.0241172347911,-0.0490054265179,0.245264986818,-0.658839450019,-0.0340901577169,8.06,0.000756584443151
0.165913707631,0.0240906695174,-0.0493914245468,0.248181348454,-0.658008195556,-0.0218411135401,8.081,0.000756459441551
0.165809332743,0.0240111193252,-0.04978690318,0.236568539336,-0.618048207759,-0.00876116498544,8.1,0.000711633974422
0.16570278344,0.0239054293471,-0.0501985023867,0.219105554913,-0.56337424529,0.00324315977972,8.12,0.000649986955889
0.165588680118,0.0238510977417,-0.0506068563769,0.220520730057,-0.558865446336,0.0143361301334,8.14,0.000646157276497
0.165466652136,0.0238615929653,-0.0510068884796,0.245593503269,-0.614710833324,0.0277293522696,8.161,0.000712243437597
0.165344730424,0.0239005595745,-0.0513899906076,0.281938980144,-0.697908985181,0.0444221638249,8.18,0.000810405923725
0.16523338228,0.0239225382596,-0.0517442571923,0.31323383881,-0.767240892209,0.0619848755061,8.201,0.000892941325184
0.16513214843,0.0239397850596,-0.052066071092,0.342715557294,-0.831441040629,0.0801026360184,8.221,0.00096983407128
0.165044556106,0.0239663340151,-0.0523365704384,0.373091815677,-0.898166186073,0.0982075314023,8.241,0.00104972436307
0.164966282751,0.0239642305413,-0.0525886139796,0.393557482049,-0.939960933443,0.114267035398,8.26,0.00110082319322
0.164900389302,0.0239575349109,-0.0528030217171,0.41015685674,-0.972943166635,0.128421356931,8.281,0.00114154667436
0.164842796335,0.0239504635468,-0.0529910173905,0.424942594262,-1.00200532043,0.141430055263,8.3,0.00117761472431
0.164796228636,0.023942297933,-0.053144993419,0.436643343564,-1.02454716486,0.152312826815,8.321,0.00120581548102
0.164762773878,0.0239577083645,-0.0532471893635,0.451659488531,-1.05699787982,0.162272033819,8.34,0.0012450695792
0.16473895052,0.0239635562039,-0.0533236251067,0.461003924691,-1.07662412908,0.169232706923,8.361,0.00126903626311
0.164731425119,0.0239373841135,-0.053363831737,0.455826969696,-1.06259197497,0.169282297889,8.382,0.00125310532416
0.164738951448,0.0238910570604,-0.0533656982396,0.439908014754,-1.02424887952,0.163583167767,8.401,0.0012081578476
0.164737457112,0.0238705217377,-0.0533848690411,0.434507678156,-1.01065838065,0.16249407571,8.42,0.00119243696071
0.164742963004,0.0238709399829,-0.0533720579569,0.4330963324,-1.00793402245,0.161425025379,8.441,0.00118904788633
0.164755772858,0.0238740071088,-0.0533352344154,0.430185802604,-1.00254111577,0.158744961261,8.46,0.00118222596104
0.164767053671,0.0238727982235,-0.0533054201101,0.426516194668,-0.995034541038,0.156121216206,8.48,0.00117302085139
0.164776909646,0.0238727357125,-0.053279520275,0.423645202747,-0.989286958351,0.153973423896,8.5,0.00116593236962
0.164786828445,0.0238802920133,-0.0532498208659,0.423028494129,-0.989119189406,0.152470042437,8.521,0.00116533936668
0.164796480258,0.023881389813,-0.053224184581,0.420598557269,-0.984413060887,0.150510434707,8.54,0.00115948186041
0.164802600541,0.0238765746093,-0.0532126958152,0.417517733156,-0.977591722906,0.148951378793,8.561,0.00115132030844
0.16480933873,0.0238734845821,-0.0531976908463,0.414732234801,-0.971585979613,0.147346315513,8.58,0.0011440784774
0.164809984058,0.0238642194034,-0.0532044853229,0.411966700861,-0.964793754184,0.146692039243,8.6,0.00113617801387
0.164801021419,0.0238556531259,-0.0532412036551,0.412360640466,-0.964521331593,0.148427307083,8.621,0.00113626902806
0.164787151349,0.0238452391642,-0.0532938848233,0.413733961846,-0.965997402685,0.151197772051,8.641,0.00113860677269
0.164762661571,0.0238231818924,-0.053384843636,0.415008082986,-0.965760106156,0.15558266921,8.661,0.0011394163103
0.164737025241,0.0237977833684,-0.0534807419138,0.415774151334,-0.96409700072,0.159992161576,8.681,0.00113863404456
0.164711744411,0.0237687120538,-0.0535769602133,0.415461410141,-0.959830608989,0.16399116236,8.701,0.00113481598348
0.164685949148,0.0237390208126,-0.0536748652863,0.415261583698,-0.955774168563,0.168079951786,8.72,0.00113128030837
0.164665417892,0.023704797325,-0.0537583270823,0.412094889235,-0.94523665553,0.170331691819,8.741,0.00111993670914
0.164647318686,0.0236565050219,-0.0538406010234,0.404019506183,-0.923209088262,0.170430592946,8.761,0.00109502558526
0.164632079939,0.023616262268,-0.053909896782,0.39741163628,-0.905232426154,0.170481326418,8.781,0.0010746949984
0.164617922043,0.0235945923719,-0.0539676138988,0.396021295456,-0.900008753134,0.172209928953,8.8,0.00106925149915
0.164602539185,0.0235847812179,-0.0540238757324,0.398636227842,-0.904235022967,0.175595548315,8.821,0.00107495450231
0.164587940884,0.0235742021942,-0.0540781049825,0.400803885286,-0.907470052455,0.178727054561,8.84,0.00107947138221
0.16456796358,0.0235785392395,-0.0541423369906,0.409348091933,-0.925210539926,0.185114496515,8.861,0.0011012926567
0.164526318013,0.0236021050316,-0.0542635322332,0.431332404599,-0.971993681808,0.200076752507,8.881,0.00115835083176
0.164468367282,0.0236101916659,-0.0544406485094,0.454935330876,-1.01989032899,0.218748885814,8.9,0.00121777438365
0.164413364142,0.0235833628581,-0.0546231818864,0.467678915468,-1.04182685724,0.233072345576,8.92,0.00124675911683
0.164359161374,0.0235340106106,-0.0548124053843,0.474041598623,-1.04842300535,0.244829273483,8.941,0.00125781336689
0.164305060781,0.0234794263141,-0.0550026809367,0.479370497878,-1.05239908817,0.256233244997,8.96,0.00126590894186
0.164240919425,0.0234310265489,-0.0552192714489,0.491102190455,-1.06951782562,0.272420054361,8.98,0.00129035813736
0.164176493296,0.0233780904732,-0.0554377694863,0.50238385805,-1.08511738447,0.288796893742,9.0,0.00131328762084
0.164115042668,0.0233155376151,-0.055650517209,0.510358746256,-1.09318651261,0.303308902833,9.021,0.00132731001019
0.164053279671,0.0232492089729,-0.0558648285231,0.518086426207,-1.10033866098,0.317943161307,9.04,0.00134047541084
0.163995488516,0.0231789010034,-0.0560683068914,0.523619618691,-1.10290468799,0.330894842594,9.061,0.00134806528305
0.163942017526,0.0231061679916,-0.0562593797296,0.527134750473,-1.10147254501,0.342082959524,9.08,0.00135068707835
0.163892139696,0.023033950621,-0.0564390742705,0.529699854854,-1.09841859429,0.352155235073,9.101,0.00135119100378
0.163845397991,0.0229647127763,-0.056607861664,0.532147721796,-1.09556751341,0.361651172229,9.12,0.00135177710844
0.163801797091,0.0228994882183,-0.0567654245421,0.534690527132,-1.09340217587,0.370701169087,9.141,0.00135301140965
0.163760813492,0.0228366816381,-0.0569140169119,0.537046584368,-1.09121437426,0.379222360155,9.16,0.00135407233703
0.163722150984,0.0227769024269,-0.0570543176167,0.539475140702,-1.08953157857,0.387425042572,9.181,0.0013556117139
0.163684733791,0.0227203032459,-0.057189433138,0.542509230076,-1.08932251294,0.395838595304,9.2,0.00135889733097
0.16364955799,0.0226651570821,-0.0573172962301,0.545124070652,-1.08853229504,0.403645152384,9.221,0.00136134169756
0.163616874323,0.0226104397451,-0.0574376541425,0.54685465305,-1.08622398913,0.410478634795,9.241,0.00136176416971
0.163586335837,0.0225573097466,-0.0575510731062,0.548164403827,-1.08336061691,0.416686599271,9.26,0.00136135212762
0.163557253744,0.0225060675265,-0.0576593635588,0.549454991429,-1.08069084668,0.422644675177,9.28,0.0013610748898
0.163527788974,0.0224574995908,-0.0577670057762,0.551850356332,-1.08027817164,0.429410059976,9.301,0.00136362971013
0.163502825312,0.0224043335313,-0.0578634607487,0.550719766288,-1.07317751194,0.432965289654,9.321,0.00135756908396
0.163477617909,0.0223316135509,-0.0579682258318,0.544376310174,-1.05505973405,0.432789870348,9.341,0.00133800219493
0.163449223528,0.0222568308859,-0.0580825104906,0.539367621129,-1.03929064495,0.433951057669,9.361,0.00132160960755
0.16341809175,0.0221635014544,-0.0582109985787,0.530820379852,-1.01579446209,0.432765030389,9.38,0.00129590335618
0.163383820074,0.0220619116437,-0.0583508043907,0.521942653405,-0.991294278867,0.431566787953,9.401,0.00126917940675
0.163340006911,0.021956030131,-0.0585179789106,0.517567573269,-0.974591420997,0.434958686537,9.42,0.0012530414628
0.163283265175,0.0217709779946,-0.05874930793,0.49888427546,-0.926981684299,0.428665419703,9.44,0.0011995087319
0.163215186723,0.0215740596441,-0.0590146832186,0.484494604819,-0.886947909677,0.426565969567,9.461,0.00115626956786
0.163145342217,0.0211903329507,-0.0593515110667,0.420298090905,-0.751287523278,0.381733016278,9.48,0.000990845295274
0.163037059685,0.0207006104212,-0.0598260519085,0.352846335436,-0.610563484887,0.333823727679,9.501,0.000818844679867
0.16287130706,0.0203485704833,-0.0604015414245,0.366661770669,-0.615156383387,0.362357285,9.52,0.000839963825752
0.162681597336,0.0200081923881,-0.0610293724786,0.407551807364,-0.661966911786,0.42068639205,9.541,0.000922182865587
0.162505261685,0.0195302699922,-0.061656905924,0.410174987098,-0.641136135851,0.441342061552,9.561,0.000914758002189
0.162341680777,0.0189846015816,-0.0622613275886,0.393992202991,-0.590898749538,0.44029830468,9.58,0.000865670000666
0.16216446967,0.0184601179481,-0.0628836027522,0.403180691265,-0.579856299193,0.467045192386,9.601,0.000873906487805
0.161979217072,0.0179497852225,-0.0635115931253,0.432385983243,-0.596065196338,0.517967895848,9.621,0.000925726054962
0.161803447504,0.0174305249154,-0.0641073604972,0.461008970538,-0.608918757334,0.569069948166,9.64,0.000975739433855
0.161643123702,0.0168886427434,-0.0646603383517,0.47969649603,-0.606535732319,0.608093066473,9.661,0.00100420474841
0.16149785505,0.0163379919627,-0.0651686500446,0.491037649001,-0.594169977606,0.637240278354,9.681,0.00101740301805
0.16136099375,0.0157918183105,-0.0656463089021,0.503289358341,-0.582729706168,0.667054734038,9.7,0.00103294047701
0.161230403686,0.0152263990325,-0.0661049080125,0.512902220539,-0.567166509227,0.693185904962,9.721,0.00104309288358
0.161108026338,0.0146522100038,-0.0665373459605,0.519980902691,-0.548436785832,0.715359004424,9.74,0.00104838625122
0.160992708521,0.0140700041132,-0.066946566722,0.52551210047,-0.527864892802,0.734845518828,9.761,0.00105091751388
0.160882674947,0.0134596945826,-0.0673410750929,0.527380717364,-0.502813624938,0.748825251383,9.78,0.00104624652954
0.160775484235,0.0128514239167,-0.0677204660822,0.533958065852,-0.482415118462,0.768989699901,9.801,0.00105152565673
0.160671032885,0.0122568748653,-0.0680832382799,0.547147653926,-0.468025383338,0.798327504108,9.82,0.00107042133571
0.160575599589,0.0116727357908,-0.0684158769507,0.558862121986,-0.452251026572,0.824991356798,9.841,0.00108678729939
0.160483850325,0.0110985701315,-0.0687315671219,0.574352240876,-0.439130814176,0.857004331065,9.861,0.00111087544415
0.160398753872,0.0105247356269,-0.0690255045931,0.588392596341,-0.424119726989,0.886592925037,9.881,0.00113232849905
0.160327302,0.00995471883399,-0.0692812737227,0.592942475045,-0.402282908286,0.901100910943,9.9,0.00113567305875
0.160265641838,0.00936971426898,-0.0695108403812,0.58945283804,-0.374838496994,0.902714111866,9.921,0.00112375190967
0.160206470934,0.00874782194967,-0.0697335957807,0.583963859373,-0.345313943969,0.900942361037,9.941,0.00110817339814
0.16014397977,0.00812441494631,-0.0699578003565,0.588348629408,-0.321754300579,0.914200375475,9.961,0.00111195899003
0.160089479002,0.00745019111285,-0.0701619526675,0.583485975048,-0.291544609761,0.91260816275,9.98,0.0010981571571
0.160030687249,0.00674520425653,-0.0703709736363,0.58762581634,-0.264785446307,0.925002057925,10.0,0.00110175694857
0.159983646522,0.00582521980008,-0.0705641022161,0.567042648521,-0.21997005255,0.89827431709,10.021,0.00105806019436
0.159953021027,0.00472165344331,-0.0707201599392,0.525479698891,-0.16489243682,0.837067525419,10.04,0.000975407403395
0.159905519878,0.00363145694915,-0.0708956863398,0.523150167582,-0.125860400367,0.837798832844,10.061,0.000967741671719
0.159845853914,0.00255364223599,-0.071081142358,0.554236006254,-0.0933949340462,0.891963314707,10.08,0.00102339740733
0.159816650625,0.0014226170585,-0.0711827221003,0.56196545879,-0.0526538399538,0.907029315355,10.1,0.00103618285356
0.159801058633,0.000291648103357,-0.0712357684095,0.570310329504,-0.0109435204669,0.921865387356,10.121,0.00105109238192
0.159800020963,-0.00080580205628,-0.0712380258608,0.577253379864,0.0306021448687,0.933124185516,10.14,0.00106435761736
0.159802829129,-0.00184559613249,-0.0712168878482,0.594846897187,0.0722402309066,0.960780774282,10.161,0.00109843396607
0.159807282385,-0.00283938736912,-0.0711791321726,0.623649353972,0.116554664104,1.00579717324,10.18,0.00115442921562
0.159843871481,-0.00377754899708,-0.0710582776036,0.622266279762,0.155095106124,1.0002271141,10.201,0.00115465999229
0.159920525469,-0.00466880725877,-0.0708374632466,0.579699066789,0.179482594395,0.92668360117,10.22,0.00107797142766
0.159989041484,-0.00552411026198,-0.0706256261774,0.556421378363,0.204765941025,0.884413925046,10.241,0.00103780760309
0.160139133911,-0.00634161489015,-0.0702210720709,0.439439194936,0.187522996651,0.691636747835,10.26,0.00082100316618
0.160314496237,-0.00716786759407,-0.0697443714792,0.303479277094,0.148125614946,0.47191205198,10.281,0.00056814135414
0.160480111474,-0.00802112456156,-0.0692741729338,0.196368263749,0.108478401926,0.301452040781,10.3,0.000368915559355
0.160653835162,-0.00892915448651,-0.0687633262068,0.101393639719,0.0631081186655,0.15334509894,10.321,0.000191445443926
0.160757363431,-0.00988751241468,-0.0683939421114,0.11521127102,0.0799818816553,0.172039122748,10.341,0.000219359108574
0.160909977062,-0.0108506908253,-0.0678927186278,0.0888145339439,0.0683958466841,0.130389720918,10.36,0.00017060155582
0.161127958654,-0.0118216287372,-0.0672150994422,0.00820823786178,0.00699498640249,0.0117743514455,10.38,1.5916333326e-05
0.161398994432,-0.0128335736793,-0.0663795432366,0.0,0.0,0.0,10.401,0
0.161720710349,-0.0138912105449,-0.0653811214669,0.0,0.0,0.0,10.421,0
0.162027092881,-0.0149514016379,-0.0643862391742,0.0,0.0,0.0,10.44,0
0.162321495722,-0.0160105371617,-0.0633874307222,0.0,0.0,0.0,10.461,0
0.162603855032,-0.0170684703197,-0.0623849381155,0.0,0.0,0.0,10.48,0
0.16287406524,-0.0181249019866,-0.0613791773713,0.0,0.0,0.0,10.5,0
0.163132141969,-0.019179774669,-0.0603702025554,0.0,0.0,0.0,10.521,0
0.1633781039,-0.020233054148,-0.0593580509691,0.0474771398524,0.0826549758463,0.0440154473785,10.54,0.000110300255072
0.163658170243,-0.0209771841063,-0.0583243226937,0.0969384489847,0.179291678228,0.0818292803545,10.561,0.000231888790765
0.163985481186,-0.0212064480252,-0.0573182241807,0.0,0.0,0.0,10.581,0
0.164287762481,-0.0212825110925,-0.0564226262096,0.0,0.0,0.0,10.6,0
0.164491759608,-0.0213380968831,-0.0558084053048,0.0,0.0,0.0,10.621,0
0.164648494635,-0.0212853284121,-0.0553697917318,0.0,0.0,0.0,10.641,0
0.164778194849,-0.0212349472791,-0.0550070502823,0.0,0.0,0.0,10.661,0
0.16485625422,-0.0211841779753,-0.0547972771353,0.0,0.0,0.0,10.68,0
0.164909269945,-0.0211302992187,-0.0546635973897,0.0,0.0,0.0,10.7,0
0.164943547765,-0.0210776450745,-0.0545855004698,0.0,0.0,0.0,10.721,0
0.164956279777,-0.0210241458328,-0.0545727175715,0.0,0.0,0.0,10.741,0
0.164967055503,-0.020970214408,-0.0545651311744,0.0,0.0,0.0,10.76,0
0.164981312759,-0.0209173115355,-0.054545973054,0.0,0.0,0.0,10.781,0
0.164995905212,-0.0208629919061,-0.0545265875596,0.0,0.0,0.0,10.8,0
0.16500342375,-0.0208098408414,-0.0545293277191,0.0,0.0,0.0,10.821,0
0.16501013964,-0.0207561153426,-0.0545339163541,0.0,0.0,0.0,10.84,0
0.165030635384,-0.0207042825831,-0.0544941116007,0.0,0.0,0.0,10.861,0
0.165050377924,-0.020652482222,-0.0544567967491,0.0,0.0,0.0,10.881,0
0.165092043483,-0.0204170758062,-0.0544222871937,0.0,0.0,0.0,10.9,0
0.16515326727,-0.0200246019541,-0.0543855421591,0.0,0.0,0.0,10.921,0
0.165237145677,-0.0194219162326,-0.0543524461532,0.0,0.0,0.0,10.94,0
0.165357020567,-0.0184831398714,-0.0543184428763,0.0,0.0,0.0,10.961,0
0.165483264026,-0.0174376041906,-0.0542829786588,0.0,0.0,0.0,10.981,0
0.165602801703,-0.0163917262269,-0.0542476340809,0.0,0.0,0.0,11.0,0
0.165715844461,-0.0153444131742,-0.054212111987,0.0,0.0,0.0,11.021,0
0.165822390194,-0.0142958169736,-0.0541763336846,0.0,0.0,0.0,11.04,0
0.165922399494,-0.0132459687811,-0.0541403771624,0.0,0.0,0.0,11.061,0
0.166015871131,-0.0121950058406,-0.0541041759312,0.0,0.0,0.0,11.08,0
0.166102769027,-0.0111429634814,-0.0540678035747,0.0,0.0,0.0,11.1,0
0.166183085923,-0.0100899776852,-0.0540312241057,0.0,0.0,0.0,11.121,0
0.166256817061,-0.00903609898227,-0.0539944159296,0.0,0.0,0.0,11.14,0
0.166323928636,-0.00798140458392,-0.0539574476605,0.0,0.0,0.0,11.16,0
0.166384420224,-0.00692599378631,-0.0539202831597,0.0,0.0,0.0,11.181,0
0.166438287467,-0.00586997752199,-0.0538829020554,0.0,0.0,0.0,11.2,0
0.166485502315,-0.00481341819572,-0.0538453708657,0.0,0.0,0.0,11.222,0
0.166526085896,-0.00375644428679,-0.0538075971948,0.0,0.0,0.0,11.241,0
0.166559999908,-0.00269914803849,-0.0537696873805,0.0,0.0,0.0,11.26,0
0.166587245284,-0.00164170425877,-0.0537316264754,0.0,0.0,0.0,11.281,0
0.166607834794,-0.000585056192125,-0.0536933632433,0.0,0.0,0.0,11.3,0
0.166621745719,0.000477357755988,-0.0536549658121,0.0,0.0,0.0,11.321,0
0.166628996409,0.00153375143473,-0.0536163756678,0.0,0.0,0.0,11.341,0
0.166629766644,0.00258140352506,-0.0535775260749,0.0,0.0,0.0,11.36,0
0.166626064018,0.00301980295797,-0.0535704773791,0.0,0.0,0.0,11.381,0
0.166637013263,0.00306990361153,-0.0535370577504,0.0,0.0,0.0,11.4,0
0.166649567647,0.00312102323521,-0.0534984178456,0.0,0.0,0.0,11.421,0
0.166662109917,0.00317213409067,-0.0534597348637,0.0,0.0,0.0,11.44,0
0.166674634435,0.00322322550924,-0.0534210265202,0.0,0.0,0.0,11.461,0
0.166687145287,0.00327430963024,-0.0533822797121,0.0,0.0,0.0,11.48,0
0.166699643308,0.00332539027048,-0.0533434914205,0.0,0.0,0.0,11.501,0
0.166712127672,0.00337646314171,-0.0533046645274,0.0,0.0,0.0,11.521,0
0.166724598823,0.00342753047158,-0.0532657973889,0.0,0.0,0.0,11.541,0
0.166737056699,0.00347859209535,-0.0532268901435,0.0,0.0,0.0,11.561,0
0.166749501291,0.00352964800052,-0.0531879427489,0.0,0.0,0.0,11.58,0
0.166761932916,0.00358070009678,-0.0531489539609,0.0,0.0,0.0,11.601,0
0.166774218608,0.00363646588953,-0.0531102664542,0.0,0.0,0.0,11.621,0
0.166781067482,0.00389994199967,-0.0530737250886,0.0,0.0,0.0,11.64,0
0.166783979273,0.00433728738865,-0.0530343920747,0.0,0.0,0.0,11.66,0
0.166782097317,0.00488490086579,-0.0529964111947,0.0,0.0,0.0,11.681,0
0.16676905096,0.0057075637164,-0.0529589709437,0.0,0.0,0.0,11.7,0
0.166746186018,0.00669785986551,-0.0529188219339,0.0,0.0,0.0,11.72,0
0.166715422712,0.00772651011925,-0.0528793836594,0.0,0.0,0.0,11.74,0
0.166677038743,0.00878290004594,-0.0528393460027,0.0,0.0,0.0,11.76,0
0.166632027969,0.00983837867333,-0.0527992092939,0.0,0.0,0.0,11.78,0
0.166580379788,0.0108930786088,-0.0527590231179,0.0,0.0,0.0,11.8,0
0.166522127173,0.0119469652421,-0.0527187166137,0.0,0.0,0.0,11.821,0
0.166457286984,0.0129999649524,-0.0526782797185,0.0,0.0,0.0,11.841,0
0.1663858674,0.014051967529,-0.0526377448361,0.0,0.0,0.0,11.86,0
0.166307881844,0.0151028651277,-0.0525971337266,0.0,0.0,0.0,11.881,0
0.166223358676,0.0161526312588,-0.0525563996692,0.0,0.0,0.0,11.9,0
0.166132307227,0.0172011152296,-0.0525155994249,0.0,0.0,0.0,11.921,0
0.16603475727,0.0182483037775,-0.0524746842097,0.0,0.0,0.0,11.94,0
0.165930723142,0.0192940387754,-0.0524337087829,0.0,0.0,0.0,11.961,0
0.165820234899,0.0203383162659,-0.0523926259565,0.0,0.0,0.0,11.981,0
0.165703313063,0.0213810106872,-0.0523514682291,0.0,0.0,0.0,12.001,0
0.165579984393,0.0224220438118,-0.0523102353583,0.0,0.0,0.0,12.021,0
0.165450276283,0.0234613342644,-0.0522689303731,0.148404803561,-0.364594286287,0.0395029842495,12.04,0.000424846994926
0.165350442239,0.0242482085698,-0.0522315094785,0.406523683099,-1.02154640666,0.10525979314,12.061,0.00118622876356
0.165348967026,0.0245107375527,-0.0521206902586,0.482811344083,-1.22619642625,0.11855546125,12.081,0.00142126245236
0.165439495313,0.0243567569468,-0.0519120603873,0.416927316527,-1.06218213841,0.0927812294688,12.101,0.00122996957883
0.165529789147,0.0241968471789,-0.0517051619169,0.350078355118,-0.894467144538,0.0697658764994,12.12,0.00103485083976
0.165580063952,0.024194249918,-0.0515516253052,0.338579544311,-0.869610798919,0.0614257992122,12.14,0.00100504961111
0.165614893633,0.0242325897434,-0.0514281261445,0.342617407699,-0.88464709458,0.0571533332205,12.161,0.00102145405795
0.165647335277,0.0242704801581,-0.0513122079806,0.347170899024,-0.900920183235,0.0531169062938,12.18,0.00103933334472
0.165678187312,0.0243111190468,-0.0511998054203,0.352975753619,-0.920554387236,0.0492411145476,12.201,0.00106109485956
0.165707710211,0.0243546273645,-0.0510900351347,0.359987353401,-0.943508871048,0.045440362461,12.22,0.0010866765717
0.165735846038,0.024401922285,-0.0509826543196,0.368456494728,-0.970520004988,0.0416910395126,12.241,0.00111691300026
0.165764372406,0.0244422520209,-0.0508771349762,0.374922033903,-0.992237803798,0.0375791734722,12.26,0.0011410773512
0.165794966363,0.0244635668277,-0.0507738834169,0.375621998446,-0.998264017653,0.0328816009504,12.28,0.00114727940697
0.165826036727,0.0244731846554,-0.0506745317204,0.372991301665,-0.995020879033,0.0280709780429,12.3,0.00114291179818
0.16585532459,0.0244824644355,-0.0505809534156,0.370701206967,-0.992455030836,0.0235827178061,12.321,0.0011393784836
0.165882313719,0.0244948330697,-0.0504932171113,0.36980114022,-0.993477612536,0.0194626828222,12.341,0.00114000379916
0.165907366457,0.0245080061085,-0.050411295965,0.369544229769,-0.996058204496,0.0156362890643,12.361,0.00114245790223
0.165931262527,0.0245193909845,-0.0503339260512,0.369038604309,-0.997779663819,0.011999773128,12.38,0.00114396702972
0.165954010811,0.0245286201633,-0.0502612788143,0.368165727715,-0.998298483818,0.0085679150605,12.401,0.00114413872244
0.16597557709,0.0245369320221,-0.050192875356,0.367276213303,-0.998604738399,0.00533474054925,12.421,0.00114410034323
0.165995644319,0.024544951676,-0.0501294770696,0.366585683329,-0.999275039872,0.00233920150547,12.44,0.00114451227304
0.166017488672,0.0245525565147,-0.0500603036308,0.36557018119,-0.999239767762,-0.000930893448771,12.461,0.00114409931748
0.166034166791,0.0245599872472,-0.050008264001,0.365301740296,-1.00066618165,-0.00339421261434,12.48,0.0011454448189
0.16605109266,0.0245666495447,-0.049955728634,0.364812172518,-1.00148682417,-0.00588316716505,12.501,0.00114610211501
0.166067423775,0.0245722706432,-0.0499056288959,0.364141490127,-1.00170242297,-0.0082548418737,12.521,0.00114608589936
0.166082938019,0.0245774654215,-0.0498584060171,0.363492206795,-1.00186778592,-0.0104899179009,12.54,0.00114603038336
0.166094861872,0.0245666691435,-0.0498309688066,0.358773728025,-0.989751685739,-0.0116513038965,12.561,0.00113206334027
0.166102784059,0.02455314113,-0.049818243491,0.353819352135,-0.97641515566,-0.0120883144457,12.581,0.00111677061417
0.166156990891,0.024170585634,-0.0498309766672,0.236012588926,-0.645092911347,-0.00771819851453,12.601,0.000738648616787
0.166234644558,0.0235254466878,-0.0498859964037,0.0344465903997,-0.0924516331766,-0.00088537508551,12.621,0.000106089605659
0.166239755672,0.0232682285283,-0.0499949379566,0.0,0.0,0.0,12.64,0
0.166232606189,0.0229626441492,-0.0501657479756,0.0,0.0,0.0,12.661,0
0.166283550784,0.022231979847,-0.0503316985225,0.0,0.0,0.0,12.681,0
0.166354459282,0.0213391704146,-0.0504894439264,0.0,0.0,0.0,12.701,0
0.166428323309,0.0204038866717,-0.0506385189083,0.0,0.0,0.0,12.721,0
0.166505012716,0.0194290202791,-0.0507757771008,0.0,0.0,0.0,12.741,0
0.166579985265,0.0184448642606,-0.0509031097241,0.0,0.0,0.0,12.761,0
0.166656640535,0.0174489319493,-0.0510093908654,0.0,0.0,0.0,12.781,0
0.166732298867,0.0164446410398,-0.0511013135054,0.0,0.0,0.0,12.801,0
0.166802577346,0.0154361680725,-0.0511921005669,0.0,0.0,0.0,12.821,0
0.166873702383,0.0144211388237,-0.0512620614402,0.0,0.0,0.0,12.84,0
0.166935088823,0.0133989879769,-0.0513454865518,0.0,0.0,0.0,12.861,0
0.166991372612,0.0123748625817,-0.0514251324712,0.0,0.0,0.0,12.881,0
0.167045428679,0.0113466973786,-0.0514918570129,0.0,0.0,0.0,12.9,0
0.167097095459,0.0103145580507,-0.0515463693498,0.0,0.0,0.0,12.921,0
0.167140827662,0.00927968582998,-0.0516064496423,0.0,0.0,0.0,12.94,0
0.167173122197,0.00824187414482,-0.0516830343986,0.0,0.0,0.0,12.961,0
0.167204517356,0.00720291839013,-0.0517421913845,0.0,0.0,0.0,12.98,0
0.167226032171,0.00615985196155,-0.0518127008143,0.0,0.0,0.0,13.0,0
0.167238132124,0.00511315037934,-0.0518932555282,0.0,0.0,0.0,13.021,0
0.1672438655,0.00406613337008,-0.0519728448354,0.0,0.0,0.0,13.04,0
0.167247347556,0.00301703331745,-0.0520386382277,0.0,0.0,0.0,13.061,0
0.167239689481,0.00196305286764,-0.0521193406036,0.0,0.0,0.0,13.08,0
0.167225674466,0.000909384997092,-0.0521987371635,0.0,0.0,0.0,13.101,0
0.167210395218,-0.000158209218626,-0.0522607432052,0.0,0.0,0.0,13.12,0
0.167185772981,-0.0012089284426,-0.0523308468944,0.0,0.0,0.0,13.141,0
0.167154648363,-0.00227301493102,-0.052399716206,0.0,0.0,0.0,13.161,0
0.167122186342,-0.0033338936616,-0.0524513538503,0.0,0.0,0.0,13.18,0
0.167081725314,-0.00439853076942,-0.0525067214531,0.0,0.0,0.0,13.201,0
0.167035750279,-0.00546336176778,-0.0525578902783,0.0,0.0,0.0,13.22,0
0.166988016276,-0.00652839284365,-0.0525927984625,0.0,0.0,0.0,13.241,0
0.166933891473,-0.00759443009219,-0.0526261143997,0.0,0.0,0.0,13.26,0
0.166877657439,-0.0086559031308,-0.0526453692264,0.0,0.0,0.0,13.281,0
0.166820876403,-0.00971782916651,-0.0526440490261,0.0,0.0,0.0,13.3,0
0.166763241521,-0.0107745018498,-0.0526249651448,0.0,0.0,0.0,13.32,0
0.166705617807,-0.0118311251813,-0.0525840080343,0.0,0.0,0.0,13.341,0
0.166641010117,-0.0128862818515,-0.0525442992678,0.0,0.0,0.0,13.36,0
0.166569818421,-0.0139403431204,-0.0525044233492,0.0,0.0,0.0,13.381,0
0.166533344689,-0.014504837697,-0.0524706207468,0.0,0.0,0.0,13.4,0
0.166536416607,-0.0146220439919,-0.0524315402515,0.0,0.0,0.0,13.421,0
0.16654647838,-0.014655488273,-0.0523932830709,0.0,0.0,0.0,13.44,0
0.166564685459,-0.0146028956805,-0.0523530524476,0.0,0.0,0.0,13.461,0
0.16658271615,-0.0145509730552,-0.0523131096142,0.0,0.0,0.0,13.48,0
0.166600730488,-0.0144990404246,-0.052273131853,0.0,0.0,0.0,13.501,0
0.166618729929,-0.0144471102015,-0.0522331109902,0.0,0.0,0.0,13.52,0
0.166636714116,-0.014395182988,-0.0521930477773,0.0,0.0,0.0,13.54,0
0.166654682579,-0.014343259123,-0.0521529435732,0.0,0.0,0.0,13.561,0
0.166672635091,-0.0142913385429,-0.0521127990865,0.0,0.0,0.0,13.58,0
0.166690572514,-0.0142394186453,-0.0520726121142,0.0,0.0,0.0,13.601,0
0.166708493685,-0.0141875045035,-0.0520323850081,0.0,0.0,0.0,13.62,0
0.166726399744,-0.0141355910448,-0.0519921153285,0.0,0.0,0.0,13.642,0
0.166744288995,-0.0140836857935,-0.0519518065462,0.0,0.0,0.0,13.66,0
0.166738450648,-0.0142398296906,-0.0519317715961,0.0,0.0,0.0,13.681,0
0.166727034713,-0.0145348095749,-0.0518900550346,0.0,0.0,0.0,13.701,0
0.166706828826,-0.0149199461498,-0.0518490193506,0.0,0.0,0.0,13.721,0
0.166664605194,-0.0154676411525,-0.0518276752083,0.0,0.0,0.0,13.74,0
0.16660843512,-0.0160851139782,-0.0518243448387,0.0,0.0,0.0,13.761,0
0.166534940433,-0.0167941773034,-0.0518404022008,0.0,0.0,0.0,13.781,0
0.166449724101,-0.0175887356521,-0.0518548880131,0.0,0.0,0.0,13.8,0
0.166353847069,-0.0184524163469,-0.0518666715666,0.0,0.0,0.0,13.82,0
0.166242605363,-0.0193988965556,-0.0518821762733,0.0,0.0,0.0,13.841,0
0.166124355821,-0.0203561826076,-0.0518981338865,0.0,0.0,0.0,13.86,0
0.166002354161,-0.0213343523327,-0.0518996983726,0.0,0.0,0.0,13.881,0
0.165862791188,-0.0223617357185,-0.0519178203042,0.0,0.0,0.0,13.901,0
0.165712862994,-0.0234173707078,-0.0519355528827,0.088898218803,0.224155468326,0.0206264909233,13.92,0.000259992896574
0.165590317788,-0.0243174953532,-0.0519162186758,0.381366050253,0.985566456585,0.0864235853881,13.941,0.00113913538354
0.165573154684,-0.0246429830478,-0.0518218244046,0.478081632398,1.24976672128,0.102584289746,13.961,0.00144193597985
0.165650885681,-0.0244609553009,-0.0516649972555,0.409184930831,1.07058850293,0.0805598191607,13.98,0.00123464291905
0.165719639293,-0.0243095374559,-0.0515211446828,0.351253396904,0.920094366801,0.0633437932567,14.001,0.00106061404061
0.165759566653,-0.0242719361931,-0.0514158126081,0.332337113401,0.872953129834,0.0557921181611,14.02,0.00100570880256
0.165782758311,-0.0242887948666,-0.0513387294247,0.332664037774,0.876618932786,0.0527567544923,14.041,0.00100937331423
0.165800682708,-0.0243254821911,-0.0512691447176,0.339804616377,0.898535280606,0.0510092800936,14.061,0.00103402749522
0.165820577537,-0.0243462827882,-0.0512005994645,0.342022030159,0.907133874655,0.0484875164876,14.081,0.00104340656512
0.165842564659,-0.0243500687682,-0.0511332663353,0.339001082246,0.901420469572,0.0452799808097,14.1,0.00103639454711
0.165863358191,-0.02435343537,-0.0510699156204,0.336149150824,0.895995135926,0.0422945495011,14.121,0.00102975164679
0.165881897499,-0.0243631061897,-0.0510107963973,0.335582143063,0.896658420496,0.0397822986827,14.14,0.00103011944593
0.165898903552,-0.0243752957019,-0.050955384814,0.33606085514,0.900065477248,0.0375373860281,14.161,0.00103365697864
0.165915476332,-0.0243850880455,-0.0509024630965,0.3359650221,0.901812460824,0.0353223127304,14.181,0.00103531322646
0.165931674549,-0.0243920540835,-0.0508520567012,0.335159079987,0.901513564979,0.0331370539898,14.201,0.00103464807603
0.165946751974,-0.0243988880925,-0.0508053156636,0.334543513491,0.901608983252,0.0311254800571,14.221,0.00103446029364
0.16596067199,-0.0244062840811,-0.0507620423917,0.334316220486,0.902657436597,0.0292936493067,14.24,0.00103538621461
0.165973942548,-0.0244129798323,-0.0507211886794,0.334022118165,0.903437107298,0.0275552138071,14.26,0.00103602159188
0.165986695401,-0.024418717326,-0.0506824543509,0.333561736957,0.90368073952,0.0258914951808,14.281,0.00103605897373
0.165998904791,-0.0244240096481,-0.0506456821207,0.333083759235,0.903805677004,0.0243092388812,14.301,0.00103597431472
0.16601077361,-0.0244288104239,-0.050610235647,0.332538930326,0.903696284273,0.022778750919,14.32,0.00103563173165
0.166022218984,-0.0244334293924,-0.0505762364538,0.33202773983,0.903628226492,0.0213125214129,14.34,0.0010353466362
0.166033059881,-0.0244382182865,-0.0505441144773,0.331677935446,0.903944676781,0.0199360096236,14.361,0.00103551286906
0.166043636314,-0.0244425852083,-0.0505130440025,0.331263236795,0.904042106317,0.0186000604521,14.38,0.00103543641364
0.166054210036,-0.0244461471364,-0.0504823505776,0.330631746212,0.903516888727,0.017269163033,14.401,0.00103465294355
0.166085889743,-0.0243250684458,-0.0504423291356,0.291004271627,0.794100434168,0.0137361627352,14.421,0.000909488589547
0.166119974698,-0.0241665829238,-0.0504120570053,0.240091223354,0.653397288992,0.010425947534,14.44,0.000748569696755
0.166197132637,-0.0237154708189,-0.0503775254318,0.0965224447661,0.260037454606,0.00378851539501,14.46,0.000298271706753
0.166267433977,-0.0232919532919,-0.05034749209,0.0,0.0,0.0,14.481,0
0.166298586202,-0.0231605862571,-0.050308124938,0.0,0.0,0.0,14.501,0
0.166342212119,-0.0229370577973,-0.050269176755,0.0,0.0,0.0,14.52,0
0.166406544288,-0.0225652369569,-0.0502276000408,0.0,0.0,0.0,14.54,0
0.166515025034,-0.0218407935393,-0.0501912640668,0.0,0.0,0.0,14.561,0
0.166661381037,-0.0208025663049,-0.0501497152942,0.0,0.0,0.0,14.581,0
0.166800479867,-0.0197581640337,-0.0501127789921,0.0,0.0,0.0,14.602,0
0.166940508584,-0.0187121888971,-0.0500511538378,0.0,0.0,0.0,14.621,0
0.167066229086,-0.017664620327,-0.0500155797133,0.0,0.0,0.0,14.64,0
0.16718697784,-0.0166154546396,-0.0499748979939,0.0,0.0,0.0,14.66,0
0.167301496324,-0.0155648731043,-0.049933189257,0.0,0.0,0.0,14.681,0
0.167409566496,-0.014513010609,-0.0498910972492,0.0,0.0,0.0,14.701,0
0.167511123771,-0.013459902972,-0.0498487889781,0.0,0.0,0.0,14.72,0
0.167606122971,-0.0124056072134,-0.0498063633854,0.0,0.0,0.0,14.741,0
0.167694551678,-0.0113502573993,-0.0497637908589,0.0,0.0,0.0,14.761,0
0.167776369452,-0.0102939288217,-0.0497211615316,0.0,0.0,0.0,14.781,0
0.167851579565,-0.00923668396725,-0.0496784203375,0.0,0.0,0.0,14.801,0
0.167925757083,-0.00817697760961,-0.0496188248661,0.0,0.0,0.0,14.821,0
0.168061738727,-0.00711368691163,-0.0493287024526,0.0,0.0,0.0,14.841,0
0.168245518073,-0.00605486099453,-0.0488477870721,0.0,0.0,0.0,14.861,0
0.168437754369,-0.00502797719052,-0.0483057251932,0.0,0.0,0.0,14.881,0
0.168633198193,-0.00455319603272,-0.0476738489951,0.0,0.0,0.0,14.9,0
0.16882993333,-0.00450147133145,-0.0469839107925,0.0,0.0,0.0,14.921,0
0.169035837177,-0.00444627778492,-0.0462497963135,0.0,0.0,0.0,14.94,0
0.169249163471,-0.00439192666627,-0.0454749733069,0.0,0.0,0.0,14.96,0
0.169467439242,-0.00433685754502,-0.0446670351615,0.0,0.0,0.0,14.98,0
0.169673285349,-0.00428412139209,-0.0438905532975,0.0,0.0,0.0,15.0,0
0.169862512319,-0.00422948094939,-0.0431648911688,0.0,0.0,0.0,15.021,0
0.169993638778,-0.00418361083252,-0.0426562948681,0.0,0.0,0.0,15.041,0
0.170052948317,-0.00413157476271,-0.0424311580623,0.0,0.0,0.0,15.06,0
0.170093152124,-0.00407666902646,-0.0422821924327,0.0,0.0,0.0,15.08,0
0.170121300024,-0.00402303095735,-0.0421809337144,0.0,0.0,0.0,15.101,0
0.170140565394,-0.00396807820702,-0.0421155482094,0.0,0.0,0.0,15.12,0
0.170158218518,-0.00391324149096,-0.0420564668072,0.0,0.0,0.0,15.14,0
0.170180482677,-0.00385777725003,-0.0419787052353,0.0,0.0,0.0,15.161,0
0.170207000346,-0.00380279808105,-0.0418832991514,0.0,0.0,0.0,15.181,0
0.17024560552,-0.0037468283406,-0.0417386116097,0.0,0.0,0.0,15.201,0
0.170356626738,-0.00368956089676,-0.0412967205158,0.0,0.0,0.0,15.22,0
0.170521766755,-0.00363452817353,-0.0406218438599,0.0,0.0,0.0,15.24,0
0.170706449592,-0.00357815866556,-0.039851720346,0.0,0.0,0.0,15.261,0
0.170934828977,-0.00352146425136,-0.0388741004938,0.0,0.0,0.0,15.28,0
0.171185260665,-0.00346618556878,-0.0377692101022,0.0,0.0,0.0,15.301,0
0.171428951431,-0.00341089539841,-0.036660745568,0.0,0.0,0.0,15.321,0
0.17166579743,-0.00335553772676,-0.035548995402,0.0,0.0,0.0,15.34,0
0.171890467117,-0.00330189647337,-0.0344601012667,0.0,0.0,0.0,15.36,0
0.172063673272,-0.00325740648762,-0.0335968748039,0.0,0.0,0.0,15.381,0
0.172203091817,-0.00320508192591,-0.0328890474843,0.0,0.0,0.0,15.4,0
0.172290087699,-0.00316358276396,-0.0324420884734,0.0,0.0,0.0,15.42,0
0.172310341157,-0.00312469228109,-0.0323450828748,0.0,0.0,0.0,15.441,0
0.172312178398,-0.00309347744737,-0.0323435954854,0.0,0.0,0.0,15.46,0
0.172314266826,-0.00306243022679,-0.0323406973881,0.0,0.0,0.0,15.481,0
0.172320797702,-0.00303669025806,-0.0323110439677,0.0,0.0,0.0,15.5,0
0.172332968796,-0.00301060017924,-0.0322511703645,0.0,0.0,0.0,15.52,0
0.172345085033,-0.0029847817853,-0.0321915161088,0.0,0.0,0.0,15.541,0
0.172357196875,-0.00295899787231,-0.0321317427397,0.0,0.0,0.0,15.56,0
0.172369292845,-0.00293331472944,-0.0320719015263,0.0,0.0,0.0,15.581,0
0.172394358119,-0.00289492776109,-0.0319475812673,0.0,0.0,0.0,15.601,0
0.172432626892,-0.00284625775325,-0.0317541399285,0.0,0.0,0.0,15.621,0
0.17248366856,-0.00279482960895,-0.0314901689325,0.0,0.0,0.0,15.64,0
0.172566885613,-0.00274380452325,-0.0310456607864,0.0,0.0,0.0,15.661,0
0.172666951764,-0.00269516613763,-0.0304982688229,0.0,0.0,0.0,15.68,0
0.172780122699,-0.00264548037992,-0.0298653267029,0.0,0.0,0.0,15.701,0
0.172906986684,-0.00259756795812,-0.0291365557945,0.0,0.0,0.0,15.721,0
0.1730354957,-0.00255213889041,-0.0283779891325,0.0,0.0,0.0,15.741,0
0.173162176254,-0.00250760014107,-0.0276093424549,0.0,0.0,0.0,15.761,0
0.173287113645,-0.00246464592757,-0.026829056389,0.0,0.0,0.0,15.781,0
0.173408915037,-0.00242314670481,-0.0260454312378,0.0,0.0,0.0,15.801,0
0.173527229344,-0.00238304465191,-0.025260639239,0.0,0.0,0.0,15.82,0
0.173642024062,-0.00234438805534,-0.0244748489567,0.0366929381802,0.0633461047386,-0.803449460607,15.84,0.000748087578508
0.173688417768,-0.00231059742332,-0.024153729885,0.0497068129647,0.0875678483222,-1.1410409801,15.861,0.00106205269127
0.173653314445,-0.00226265031084,-0.0244127038223,0.0389287562802,0.0654066290151,-0.861638817431,15.881,0.000802000726389
0.173610049598,-0.00217852362224,-0.024734654468,0.024189297688,0.0379128322531,-0.51222760421,15.901,0.000476743658203
0.173613454778,-0.0021395501854,-0.0247267096948,0.0243493435141,0.0375729846997,-0.517045013572,15.92,0.00048115994125
0.173639453429,-0.00210841085618,-0.0245580653029,0.0318235311949,0.0493162674935,-0.693249166129,15.941,0.00064499237658
0.173653585851,-0.00208671299274,-0.0244668934449,0.0356779383158,0.0552947378813,-0.788177706429,15.961,0.000733216463911
0.173650717546,-0.00205847889028,-0.0244961893176,0.0342700401182,0.0522827180609,-0.754601700302,15.98,0.000701931202122
0.173644623472,-0.00203064189722,-0.0245493611319,0.0318038950545,0.0476489893868,-0.695701341574,16.0,0.000647106524183
0.173646235406,-0.00200129240097,-0.0245458281383,0.0318199029038,0.0470398843009,-0.696976736574,16.021,0.000648231566981
0.173650836178,-0.00198565886886,-0.0245185299281,0.0329370109286,0.0484757053121,-0.724679758235,16.041,0.000673952488816
0.173651711848,-0.00196050429391,-0.024521104811,0.0326995386835,0.0475473925273,-0.719849639676,16.06,0.000669409446075
0.173652303852,-0.00193808031245,-0.0245239509637,0.0324679140094,0.0466911069097,-0.714984982035,16.081,0.000664841370021
0.173653540166,-0.00191542670287,-0.0245226953956,0.0324136379555,0.0461105085333,-0.714480253344,16.1,0.000664326061317
0.17365380552,-0.0018900045394,-0.0245295167604,0.031994063441,0.0449184170786,-0.705182492295,16.121,0.000655633894195
0.173655075124,-0.00186510434596,-0.0245294492141,0.0318773427415,0.0442066107546,-0.703274966925,16.14,0.000653812243147
0.173658233425,-0.00184739507339,-0.024513600519,0.0324818018041,0.0447221757814,-0.718742822355,16.16,0.000668151248556
0.173662145005,-0.00182967999042,-0.0244925884406,0.0333049950237,0.0455486455675,-0.739720220135,16.181,0.000687608202492
0.173663880157,-0.00180417030205,-0.0244895403377,0.0333155473405,0.0449861750325,-0.741003795914,16.2,0.000688749919785
0.173665559913,-0.0017886206452,-0.0244826500796,0.0335410958009,0.0449569051385,-0.747160629768,16.221,0.000694439419989
0.173670454167,-0.00176825762673,-0.0244543368103,0.0346596819443,0.0460963777224,-0.775777501469,16.241,0.00072098444988
0.173672252782,-0.0017495706484,-0.0244476937788,0.0348576229393,0.0459318408857,-0.781467385147,16.261,0.000726232377607
0.173674072172,-0.00172711379798,-0.0244414861492,0.0350228748167,0.045619745714,-0.786439938943,16.281,0.000730806422482
0.17367071552,-0.00170516255586,-0.0244730373038,0.0335817279967,0.0430775398244,-0.751249128244,16.301,0.000698076097165
0.173671502698,-0.00168128031742,-0.0244754417045,0.0333742411741,0.0422367849148,-0.746979732531,16.321,0.000694065736927
0.173679058355,-0.00166274608179,-0.0244273634069,0.0353352902122,0.0444785850775,-0.796889025542,16.34,0.000740384137364
0.173682385381,-0.00164479200564,-0.024409868503,0.0359907883755,0.0449276747015,-0.814276414159,16.361,0.000756496269921
0.173680223118,-0.00162067469271,-0.0244331572159,0.0349095232273,0.0428685951436,-0.787803883496,16.38,0.000731866280337
0.17367991208,-0.00160032314809,-0.024441310998,0.0344825606241,0.0418027005109,-0.777737917379,16.401,0.000722481218505
0.173678371298,-0.00157489441155,-0.024461144646,0.0335346189399,0.0399609087426,-0.754891338739,16.421,0.00070122068076
0.173671728489,-0.00155321794256,-0.0245165173179,0.0310711764517,0.0363331656028,-0.694435104425,16.44,0.000645047046545
0.173650102191,-0.00152849385161,-0.0246780830711,0.0238256348171,0.0269778468284,-0.520656011122,16.461,0.000483639873651
0.173631290887,-0.00149837872636,-0.0248203455221,0.0171310273437,0.0187539972393,-0.367147404109,16.48,0.000341046698746
0.173628441396,-0.00147307041865,-0.0248480982544,0.0157252261142,0.0168890817663,-0.335948976017,16.501,0.00031205197453
0.173601463909,-0.00146730471304,-0.0250409065302,0.00626522770223,0.00657330060558,-0.130263453955,16.52,0.000121008899098
0.173566715826,-0.00144307695575,-0.0252912104261,0.0,0.0,0.0,16.54,0
0.173560714516,-0.00142135010689,-0.0253406877602,0.0,0.0,0.0,16.56,0
0.173562617489,-0.00140431792147,-0.0253334083636,0.0,0.0,0.0,16.581,0
0.173525971855,-0.00139552872704,-0.0255884718845,0.0,0.0,0.0,16.601,0
0.173430430395,-0.00139792906069,-0.0262361754561,0.0,0.0,0.0,16.62,0
0.173300877706,-0.00136506448535,-0.027092443047,0.0,0.0,0.0,16.641,0
0.173159691104,-0.00132988437046,-0.0279936010082,0.0,0.0,0.0,16.661,0
0.173004392026,-0.00129171288929,-0.0289505575135,0.0,0.0,0.0,16.68,0
0.172839953085,-0.00125060838023,-0.0299291471256,0.0,0.0,0.0,16.7,0
0.172666710461,-0.00120831827804,-0.0309249424125,0.0,0.0,0.0,16.721,0
0.172480361824,-0.00116438926307,-0.0319594756435,0.0,0.0,0.0,16.74,0
0.172283505397,-0.00111764699074,-0.0330155756455,0.0,0.0,0.0,16.761,0
0.172073330486,-0.00107047841015,-0.0341048045727,0.0,0.0,0.0,16.781,0
0.17184994689,-0.00102019794395,-0.0352237758949,0.0,0.0,0.0,16.8,0
0.171619653327,-0.000968389678757,-0.0363395344903,0.0,0.0,0.0,16.82,0
0.171382454974,-0.000915141507096,-0.0374522101643,0.0,0.0,0.0,16.841,0
0.171138330707,-0.000860526899523,-0.0385620276439,0.0,0.0,0.0,16.86,0
0.170887469215,-0.000804759606674,-0.0396682772638,0.0,0.0,0.0,16.881,0
0.170629775476,-0.000748507798001,-0.0407715125079,0.0,0.0,0.0,16.9,0
0.170365453536,-0.000692387331542,-0.0418710038936,0.0,0.0,0.0,16.92,0
0.170094487175,-0.000636368684651,-0.0429669803548,0.0,0.0,0.0,16.94,0
0.16981693387,-0.000580469939462,-0.0440593593992,0.0,0.0,0.0,16.961,0
0.169532768382,-0.000524660232176,-0.0451483752437,0.0,0.0,0.0,16.98,0
0.169242217461,-0.00046908338721,-0.046233312492,0.0,0.0,0.0,17.001,0
0.168945172611,-0.000413682510678,-0.0473147222742,0.0,0.0,0.0,17.021,0
0.168641785057,-0.000358593223022,-0.0483921941267,0.0,0.0,0.0,17.041,0
0.168332154842,-0.000303953856751,-0.0494655282148,0.0,0.0,0.0,17.06,0
0.168016037586,-0.000250017525475,-0.0505356859149,0.0,0.0,0.0,17.081,0
0.167694055713,-0.000197307339712,-0.0516007229142,0.0,0.0,0.0,17.1,0
0.167366014133,-0.000147116144434,-0.0526614624053,0.0,0.0,0.0,17.12,0
0.167031942796,-0.00010296281108,-0.0537179550218,0.0,0.0,0.0,17.141,0
0.1666918093,-7.60372364932e-05,-0.0547704352191,0.0,0.0,0.0,17.161,0
0.166345778791,8.46974506369e-05,-0.0558185273116,0.0,0.0,0.0,17.181,0
0.165993953642,0.000121475424396,-0.0568620684053,0.0,0.0,0.0,17.201,0
0.165636406121,0.000168834065664,-0.0579009919998,0.0,0.0,0.0,17.221,0
0.165273179842,0.000219996654172,-0.058935316651,0.0,0.0,0.0,17.24,0
0.164904466816,0.000272735579135,-0.0599646499723,0.0,0.0,0.0,17.26,0
0.164749230477,0.000326107127706,-0.0603955816358,0.0,0.0,0.0,17.281,0
0.164763143186,0.000377645777414,-0.0603606432217,0.0,0.0,0.0,17.3,0
0.164776032142,0.000429028512365,-0.0603285549137,0.0,0.0,0.0,17.321,0
0.164788946589,0.000480609230382,-0.0602963350204,0.0,0.0,0.0,17.341,0
0.164801860649,0.000532257963766,-0.0602640510816,0.0,0.0,0.0,17.361,0
0.164814761596,0.000583943402439,-0.0602317373687,0.0,0.0,0.0,17.381,0
0.164827649664,0.000635656073096,-0.0601993932404,0.0,0.0,0.0,17.4,0
0.164840525221,0.000687390701043,-0.0601670176109,0.0,0.0,0.0,17.421,0
0.164853387796,0.000739138146649,-0.0601346118359,0.0,0.0,0.0,17.441,0
0.164866237694,0.000790896582775,-0.0601021750034,0.0,0.0,0.0,17.461,0
0.164879074877,0.000842662966445,-0.0600697071854,0.0,0.0,0.0,17.48,0
0.164891899557,0.000894436912227,-0.0600372077059,0.0,0.0,0.0,17.5,0
0.164893083673,0.000944606431992,-0.0600370168818,0.0,0.0,0.0,17.521,0
0.164843753209,0.000982651832031,-0.0601759169358,0.0,0.0,0.0,17.54,0
0.164767574998,0.00100928847848,-0.060388033132,0.0,0.0,0.0,17.561,0
0.164658384425,0.00104432708551,-0.0606895528202,0.0,0.0,0.0,17.58,0
0.164515667852,0.00109926830324,-0.0610802102485,0.0,0.0,0.0,17.601,0
0.164339909121,0.00115171743802,-0.061555995647,0.0,0.0,0.0,17.621,0
0.164111240695,0.00120504518232,-0.0621674265564,0.0,0.0,0.0,17.64,0
0.163859767436,0.00125983122293,-0.0628316526392,0.0,0.0,0.0,17.66,0
0.163593851332,0.00131383501036,-0.0635250221015,0.0,0.0,0.0,17.681,0
0.163309059065,0.00136807062202,-0.0642577757824,0.0,0.0,0.0,17.7,0
0.163014992298,0.00142265599978,-0.0650042843499,0.0,0.0,0.0,17.72,0
0.162715044306,0.00147701417334,-0.0657555040638,0.0,0.0,0.0,17.741,0
0.162409093882,0.00153147510922,-0.0665115192497,0.0,0.0,0.0,17.761,0
0.162099570124,0.0015859204278,-0.0672662277819,0.0,0.0,0.0,17.78,0
0.161786696808,0.00164023442734,-0.068019087815,0.0,0.0,0.0,17.801,0
0.161470451643,0.0016945612861,-0.0687701705018,0.0,0.0,0.0,17.82,0
0.161151488839,0.0017487856396,-0.0695179711381,0.0,0.0,0.0,17.841,0
0.160832196104,0.00180313668212,-0.0702571022294,0.0,0.0,0.0,17.86,0
0.160512676755,0.00185724737865,-0.070987576428,0.266299372826,-0.034139074813,0.446299595521,17.88,0.000504090941244
0.160334531666,0.00188573089208,-0.0713932097792,0.494250964608,-0.0635523047196,0.834144432813,17.901,0.000940024162295
0.160362296841,0.00188828503704,-0.0713358755746,0.461568834578,-0.0595430522423,0.778365086852,17.921,0.000877407532291
0.16046276715,0.00187853459092,-0.0711147230133,0.336560993277,-0.0434911839374,0.565535196087,17.941,0.000638244935924
0.160506103613,0.00187687134851,-0.0710208519309,0.283210557722,-0.0366740431427,0.475181407778,17.96,0.000536541623977
0.160480802247,0.00189318364602,-0.0710818626065,0.317574420901,-0.041409085423,0.533459574632,17.98,0.000602138204859
0.160467566987,0.00190683139783,-0.071115515854,0.336459283255,-0.0441475370866,0.565572336979,18.001,0.00063826325049
0.160472546062,0.00192093538861,-0.0711078480641,0.332200945064,-0.0439262484842,0.558402036954,18.021,0.000630202981694
0.160482555737,0.00193290551241,-0.0710887346192,0.321454022771,-0.0427995617776,0.540218434148,18.041,0.000609748963176
0.160494786972,0.00194581541833,-0.0710643501458,0.307821846891,-0.0412930506162,0.517144201397,18.061,0.000583790838749
0.160497135297,0.00195922110323,-0.0710625638589,0.306858371743,-0.0414541133721,0.515565135784,18.08,0.000582017473647
0.160492068041,0.00197334924869,-0.0710776089129,0.315360728696,-0.0428949390438,0.530045009477,18.101,0.000598315902585
0.160487819794,0.00198765204415,-0.071090905952,0.322874558473,-0.0442223199438,0.54285863256,18.12,0.000612737142002
0.160495157604,0.00199828795743,-0.0710775895581,0.315379999437,-0.0434489419254,0.530189817869,18.141,0.000598483840588
0.160509086105,0.00201106031161,-0.0710492470102,0.299563018235,-0.0415735888813,0.503403307033,18.16,0.000568345063268
0.16050643277,0.00202339221747,-0.0710586996423,0.304888323866,-0.0425643081445,0.51248938612,18.182,0.000578573959668
0.160495123601,0.00203649130617,-0.0710879657551,0.321317480035,-0.0451131217269,0.540437066139,18.2,0.000610024626162
0.160497056749,0.00204879622634,-0.0710870472033,0.320828973024,-0.0453227443447,0.539663756058,18.221,0.000609157759194
0.160507526248,0.00205891532051,-0.0710665563261,0.309323090173,-0.0439448820291,0.520177790818,18.24,0.000587232640086
0.160497780802,0.00206924290472,-0.0710924978969,0.323745388484,-0.0461934714208,0.544737929451,18.261,0.000614862789598
0.160492530901,0.00207885200679,-0.0711079293335,0.332292759919,-0.0476159877433,0.55932797396,18.28,0.000631271864162
0.160489247597,0.00208841502842,-0.0711191732577,0.338455829565,-0.0487112054062,0.569877544002,18.301,0.000643132102159
0.160503659904,0.00209533034757,-0.0710898138828,0.321862753735,-0.0465226940854,0.541720618175,18.32,0.000611453782217
0.160501590645,0.00210160425521,-0.0710980866349,0.326260810311,-0.0472928505787,0.549260714578,18.341,0.000619925449983
0.16048553312,0.00210839979277,-0.0711383231691,0.348516064823,-0.0506261239166,0.587200350497,18.361,0.000662581187232
0.160470627852,0.00211339005176,-0.0711761281465,0.369290277883,-0.0537156314482,0.622679529297,18.381,0.000702445317656
0.160461008579,0.00211484240257,-0.0712017895265,0.383142113137,-0.0557318704989,0.646393718584,18.4,0.000729065718309
0.160450562683,0.00211389041416,-0.0712295050379,0.398004676503,-0.0578261723869,0.671866507624,18.421,0.000757643958339
0.16043960531,0.00211058124367,-0.0712584150853,0.413419741107,-0.0599266688784,0.698316535709,18.44,0.000787301375862
0.16040967782,0.00210317360032,-0.0713303551427,0.452612015771,-0.0652433600186,0.765540544518,18.462,0.000862684203117
0.160391084738,0.00209223956096,-0.0713767800593,0.477392713227,-0.0683705739119,0.80818831776,18.48,0.000910436361079
0.160390540888,0.00207586402602,-0.07138261556,0.479325889455,-0.0681076118594,0.811653164777,18.501,0.000914222671875
0.160399734813,0.00205959467622,-0.0713664503726,0.469022845494,-0.0661629732894,0.794103859253,18.521,0.000894451977882
0.160409991952,0.00204374943775,-0.0713476929943,0.457321376097,-0.0640609862714,0.774153639061,18.541,0.000871992808973
0.160423509191,0.00203058828252,-0.071321228733,0.441480418965,-0.0615007396109,0.74710029074,18.56,0.000841578341486
0.160423530255,0.00201943821877,-0.0713252227653,0.442696441954,-0.0613315933033,0.749300068128,18.581,0.000843975918841
0.160412358626,0.00200998533943,-0.0713547260906,0.458160533562,-0.0631285025416,0.775956511924,18.601,0.000873795472566
0.160413282313,0.00199965131858,-0.0713568357899,0.458340893968,-0.0628326394362,0.776388115006,18.622,0.000874208770596
0.160427678033,0.00199021501217,-0.0713282672003,0.441503476858,-0.0602983415805,0.747600693958,18.641,0.000841872654919
0.160428260238,0.00198036252402,-0.0713309395719,0.442050079058,-0.0600765196593,0.748650310977,18.661,0.000842984891821
0.160417099223,0.00197235277305,-0.0713603738288,0.457543681725,-0.0618832674799,0.775369478387,18.681,0.000872871522913
0.160422333068,0.00196482251993,-0.0713525512997,0.452336058505,-0.0609672369708,0.766537794285,18.701,0.000862914366202
0.160431689874,0.00195547471827,-0.0713353028185,0.441824078246,-0.0593051498409,0.748597384867,18.72,0.000842744420776
0.160421648058,0.00194750297055,-0.071362208456,0.455913648968,-0.0609049081274,0.772914871042,18.74,0.000869934478665
0.160418131957,0.00194186260872,-0.0713743861537,0.461885151136,-0.0615090948478,0.783297551602,18.761,0.000881510537002
0.16042696216,0.00193196621579,-0.0713583253942,0.452023170809,-0.0599252883559,0.76645887564,18.781,0.000862580244705
0.160436282897,0.00192377941601,-0.071341121808,0.441593007351,-0.0583317797087,0.748646736904,18.8,0.000842563410713
0.160426712906,0.00191693206694,-0.0713670912958,0.455188379122,-0.0598742888151,0.772130619601,18.821,0.000868814837618
0.160425723718,0.00191081295002,-0.0713734133335,0.457906018381,-0.060035416709,0.776918467529,18.84,0.000874121949551
0.160436929585,0.00190472013168,-0.0713522185955,0.445301107136,-0.0582414256919,0.75536075927,18.861,0.000849918039813
0.160449310348,0.00189882759876,-0.0713281916435,0.431147087449,-0.0562635867009,0.731146929444,18.88,0.000822737339532
0.160451513154,0.00189488161209,-0.0713272457494,0.429910218623,-0.0559940684383,0.729127351946,18.901,0.000820427915889
0.160444567264,0.00189181882261,-0.0713469225961,0.440199610869,-0.0572142322827,0.746912951176,18.92,0.000840309543528
0.160433684093,0.00188796608062,-0.0713756005174,0.455449867925,-0.0590316664521,0.773252894256,18.941,0.000869761816215
0.160429362457,0.00188254021948,-0.0713893494625,0.462342448953,-0.059735083847,0.785228787062,18.961,0.000883118254964
0.160438633114,0.0018771242069,-0.0713723304879,0.452123809249,-0.0582838516143,0.767748963742,18.981,0.000863494320549
0.160447147601,0.00187048236903,-0.0713569197109,0.442767460064,-0.0569090309537,0.751756398538,19.001,0.000845532101654
0.160444672591,0.00186663444786,-0.0713664849355,0.447395682,-0.0573758437995,0.759826730721,19.021,0.00085452225512
0.160434536963,0.00186171832225,-0.0713936017288,0.461714561718,-0.0590151138353,0.784597516982,19.041,0.000882200973876
0.160442413382,0.00185774045787,-0.0713796396901,0.453266546573,-0.0578428020969,0.770153596764,19.061,0.0008659849742
0.160581218473,0.00186054062753,-0.071071971811,0.280844824922,-0.0362390681775,0.474823172706,19.08,0.000534794940821
0.160740916246,0.00186388707538,-0.070714377188,0.0796180152097,-0.0104073299569,0.133798701559,19.101,0.000151005277836
0.160808036416,0.001896747374,-0.0705654782797,0.0,0.0,0.0,19.121,0
0.160835213922,0.00194268914377,-0.0705061202512,0.0,0.0,0.0,19.141,0
0.160844648278,0.00199680073324,-0.0704868875814,0.0,0.0,0.0,19.161,0
0.160998332999,0.00205722040975,-0.0701387737636,0.0,0.0,0.0,19.18,0
0.161289294947,0.00211086642972,-0.0694702963655,0.0,0.0,0.0,19.2,0
0.161596594185,0.00216566691995,-0.0687557626062,0.0,0.0,0.0,19.22,0
0.161971224544,0.00222215353623,-0.0678719794267,0.0,0.0,0.0,19.241,0
0.162383132226,0.00227601555228,-0.0668837436576,0.0,0.0,0.0,19.26,0
0.162790028251,0.00232988411479,-0.0658904449878,0.0,0.0,0.0,19.281,0
0.163191914527,0.00238367149821,-0.0648919344488,0.0,0.0,0.0,19.3,0
0.163588679865,0.00243747875388,-0.0638883433777,0.0,0.0,0.0,19.32,0
0.16397402757,0.00249090722947,-0.0628959188184,0.0,0.0,0.0,19.34,0
0.164349659926,0.00254465039038,-0.0619109465964,0.0,0.0,0.0,19.36,0
0.164699748509,0.00259695680188,-0.0609766098469,0.0,0.0,0.0,19.381,0
0.165000762867,0.00264884344967,-0.0601603645726,0.0,0.0,0.0,19.4,0
0.165274722955,0.00270254097492,-0.0594067428238,0.0,0.0,0.0,19.421,0
0.165516025587,0.00275404842407,-0.0587340540436,0.0,0.0,0.0,19.44,0
0.165709380472,0.00280661461376,-0.0581892925304,0.0,0.0,0.0,19.461,0
0.165887482812,0.00286029982772,-0.0576826352662,0.0,0.0,0.0,19.481,0
0.166054047209,0.00291329536185,-0.0572043222187,0.0,0.0,0.0,19.501,0
0.166194889199,0.00296594395208,-0.0567967274589,0.0,0.0,0.0,19.52,0
0.166320917968,0.0030196906372,-0.0564295352768,0.0,0.0,0.0,19.541,0
0.166381611759,0.00306320011768,-0.05625213694,0.0,0.0,0.0,19.56,0
0.166388337237,0.00311679147314,-0.0562333136475,0.0,0.0,0.0,19.581,0
0.166400658843,0.00316808700501,-0.0561974664796,0.0,0.0,0.0,19.601,0
0.166413156907,0.003219665458,-0.0561610191023,0.0,0.0,0.0,19.621,0
0.166425635553,0.00327121544223,-0.0561245549505,0.0,0.0,0.0,19.64,0
0.166438099382,0.00332275909415,-0.0560880597131,0.0,0.0,0.0,19.661,0
